rider_id,city,signup_date,rider_type
R000001,Metroville,2021-03-18,Power
R000002,Capital City,2022-09-09,Occasional
R000003,Metroville,2022-12-07,Regular
R000004,Metroville,2022-03-26,Power
R000005,Capital City,2022-04-26,New
R000006,Metroville,2022-05-18,Power
R000007,Capital City,2022-08-12,Regular
R000008,Metroville,2022-09-19,Regular
R000009,Metroville,2021-02-08,Occasional
R000010,Metroville,2021-06-22,Regular
R000011,Capital City,2022-10-04,Regular
R000012,Metroville,2021-05-07,Regular
R000013,Metroville,2021-10-26,New
R000014,Metroville,2022-11-30,Occasional
R000015,Metroville,2022-12-02,Regular
R000016,Capital City,2022-09-28,Regular
R000017,Metroville,2022-05-23,Power
R000018,Capital City,2022-05-08,Power
R000019,Metroville,2021-08-02,Regular
R000020,Capital City,2021-04-25,Occasional
R000021,Metroville,2022-12-05,Occasional
R000022,Metroville,2021-06-06,Power
R000023,Metroville,2022-06-12,Occasional
R000024,Metroville,2021-03-07,Occasional
R000025,Metroville,2021-01-13,Regular
R000026,Capital City,2021-06-22,New
R000027,Capital City,2021-10-29,Power
R000028,Metroville,2022-05-21,Power
R000029,Metroville,2021-09-29,Regular
R000030,Metroville,2021-05-08,Regular
R000031,Metroville,2022-03-23,Regular
R000032,Capital City,2022-12-26,Regular
R000033,Metroville,2022-07-22,Occasional
R000034,Metroville,2021-01-17,Power
R000035,Metroville,2021-10-26,Power
R000036,Capital City,2022-01-18,Regular
R000037,Metroville,2022-03-23,Power
R000038,Capital City,2022-07-26,New
R000039,Capital City,2022-05-26,Regular
R000040,Metroville,2022-01-22,Regular
R000041,Capital City,2022-09-19,Occasional
R000042,Metroville,2022-09-29,Regular
R000043,Metroville,2021-12-08,Regular
R000044,Capital City,2022-09-24,Occasional
R000045,Capital City,2021-12-30,Occasional
R000046,Metroville,2022-01-14,New
R000047,Capital City,2021-04-23,Occasional
R000048,Capital City,2022-04-06,Occasional
R000049,Metroville,2022-11-18,Occasional
R000050,Metroville,2021-09-18,Regular
R000051,Metroville,2021-07-01,Occasional
R000052,Metroville,2022-08-27,Occasional
R000053,Capital City,2021-12-10,Regular
R000054,Metroville,2022-10-13,New
R000055,Metroville,2021-06-15,Regular
R000056,Metroville,2022-03-07,Regular
R000057,Capital City,2021-03-29,Power
R000058,Capital City,2021-04-08,Power
R000059,Capital City,2021-12-27,Regular
R000060,Capital City,2021-05-20,Occasional
R000061,Capital City,2022-06-19,Power
R000062,Metroville,2021-01-10,Regular
R000063,Metroville,2022-10-22,Occasional
R000064,Capital City,2022-11-16,Power
R000065,Metroville,2021-02-23,Occasional
R000066,Metroville,2022-05-13,Regular
R000067,Metroville,2022-03-11,Regular
R000068,Capital City,2022-10-12,Regular
R000069,Metroville,2022-05-08,New
R000070,Metroville,2022-09-20,Power
R000071,Capital City,2021-12-08,Regular
R000072,Metroville,2022-03-23,Regular
R000073,Metroville,2021-09-24,Regular
R000074,Capital City,2021-03-22,Occasional
R000075,Metroville,2021-12-24,Regular
R000076,Capital City,2022-07-19,Regular
R000077,Metroville,2021-12-18,Occasional
R000078,Capital City,2022-01-03,Regular
R000079,Capital City,2022-06-01,New
R000080,Metroville,2021-02-14,New
R000081,Metroville,2022-04-03,Occasional
R000082,Capital City,2021-01-13,Occasional
R000083,Metroville,2021-02-01,Power
R000084,Metroville,2021-03-09,Regular
R000085,Metroville,2022-10-20,Occasional
R000086,Capital City,2021-04-18,Regular
R000087,Metroville,2021-03-22,Regular
R000088,Capital City,2022-07-10,Regular
R000089,Capital City,2021-07-04,Regular
R000090,Capital City,2022-04-26,Regular
R000091,Metroville,2022-07-18,Regular
R000092,Capital City,2021-09-15,Power
R000093,Metroville,2021-12-09,Occasional
R000094,Capital City,2022-03-31,Occasional
R000095,Metroville,2021-03-17,Regular
R000096,Metroville,2021-01-27,Power
R000097,Capital City,2021-06-10,Occasional
R000098,Metroville,2022-05-22,Regular
R000099,Capital City,2021-01-30,Power
R000100,Capital City,2022-02-03,New
R000101,Capital City,2022-11-05,Regular
R000102,Metroville,2022-05-12,Power
R000103,Capital City,2022-11-30,Regular
R000104,Metroville,2022-02-12,Occasional
R000105,Metroville,2021-11-17,Regular
R000106,Metroville,2022-04-02,Occasional
R000107,Capital City,2022-10-26,Regular
R000108,Capital City,2022-05-30,Regular
R000109,Metroville,2021-05-31,New
R000110,Capital City,2022-02-13,Power
R000111,Capital City,2022-05-29,Occasional
R000112,Metroville,2021-03-01,Regular
R000113,Metroville,2021-08-08,Regular
R000114,Capital City,2021-11-22,Regular
R000115,Capital City,2021-03-14,Occasional
R000116,Capital City,2021-09-19,Occasional
R000117,Metroville,2022-08-08,Occasional
R000118,Metroville,2022-04-05,New
R000119,Metroville,2022-08-12,Regular
R000120,Capital City,2022-04-24,Regular
R000121,Capital City,2021-06-06,Power
R000122,Capital City,2021-06-29,Regular
R000123,Metroville,2022-04-07,Power
R000124,Metroville,2021-05-13,Power
R000125,Capital City,2021-10-20,Power
R000126,Metroville,2021-05-14,Regular
R000127,Capital City,2021-11-19,Regular
R000128,Metroville,2021-12-27,Occasional
R000129,Capital City,2022-05-22,Occasional
R000130,Metroville,2022-08-13,Regular
R000131,Capital City,2021-07-29,Power
R000132,Metroville,2021-08-14,Occasional
R000133,Capital City,2022-09-30,New
R000134,Capital City,2022-11-14,New
R000135,Metroville,2022-09-11,Regular
R000136,Capital City,2022-07-29,Power
R000137,Capital City,2021-03-30,Power
R000138,Metroville,2022-07-22,Occasional
R000139,Capital City,2021-02-04,Occasional
R000140,Capital City,2021-10-26,New
R000141,Capital City,2021-05-01,Regular
R000142,Metroville,2022-10-28,Regular
R000143,Metroville,2021-12-03,Regular
R000144,Metroville,2021-12-07,Occasional
R000145,Metroville,2021-05-01,Occasional
R000146,Metroville,2021-09-09,Regular
R000147,Capital City,2021-07-09,Regular
R000148,Metroville,2022-04-19,Occasional
R000149,Capital City,2021-06-14,Regular
R000150,Capital City,2022-12-21,Regular
R000151,Metroville,2021-02-04,Occasional
R000152,Metroville,2022-09-06,Occasional
R000153,Capital City,2021-02-02,Power
R000154,Metroville,2021-07-01,Regular
R000155,Capital City,2022-04-03,Regular
R000156,Metroville,2021-03-16,Regular
R000157,Metroville,2022-01-18,Power
R000158,Capital City,2022-09-09,Occasional
R000159,Metroville,2022-03-07,Regular
R000160,Metroville,2021-10-13,Regular
R000161,Metroville,2022-07-24,New
R000162,Capital City,2021-09-24,Regular
R000163,Capital City,2022-12-29,New
R000164,Metroville,2022-04-07,Occasional
R000165,Metroville,2021-08-07,Regular
R000166,Metroville,2022-07-03,New
R000167,Metroville,2021-07-31,Regular
R000168,Metroville,2022-09-15,Regular
R000169,Capital City,2021-04-01,New
R000170,Metroville,2022-03-02,Regular
R000171,Metroville,2021-03-18,Occasional
R000172,Metroville,2021-07-31,Occasional
R000173,Metroville,2021-04-18,Occasional
R000174,Capital City,2022-06-12,Regular
R000175,Metroville,2022-07-29,Occasional
R000176,Metroville,2021-12-15,Power
R000177,Capital City,2022-07-20,Regular
R000178,Metroville,2021-06-28,Occasional
R000179,Metroville,2021-07-07,Occasional
R000180,Capital City,2023-01-01,Occasional
R000181,Metroville,2021-04-28,Occasional
R000182,Metroville,2022-02-04,Occasional
R000183,Capital City,2021-08-19,Regular
R000184,Capital City,2022-12-13,Power
R000185,Metroville,2022-09-09,Regular
R000186,Metroville,2021-12-26,Regular
R000187,Metroville,2022-02-21,Occasional
R000188,Metroville,2022-05-01,Regular
R000189,Capital City,2022-11-03,Regular
R000190,Capital City,2022-04-30,Regular
R000191,Metroville,2021-05-31,Occasional
R000192,Capital City,2022-10-13,Power
R000193,Capital City,2022-10-06,Power
R000194,Metroville,2021-08-22,Regular
R000195,Capital City,2022-10-23,Power
R000196,Capital City,2021-07-05,Occasional
R000197,Metroville,2022-08-26,New
R000198,Metroville,2022-08-23,Power
R000199,Capital City,2021-02-25,Occasional
R000200,Capital City,2021-09-02,New
R000201,Metroville,2021-06-18,Power
R000202,Metroville,2022-07-16,Power
R000203,Metroville,2022-04-05,Power
R000204,Metroville,2021-07-10,Regular
R000205,Capital City,2021-04-20,Regular
R000206,Metroville,2021-10-25,Power
R000207,Capital City,2022-05-30,Occasional
R000208,Capital City,2021-06-28,Occasional
R000209,Metroville,2021-01-25,Regular
R000210,Capital City,2022-06-10,New
R000211,Capital City,2021-01-01,New
R000212,Metroville,2022-02-16,Occasional
R000213,Metroville,2021-11-19,Occasional
R000214,Metroville,2021-02-13,Power
R000215,Metroville,2021-03-07,Regular
R000216,Metroville,2021-12-15,New
R000217,Capital City,2021-10-10,Regular
R000218,Metroville,2021-07-21,New
R000219,Metroville,2021-09-26,Power
R000220,Capital City,2022-08-31,Regular
R000221,Metroville,2022-04-23,Power
R000222,Metroville,2022-05-16,Regular
R000223,Capital City,2022-10-28,Power
R000224,Capital City,2022-01-20,New
R000225,Metroville,2022-12-11,Regular
R000226,Capital City,2021-05-09,Occasional
R000227,Metroville,2021-06-13,Power
R000228,Metroville,2022-05-11,Occasional
R000229,Metroville,2021-05-09,Occasional
R000230,Metroville,2022-05-21,Regular
R000231,Metroville,2022-12-25,Occasional
R000232,Capital City,2022-10-21,Occasional
R000233,Capital City,2021-01-07,Regular
R000234,Metroville,2021-03-26,Power
R000235,Metroville,2022-11-02,Power
R000236,Metroville,2022-05-12,Power
R000237,Metroville,2022-10-24,Power
R000238,Metroville,2022-11-30,Power
R000239,Metroville,2022-01-28,Occasional
R000240,Capital City,2022-10-21,Occasional
R000241,Capital City,2021-07-24,Occasional
R000242,Metroville,2022-05-03,Occasional
R000243,Metroville,2022-03-22,Power
R000244,Metroville,2021-02-15,Regular
R000245,Capital City,2021-08-22,Power
R000246,Metroville,2022-05-27,Occasional
R000247,Metroville,2021-06-28,Regular
R000248,Metroville,2022-08-19,Regular
R000249,Metroville,2021-05-27,Regular
R000250,Capital City,2021-05-21,Power
R000251,Capital City,2021-09-04,Occasional
R000252,Metroville,2022-04-28,Power
R000253,Capital City,2021-09-04,Regular
R000254,Capital City,2021-11-11,Power
R000255,Capital City,2022-06-21,New
R000256,Capital City,2022-09-27,Occasional
R000257,Capital City,2022-09-24,Power
R000258,Metroville,2021-02-26,Regular
R000259,Metroville,2021-10-17,Power
R000260,Capital City,2022-01-04,Regular
R000261,Metroville,2021-10-25,Regular
R000262,Capital City,2021-11-07,Power
R000263,Capital City,2021-09-10,Occasional
R000264,Metroville,2022-11-07,Regular
R000265,Metroville,2021-02-11,Power
R000266,Capital City,2021-03-03,Power
R000267,Capital City,2021-03-11,Occasional
R000268,Capital City,2022-09-23,Power
R000269,Capital City,2022-10-31,Regular
R000270,Metroville,2021-11-15,Regular
R000271,Capital City,2022-01-19,Occasional
R000272,Metroville,2022-09-12,Occasional
R000273,Capital City,2022-04-22,Regular
R000274,Metroville,2022-06-19,Occasional
R000275,Metroville,2022-06-21,New
R000276,Metroville,2021-07-01,Power
R000277,Metroville,2021-09-29,Occasional
R000278,Capital City,2022-08-11,Occasional
R000279,Metroville,2021-10-26,Regular
R000280,Capital City,2022-06-28,Occasional
R000281,Capital City,2022-03-22,Regular
R000282,Metroville,2021-09-15,Regular
R000283,Metroville,2022-04-21,Occasional
R000284,Metroville,2022-10-16,Occasional
R000285,Capital City,2021-10-05,Regular
R000286,Metroville,2021-06-17,New
R000287,Metroville,2022-09-23,Occasional
R000288,Capital City,2022-11-11,Power
R000289,Metroville,2021-03-05,Power
R000290,Metroville,2021-06-27,Regular
R000291,Metroville,2022-12-17,Power
R000292,Metroville,2022-09-28,Regular
R000293,Capital City,2022-05-04,Regular
R000294,Metroville,2022-07-15,Regular
R000295,Metroville,2021-11-11,Regular
R000296,Metroville,2021-08-22,Occasional
R000297,Metroville,2021-08-27,Regular
R000298,Capital City,2022-05-28,Occasional
R000299,Capital City,2021-11-17,Regular
R000300,Metroville,2022-11-02,Regular
R000301,Metroville,2022-07-17,Regular
R000302,Metroville,2021-12-09,Regular
R000303,Metroville,2022-12-30,Occasional
R000304,Metroville,2021-11-28,Regular
R000305,Metroville,2022-04-05,Occasional
R000306,Metroville,2021-09-23,New
R000307,Capital City,2022-03-15,Regular
R000308,Capital City,2021-10-25,Power
R000309,Metroville,2021-01-18,Regular
R000310,Capital City,2021-06-11,New
R000311,Metroville,2021-02-23,Regular
R000312,Metroville,2021-08-21,Occasional
R000313,Capital City,2022-07-27,Regular
R000314,Metroville,2022-06-21,New
R000315,Metroville,2022-03-04,Regular
R000316,Capital City,2022-05-24,Power
R000317,Metroville,2022-11-03,Occasional
R000318,Metroville,2021-05-18,Occasional
R000319,Metroville,2021-06-25,Regular
R000320,Metroville,2022-10-31,Regular
R000321,Metroville,2022-02-14,Regular
R000322,Metroville,2022-11-04,Regular
R000323,Metroville,2022-11-11,Power
R000324,Metroville,2021-05-13,Occasional
R000325,Capital City,2021-08-31,Occasional
R000326,Metroville,2021-08-05,Occasional
R000327,Metroville,2021-07-07,New
R000328,Metroville,2022-07-24,Regular
R000329,Metroville,2022-11-04,Regular
R000330,Capital City,2021-07-30,Occasional
R000331,Metroville,2022-10-11,Power
R000332,Capital City,2022-06-25,Regular
R000333,Metroville,2022-10-23,Regular
R000334,Metroville,2021-05-02,Regular
R000335,Metroville,2022-10-24,Regular
R000336,Metroville,2021-02-09,Power
R000337,Metroville,2022-05-06,Occasional
R000338,Metroville,2021-11-14,Power
R000339,Metroville,2022-09-01,Regular
R000340,Capital City,2021-05-28,Power
R000341,Capital City,2022-04-24,Regular
R000342,Metroville,2021-05-19,Occasional
R000343,Capital City,2021-05-03,Occasional
R000344,Metroville,2022-11-22,Regular
R000345,Capital City,2021-04-07,Regular
R000346,Metroville,2022-10-10,Occasional
R000347,Metroville,2021-10-29,Regular
R000348,Metroville,2021-02-27,Occasional
R000349,Metroville,2021-05-14,Occasional
R000350,Metroville,2021-06-02,Occasional
R000351,Metroville,2021-07-15,Regular
R000352,Metroville,2022-02-12,Regular
R000353,Metroville,2022-04-09,Power
R000354,Metroville,2022-06-06,Power
R000355,Metroville,2021-02-15,Occasional
R000356,Capital City,2022-02-14,Occasional
R000357,Metroville,2022-05-02,Occasional
R000358,Metroville,2022-04-05,Power
R000359,Capital City,2021-11-22,Power
R000360,Metroville,2022-08-20,New
R000361,Capital City,2021-02-13,Regular
R000362,Metroville,2021-03-12,New
R000363,Metroville,2022-02-28,Power
R000364,Metroville,2021-09-20,New
R000365,Metroville,2022-02-12,Regular
R000366,Metroville,2022-10-19,Power
R000367,Capital City,2022-12-23,Occasional
R000368,Metroville,2021-09-19,Power
R000369,Metroville,2021-04-05,Power
R000370,Metroville,2021-06-04,Regular
R000371,Metroville,2022-09-21,Regular
R000372,Capital City,2022-10-18,Occasional
R000373,Metroville,2021-06-30,Power
R000374,Metroville,2022-05-28,Occasional
R000375,Capital City,2021-08-01,Occasional
R000376,Metroville,2022-04-05,Power
R000377,Capital City,2022-08-19,Regular
R000378,Metroville,2022-01-09,New
R000379,Capital City,2022-10-23,Occasional
R000380,Capital City,2022-04-26,New
R000381,Metroville,2021-12-19,Regular
R000382,Metroville,2022-03-16,New
R000383,Metroville,2022-07-24,Occasional
R000384,Capital City,2021-10-10,Power
R000385,Metroville,2021-06-24,Power
R000386,Metroville,2021-01-11,Power
R000387,Metroville,2022-02-26,Regular
R000388,Capital City,2021-04-15,Regular
R000389,Metroville,2021-03-03,New
R000390,Capital City,2021-07-09,Occasional
R000391,Capital City,2022-12-24,Occasional
R000392,Metroville,2021-02-17,Regular
R000393,Metroville,2021-06-13,Power
R000394,Metroville,2022-03-01,Occasional
R000395,Metroville,2021-02-21,Power
R000396,Metroville,2022-09-17,Occasional
R000397,Metroville,2022-08-17,Occasional
R000398,Metroville,2022-04-06,Power
R000399,Capital City,2022-09-05,Occasional
R000400,Capital City,2022-09-14,Power
R000401,Capital City,2021-06-14,Regular
R000402,Metroville,2022-07-26,Occasional
R000403,Metroville,2022-03-29,New
R000404,Capital City,2022-03-19,Power
R000405,Metroville,2021-04-22,Regular
R000406,Capital City,2022-05-31,Power
R000407,Metroville,2022-01-15,Power
R000408,Capital City,2022-06-07,Occasional
R000409,Metroville,2021-01-28,Regular
R000410,Metroville,2021-03-23,Regular
R000411,Capital City,2022-04-06,Regular
R000412,Metroville,2021-08-02,Regular
R000413,Metroville,2021-08-19,Power
R000414,Metroville,2022-04-19,Regular
R000415,Capital City,2022-11-10,Occasional
R000416,Metroville,2022-09-29,Occasional
R000417,Metroville,2021-03-23,Regular
R000418,Metroville,2021-10-25,Occasional
R000419,Capital City,2022-03-24,Regular
R000420,Metroville,2022-11-17,Occasional
R000421,Metroville,2022-12-29,Occasional
R000422,Metroville,2022-01-25,Power
R000423,Metroville,2022-08-21,Occasional
R000424,Metroville,2021-03-20,Power
R000425,Metroville,2022-04-08,Occasional
R000426,Metroville,2022-07-20,New
R000427,Metroville,2021-10-06,Power
R000428,Metroville,2021-06-16,Regular
R000429,Metroville,2021-01-09,Occasional
R000430,Metroville,2021-10-21,Regular
R000431,Capital City,2021-06-06,Occasional
R000432,Metroville,2022-12-23,Occasional
R000433,Metroville,2022-09-09,Occasional
R000434,Metroville,2022-10-16,Regular
R000435,Capital City,2021-01-24,Power
R000436,Metroville,2022-08-02,Regular
R000437,Capital City,2021-06-22,Occasional
R000438,Metroville,2022-11-26,Regular
R000439,Capital City,2021-12-19,Occasional
R000440,Metroville,2021-05-15,Regular
R000441,Metroville,2021-06-15,Occasional
R000442,Metroville,2022-08-03,Regular
R000443,Capital City,2021-10-18,Regular
R000444,Capital City,2022-08-24,Regular
R000445,Metroville,2022-11-20,Regular
R000446,Capital City,2022-02-20,Power
R000447,Capital City,2021-12-24,Regular
R000448,Capital City,2022-11-22,Regular
R000449,Metroville,2021-12-31,Power
R000450,Metroville,2022-05-31,Regular
R000451,Metroville,2021-02-02,Regular
R000452,Metroville,2022-04-21,Occasional
R000453,Metroville,2021-02-18,Power
R000454,Capital City,2022-09-18,Regular
R000455,Metroville,2022-01-04,Regular
R000456,Metroville,2021-06-07,Regular
R000457,Capital City,2021-11-11,Occasional
R000458,Metroville,2021-04-06,Occasional
R000459,Metroville,2022-07-27,Power
R000460,Capital City,2022-05-04,Regular
R000461,Capital City,2022-07-19,Occasional
R000462,Capital City,2022-07-04,New
R000463,Metroville,2021-11-05,Regular
R000464,Metroville,2022-12-07,Occasional
R000465,Capital City,2022-07-02,Regular
R000466,Metroville,2022-01-26,Power
R000467,Capital City,2021-11-06,Occasional
R000468,Metroville,2021-02-15,Regular
R000469,Metroville,2022-04-22,Power
R000470,Metroville,2022-04-03,Occasional
R000471,Metroville,2022-07-22,Occasional
R000472,Capital City,2021-01-13,Power
R000473,Metroville,2022-09-13,Regular
R000474,Metroville,2021-12-06,Power
R000475,Capital City,2022-11-23,Occasional
R000476,Capital City,2021-09-07,Occasional
R000477,Metroville,2022-05-19,Power
R000478,Metroville,2022-06-11,Regular
R000479,Metroville,2021-09-17,Regular
R000480,Metroville,2022-01-08,New
R000481,Metroville,2022-02-23,Occasional
R000482,Metroville,2022-05-13,Regular
R000483,Metroville,2022-05-18,Regular
R000484,Capital City,2022-12-08,Regular
R000485,Metroville,2021-02-25,Occasional
R000486,Capital City,2022-06-18,Power
R000487,Capital City,2021-11-19,Regular
R000488,Metroville,2022-01-30,Regular
R000489,Metroville,2022-03-22,Regular
R000490,Metroville,2022-10-22,Occasional
R000491,Metroville,2022-03-22,New
R000492,Metroville,2022-01-07,Regular
R000493,Capital City,2021-03-16,Occasional
R000494,Capital City,2021-07-29,Occasional
R000495,Metroville,2021-11-18,Power
R000496,Capital City,2021-02-05,Occasional
R000497,Metroville,2021-07-01,Occasional
R000498,Metroville,2022-01-27,Regular
R000499,Capital City,2022-12-04,Regular
R000500,Capital City,2022-09-05,Occasional
R000501,Metroville,2022-04-09,Occasional
R000502,Capital City,2022-07-03,New
R000503,Capital City,2021-05-17,Occasional
R000504,Capital City,2022-04-05,Power
R000505,Metroville,2022-11-23,Occasional
R000506,Metroville,2022-09-12,Power
R000507,Capital City,2021-05-01,Regular
R000508,Capital City,2021-10-14,Power
R000509,Metroville,2022-01-13,Occasional
R000510,Capital City,2022-02-14,Regular
R000511,Capital City,2021-10-12,Regular
R000512,Capital City,2021-04-21,Power
R000513,Capital City,2021-07-27,Occasional
R000514,Capital City,2022-09-05,Power
R000515,Metroville,2021-12-03,Power
R000516,Metroville,2021-05-21,Occasional
R000517,Metroville,2022-06-21,Regular
R000518,Metroville,2022-04-16,Occasional
R000519,Metroville,2022-11-17,New
R000520,Metroville,2021-01-06,Regular
R000521,Metroville,2021-10-12,New
R000522,Metroville,2022-12-31,Occasional
R000523,Capital City,2021-07-18,Occasional
R000524,Metroville,2021-06-29,Regular
R000525,Capital City,2021-01-28,Regular
R000526,Capital City,2021-02-14,Occasional
R000527,Capital City,2022-06-14,New
R000528,Capital City,2021-12-25,Regular
R000529,Capital City,2021-10-17,Occasional
R000530,Metroville,2022-10-22,Occasional
R000531,Capital City,2021-02-20,Power
R000532,Capital City,2022-01-28,Occasional
R000533,Metroville,2021-04-03,New
R000534,Metroville,2022-02-14,Regular
R000535,Metroville,2021-02-21,Regular
R000536,Metroville,2022-08-27,Regular
R000537,Metroville,2022-02-28,Regular
R000538,Capital City,2021-07-31,Occasional
R000539,Metroville,2022-02-19,Occasional
R000540,Metroville,2021-02-18,Power
R000541,Capital City,2021-11-09,Regular
R000542,Metroville,2022-02-01,Power
R000543,Capital City,2021-11-15,Occasional
R000544,Capital City,2021-01-18,Regular
R000545,Capital City,2022-03-05,Regular
R000546,Capital City,2021-06-13,Occasional
R000547,Capital City,2022-08-24,Occasional
R000548,Metroville,2022-06-19,Regular
R000549,Metroville,2021-10-28,Regular
R000550,Capital City,2021-02-20,Regular
R000551,Metroville,2021-12-09,Power
R000552,Capital City,2021-02-07,Power
R000553,Capital City,2022-07-07,Regular
R000554,Metroville,2021-04-11,New
R000555,Capital City,2021-05-29,Regular
R000556,Capital City,2022-02-27,Regular
R000557,Metroville,2021-11-12,Occasional
R000558,Metroville,2021-06-19,Occasional
R000559,Metroville,2023-01-01,Power
R000560,Metroville,2022-02-24,Regular
R000561,Capital City,2022-03-14,Power
R000562,Capital City,2022-05-31,Power
R000563,Capital City,2021-10-18,Occasional
R000564,Metroville,2021-05-18,Occasional
R000565,Metroville,2021-04-20,Regular
R000566,Capital City,2021-03-02,Occasional
R000567,Metroville,2022-02-06,Regular
R000568,Capital City,2021-09-12,Regular
R000569,Capital City,2021-10-06,Occasional
R000570,Metroville,2021-10-06,Occasional
R000571,Capital City,2021-02-09,Regular
R000572,Capital City,2022-05-28,Occasional
R000573,Metroville,2021-07-27,Power
R000574,Capital City,2021-09-04,Occasional
R000575,Capital City,2022-07-12,Power
R000576,Capital City,2021-02-26,Power
R000577,Capital City,2022-10-07,Occasional
R000578,Capital City,2022-03-17,New
R000579,Metroville,2021-07-23,Power
R000580,Capital City,2021-02-21,Regular
R000581,Capital City,2021-03-24,Regular
R000582,Metroville,2021-04-07,New
R000583,Metroville,2022-01-23,Power
R000584,Capital City,2022-09-28,Occasional
R000585,Metroville,2022-05-06,Regular
R000586,Capital City,2021-02-12,Power
R000587,Capital City,2022-02-18,Regular
R000588,Capital City,2022-05-16,Occasional
R000589,Capital City,2022-06-12,Regular
R000590,Capital City,2022-08-04,Occasional
R000591,Capital City,2022-12-07,Regular
R000592,Capital City,2022-11-15,Power
R000593,Metroville,2022-04-26,Power
R000594,Capital City,2021-09-02,Regular
R000595,Metroville,2021-04-16,New
R000596,Metroville,2022-10-19,Occasional
R000597,Metroville,2021-09-22,Occasional
R000598,Metroville,2021-11-03,Power
R000599,Capital City,2021-03-28,Power
R000600,Capital City,2021-05-22,Regular
R000601,Capital City,2022-06-16,Regular
R000602,Metroville,2021-01-18,Regular
R000603,Metroville,2021-12-04,New
R000604,Capital City,2021-08-13,Occasional
R000605,Metroville,2021-11-18,Power
R000606,Metroville,2022-04-27,Occasional
R000607,Metroville,2022-08-03,New
R000608,Capital City,2021-03-01,Regular
R000609,Metroville,2021-01-27,Occasional
R000610,Capital City,2022-12-27,Regular
R000611,Capital City,2022-09-14,Regular
R000612,Metroville,2021-10-23,Power
R000613,Metroville,2022-05-22,Occasional
R000614,Metroville,2022-07-05,Regular
R000615,Capital City,2021-01-19,Occasional
R000616,Capital City,2021-07-20,Regular
R000617,Metroville,2021-09-13,Regular
R000618,Capital City,2022-11-11,Regular
R000619,Capital City,2021-06-10,Occasional
R000620,Capital City,2022-04-21,Regular
R000621,Capital City,2022-08-30,New
R000622,Capital City,2021-09-21,Power
R000623,Capital City,2022-08-18,Occasional
R000624,Metroville,2021-09-13,Regular
R000625,Capital City,2021-02-17,Occasional
R000626,Capital City,2021-07-07,Occasional
R000627,Metroville,2021-06-08,Regular
R000628,Capital City,2021-05-02,Occasional
R000629,Metroville,2022-02-11,Occasional
R000630,Metroville,2021-10-05,Occasional
R000631,Metroville,2021-04-14,New
R000632,Metroville,2021-08-03,Occasional
R000633,Metroville,2021-10-22,Regular
R000634,Metroville,2021-06-19,Occasional
R000635,Capital City,2021-10-02,Regular
R000636,Capital City,2022-07-23,Power
R000637,Capital City,2021-09-02,Regular
R000638,Metroville,2021-09-28,Regular
R000639,Metroville,2022-04-11,Power
R000640,Metroville,2022-04-23,Occasional
R000641,Capital City,2021-03-20,New
R000642,Metroville,2022-03-24,Regular
R000643,Metroville,2021-07-17,Occasional
R000644,Metroville,2021-08-23,Regular
R000645,Metroville,2021-03-31,Regular
R000646,Metroville,2022-05-02,Regular
R000647,Metroville,2022-03-26,Occasional
R000648,Capital City,2021-10-08,Regular
R000649,Metroville,2022-10-14,Regular
R000650,Capital City,2021-01-01,New
R000651,Metroville,2022-03-15,Power
R000652,Metroville,2022-05-06,Occasional
R000653,Capital City,2022-03-29,Power
R000654,Capital City,2022-01-23,Power
R000655,Metroville,2022-02-08,Power
R000656,Metroville,2021-06-27,Power
R000657,Metroville,2022-10-11,Power
R000658,Metroville,2022-08-13,Occasional
R000659,Metroville,2022-07-31,New
R000660,Metroville,2022-05-10,Regular
R000661,Metroville,2021-12-05,Regular
R000662,Capital City,2021-01-21,Regular
R000663,Capital City,2022-07-29,Regular
R000664,Metroville,2021-01-08,New
R000665,Capital City,2022-05-27,Occasional
R000666,Metroville,2022-10-28,New
R000667,Metroville,2021-11-03,Power
R000668,Capital City,2021-11-10,Occasional
R000669,Metroville,2022-01-28,Occasional
R000670,Metroville,2021-06-25,Regular
R000671,Metroville,2021-09-11,Occasional
R000672,Capital City,2021-11-02,New
R000673,Capital City,2022-10-30,Occasional
R000674,Metroville,2022-06-04,Regular
R000675,Capital City,2021-10-28,Regular
R000676,Capital City,2021-11-29,Occasional
R000677,Metroville,2021-05-13,New
R000678,Metroville,2021-01-19,Power
R000679,Capital City,2022-12-12,Occasional
R000680,Metroville,2021-05-22,Occasional
R000681,Capital City,2021-12-08,Regular
R000682,Capital City,2021-08-31,Occasional
R000683,Capital City,2022-12-26,Regular
R000684,Capital City,2022-01-06,Power
R000685,Metroville,2022-03-02,Regular
R000686,Capital City,2021-11-28,Regular
R000687,Capital City,2021-10-29,Occasional
R000688,Metroville,2021-06-29,Power
R000689,Metroville,2021-06-21,Occasional
R000690,Metroville,2021-04-24,Occasional
R000691,Metroville,2022-05-21,Regular
R000692,Capital City,2021-08-20,Regular
R000693,Capital City,2022-05-22,Regular
R000694,Capital City,2022-03-28,Regular
R000695,Capital City,2021-10-12,Occasional
R000696,Metroville,2021-08-22,Regular
R000697,Metroville,2022-12-03,Occasional
R000698,Metroville,2021-11-29,Power
R000699,Metroville,2022-01-22,Regular
R000700,Capital City,2021-02-16,New
R000701,Metroville,2021-02-05,Regular
R000702,Metroville,2021-11-13,New
R000703,Capital City,2022-07-16,Occasional
R000704,Capital City,2021-09-10,Power
R000705,Metroville,2022-08-24,Power
R000706,Metroville,2021-04-04,Regular
R000707,Metroville,2021-07-04,Regular
R000708,Metroville,2022-12-05,Power
R000709,Metroville,2021-11-24,Regular
R000710,Metroville,2021-05-05,Power
R000711,Metroville,2021-06-03,Occasional
R000712,Metroville,2021-02-22,Regular
R000713,Capital City,2022-12-05,Power
R000714,Metroville,2022-10-08,Power
R000715,Capital City,2021-03-14,Power
R000716,Metroville,2021-10-20,Occasional
R000717,Metroville,2022-08-16,Occasional
R000718,Metroville,2021-09-16,Regular
R000719,Metroville,2022-06-29,New
R000720,Metroville,2022-11-11,Occasional
R000721,Capital City,2022-04-10,Regular
R000722,Capital City,2021-12-09,Occasional
R000723,Capital City,2022-01-31,Regular
R000724,Capital City,2022-05-30,Power
R000725,Capital City,2021-09-23,Occasional
R000726,Metroville,2022-02-01,Occasional
R000727,Capital City,2022-01-21,Occasional
R000728,Metroville,2021-12-09,Power
R000729,Capital City,2022-03-23,Occasional
R000730,Metroville,2021-10-27,Occasional
R000731,Metroville,2022-04-18,Occasional
R000732,Metroville,2022-10-10,Occasional
R000733,Capital City,2021-09-07,Regular
R000734,Capital City,2022-12-13,Occasional
R000735,Capital City,2021-06-28,New
R000736,Metroville,2022-11-09,New
R000737,Capital City,2022-01-08,Occasional
R000738,Metroville,2022-05-17,Occasional
R000739,Capital City,2021-03-07,New
R000740,Capital City,2022-10-23,Occasional
R000741,Capital City,2021-03-05,Regular
R000742,Metroville,2022-11-21,Regular
R000743,Metroville,2022-12-01,Regular
R000744,Metroville,2022-04-23,Occasional
R000745,Metroville,2022-06-11,Occasional
R000746,Metroville,2022-12-12,Regular
R000747,Metroville,2021-04-05,Regular
R000748,Capital City,2022-07-29,Occasional
R000749,Capital City,2022-05-02,Occasional
R000750,Metroville,2022-08-25,Power
R000751,Metroville,2021-09-04,Occasional
R000752,Metroville,2021-02-15,Regular
R000753,Metroville,2022-09-06,Regular
R000754,Metroville,2021-06-03,Occasional
R000755,Capital City,2022-05-23,New
R000756,Capital City,2021-09-12,New
R000757,Capital City,2021-01-15,Regular
R000758,Metroville,2022-04-14,Regular
R000759,Capital City,2021-12-20,Power
R000760,Metroville,2022-07-14,Power
R000761,Metroville,2021-04-21,Power
R000762,Metroville,2021-04-20,Regular
R000763,Metroville,2022-09-06,Regular
R000764,Metroville,2022-07-18,Regular
R000765,Capital City,2022-02-17,Occasional
R000766,Metroville,2022-09-13,Occasional
R000767,Capital City,2021-05-19,Regular
R000768,Metroville,2022-12-06,Regular
R000769,Metroville,2022-02-16,Occasional
R000770,Metroville,2021-05-22,Occasional
R000771,Capital City,2021-02-07,Regular
R000772,Metroville,2021-12-13,Regular
R000773,Capital City,2021-11-21,Occasional
R000774,Capital City,2022-06-12,Occasional
R000775,Metroville,2022-10-16,Occasional
R000776,Capital City,2021-05-05,Occasional
R000777,Capital City,2021-01-24,Power
R000778,Metroville,2021-03-30,Regular
R000779,Capital City,2022-04-28,Occasional
R000780,Capital City,2022-09-19,Power
R000781,Metroville,2021-01-18,Regular
R000782,Capital City,2022-02-27,Regular
R000783,Capital City,2021-01-31,Occasional
R000784,Capital City,2021-04-27,Regular
R000785,Capital City,2022-08-31,Occasional
R000786,Metroville,2021-06-01,Regular
R000787,Capital City,2022-11-20,Power
R000788,Metroville,2022-01-11,Regular
R000789,Metroville,2021-07-05,Occasional
R000790,Capital City,2021-10-20,Occasional
R000791,Metroville,2021-02-23,Regular
R000792,Metroville,2021-12-18,Occasional
R000793,Capital City,2022-10-23,Regular
R000794,Capital City,2021-08-01,Occasional
R000795,Metroville,2021-03-09,New
R000796,Capital City,2022-01-17,Power
R000797,Metroville,2022-12-20,Regular
R000798,Capital City,2021-10-28,Occasional
R000799,Metroville,2021-08-18,Regular
R000800,Metroville,2022-09-15,Power
R000801,Metroville,2021-10-15,Regular
R000802,Metroville,2021-12-27,Regular
R000803,Metroville,2021-03-22,Occasional
R000804,Metroville,2021-09-18,Power
R000805,Metroville,2021-01-07,Occasional
R000806,Capital City,2022-07-29,Occasional
R000807,Metroville,2021-10-13,Regular
R000808,Metroville,2022-07-05,Occasional
R000809,Capital City,2021-07-16,Occasional
R000810,Metroville,2021-03-06,New
R000811,Metroville,2022-03-31,Regular
R000812,Metroville,2021-04-11,Power
R000813,Metroville,2021-06-29,Occasional
R000814,Metroville,2021-08-24,Occasional
R000815,Metroville,2021-09-12,Occasional
R000816,Capital City,2021-10-12,Regular
R000817,Capital City,2021-05-05,New
R000818,Capital City,2022-04-02,Regular
R000819,Metroville,2022-02-05,Regular
R000820,Capital City,2022-04-25,Power
R000821,Metroville,2022-10-05,Power
R000822,Metroville,2022-03-22,Occasional
R000823,Metroville,2021-09-27,New
R000824,Metroville,2022-04-27,Power
R000825,Capital City,2021-09-13,New
R000826,Metroville,2021-05-28,Regular
R000827,Metroville,2021-04-17,Regular
R000828,Metroville,2021-02-16,Power
R000829,Metroville,2021-12-09,Regular
R000830,Metroville,2022-01-22,Occasional
R000831,Capital City,2022-12-03,Occasional
R000832,Capital City,2021-08-13,Occasional
R000833,Capital City,2022-02-03,Power
R000834,Metroville,2022-06-29,Power
R000835,Metroville,2021-08-20,Power
R000836,Metroville,2022-05-29,Power
R000837,Capital City,2022-01-03,Power
R000838,Capital City,2022-04-12,Regular
R000839,Metroville,2022-01-18,Occasional
R000840,Metroville,2022-03-21,Occasional
R000841,Metroville,2021-05-01,Power
R000842,Capital City,2021-01-13,Power
R000843,Metroville,2022-03-25,Power
R000844,Capital City,2021-06-11,Occasional
R000845,Capital City,2022-12-22,New
R000846,Metroville,2021-07-21,Occasional
R000847,Metroville,2022-06-20,Regular
R000848,Metroville,2022-10-06,Regular
R000849,Metroville,2022-04-29,Regular
R000850,Capital City,2021-11-11,Occasional
R000851,Capital City,2021-08-19,Occasional
R000852,Metroville,2021-06-12,Occasional
R000853,Metroville,2022-04-30,Regular
R000854,Capital City,2021-01-24,Regular
R000855,Capital City,2021-09-01,Occasional
R000856,Metroville,2021-03-11,Regular
R000857,Capital City,2021-01-03,Occasional
R000858,Metroville,2021-08-17,Power
R000859,Metroville,2021-09-30,Occasional
R000860,Capital City,2022-12-15,Regular
R000861,Metroville,2022-09-28,Regular
R000862,Metroville,2022-03-06,Regular
R000863,Capital City,2022-05-20,Regular
R000864,Metroville,2021-11-13,Power
R000865,Capital City,2021-01-23,Occasional
R000866,Metroville,2022-04-27,Occasional
R000867,Metroville,2022-02-22,Occasional
R000868,Metroville,2021-02-21,Power
R000869,Metroville,2021-05-16,Regular
R000870,Metroville,2021-12-20,Occasional
R000871,Capital City,2021-09-04,New
R000872,Capital City,2021-06-14,Regular
R000873,Metroville,2021-07-07,Occasional
R000874,Metroville,2022-01-14,Regular
R000875,Capital City,2021-10-23,Regular
R000876,Metroville,2021-06-17,Regular
R000877,Metroville,2022-01-28,Regular
R000878,Capital City,2022-01-06,Power
R000879,Capital City,2021-01-12,Occasional
R000880,Metroville,2021-09-24,Occasional
R000881,Metroville,2022-03-30,Power
R000882,Metroville,2022-02-22,Occasional
R000883,Metroville,2022-04-19,Regular
R000884,Capital City,2022-05-10,Occasional
R000885,Metroville,2022-08-31,Regular
R000886,Metroville,2022-06-18,New
R000887,Capital City,2022-02-12,Power
R000888,Capital City,2022-09-01,Regular
R000889,Capital City,2021-07-02,Occasional
R000890,Metroville,2021-01-25,Power
R000891,Metroville,2022-06-26,Power
R000892,Metroville,2022-06-19,Occasional
R000893,Capital City,2022-05-25,Power
R000894,Capital City,2021-08-24,Occasional
R000895,Metroville,2022-03-24,Occasional
R000896,Metroville,2021-05-08,New
R000897,Metroville,2021-07-13,Occasional
R000898,Metroville,2021-04-30,Regular
R000899,Capital City,2022-03-18,Regular
R000900,Metroville,2022-09-21,Regular
R000901,Capital City,2022-06-17,New
R000902,Metroville,2022-03-04,Regular
R000903,Metroville,2022-05-14,New
R000904,Capital City,2021-12-28,Regular
R000905,Metroville,2022-07-02,Regular
R000906,Capital City,2022-02-26,New
R000907,Metroville,2022-12-18,Regular
R000908,Metroville,2021-01-06,Power
R000909,Metroville,2021-07-04,New
R000910,Capital City,2022-08-25,Regular
R000911,Metroville,2022-03-27,Regular
R000912,Capital City,2022-11-16,New
R000913,Capital City,2022-11-07,Occasional
R000914,Metroville,2021-06-14,Power
R000915,Capital City,2022-03-08,Regular
R000916,Capital City,2021-01-17,Occasional
R000917,Metroville,2022-08-25,New
R000918,Capital City,2021-03-19,Occasional
R000919,Metroville,2021-08-17,Regular
R000920,Capital City,2022-09-18,Regular
R000921,Metroville,2022-12-20,Occasional
R000922,Metroville,2021-05-24,Occasional
R000923,Capital City,2022-03-16,Regular
R000924,Metroville,2021-09-08,Regular
R000925,Capital City,2021-08-29,Occasional
R000926,Metroville,2021-10-07,Power
R000927,Capital City,2022-01-18,Power
R000928,Capital City,2022-06-27,Regular
R000929,Capital City,2022-11-10,Occasional
R000930,Capital City,2022-04-18,New
R000931,Capital City,2021-08-30,Occasional
R000932,Metroville,2022-09-07,Occasional
R000933,Capital City,2022-10-27,Power
R000934,Metroville,2021-11-17,Regular
R000935,Metroville,2021-08-16,New
R000936,Capital City,2022-10-18,Regular
R000937,Metroville,2021-05-21,Power
R000938,Capital City,2021-03-28,Occasional
R000939,Metroville,2021-01-29,Occasional
R000940,Metroville,2022-11-08,Occasional
R000941,Capital City,2022-07-30,Power
R000942,Capital City,2022-08-02,New
R000943,Metroville,2021-06-04,Occasional
R000944,Metroville,2022-02-24,Regular
R000945,Capital City,2022-10-06,Power
R000946,Metroville,2022-04-22,Occasional
R000947,Capital City,2022-09-02,Regular
R000948,Metroville,2021-06-09,New
R000949,Capital City,2021-11-01,Regular
R000950,Metroville,2021-04-21,New
R000951,Metroville,2021-05-01,Regular
R000952,Capital City,2021-04-08,Regular
R000953,Capital City,2022-05-15,Regular
R000954,Capital City,2021-07-15,Regular
R000955,Metroville,2021-12-08,Regular
R000956,Metroville,2021-09-27,Power
R000957,Capital City,2021-10-05,Regular
R000958,Metroville,2022-03-03,New
R000959,Capital City,2021-05-09,Occasional
R000960,Metroville,2021-10-19,Occasional
R000961,Capital City,2022-02-23,Regular
R000962,Capital City,2021-05-29,Regular
R000963,Capital City,2021-04-06,Regular
R000964,Metroville,2022-11-01,Occasional
R000965,Capital City,2021-04-17,Regular
R000966,Metroville,2022-09-22,Occasional
R000967,Metroville,2022-06-03,Occasional
R000968,Capital City,2021-04-01,Power
R000969,Metroville,2022-05-30,Power
R000970,Metroville,2022-04-06,Regular
R000971,Metroville,2021-02-24,Regular
R000972,Capital City,2022-10-10,New
R000973,Capital City,2022-07-25,Occasional
R000974,Metroville,2022-05-01,Regular
R000975,Metroville,2022-07-08,Occasional
R000976,Metroville,2021-06-15,Regular
R000977,Metroville,2022-10-17,New
R000978,Capital City,2022-07-25,Power
R000979,Capital City,2022-12-30,Occasional
R000980,Capital City,2021-11-09,New
R000981,Metroville,2021-09-27,Occasional
R000982,Capital City,2021-01-26,Regular
R000983,Metroville,2021-05-03,Occasional
R000984,Metroville,2021-09-07,Regular
R000985,Metroville,2022-03-09,Regular
R000986,Metroville,2022-11-29,Power
R000987,Metroville,2022-05-09,Occasional
R000988,Metroville,2022-03-12,Power
R000989,Metroville,2021-01-08,Occasional
R000990,Capital City,2022-03-18,Power
R000991,Metroville,2021-01-12,Power
R000992,Metroville,2021-09-24,Occasional
R000993,Metroville,2022-10-21,Regular
R000994,Capital City,2021-01-28,Occasional
R000995,Metroville,2022-05-07,New
R000996,Capital City,2022-04-06,Regular
R000997,Capital City,2021-04-01,Regular
R000998,Capital City,2021-05-08,Occasional
R000999,Capital City,2021-02-23,Regular
R001000,Metroville,2022-06-13,Regular
R001001,Metroville,2021-10-23,Regular
R001002,Capital City,2022-09-06,Regular
R001003,Metroville,2021-06-23,New
R001004,Metroville,2022-05-16,New
R001005,Metroville,2021-03-09,Occasional
R001006,Metroville,2022-08-02,Regular
R001007,Capital City,2022-04-04,Regular
R001008,Metroville,2022-08-09,Occasional
R001009,Metroville,2022-10-20,Power
R001010,Metroville,2022-11-01,Occasional
R001011,Capital City,2022-07-16,Occasional
R001012,Capital City,2022-02-21,Regular
R001013,Metroville,2021-05-02,Regular
R001014,Capital City,2021-05-29,Power
R001015,Metroville,2022-03-12,Occasional
R001016,Metroville,2021-10-09,Occasional
R001017,Metroville,2022-08-27,Power
R001018,Capital City,2021-09-09,Regular
R001019,Metroville,2021-01-26,Regular
R001020,Metroville,2022-02-24,Regular
R001021,Capital City,2021-01-15,Occasional
R001022,Metroville,2021-11-15,Regular
R001023,Capital City,2022-03-29,New
R001024,Metroville,2021-08-07,New
R001025,Metroville,2021-06-28,Regular
R001026,Metroville,2021-08-14,Occasional
R001027,Metroville,2021-10-10,Power
R001028,Capital City,2022-10-11,Occasional
R001029,Metroville,2021-04-29,Occasional
R001030,Capital City,2022-11-22,Occasional
R001031,Metroville,2021-10-16,Occasional
R001032,Capital City,2022-02-05,Occasional
R001033,Metroville,2021-04-23,New
R001034,Metroville,2022-04-20,Regular
R001035,Metroville,2022-12-06,Regular
R001036,Capital City,2022-09-30,Occasional
R001037,Metroville,2022-05-12,Power
R001038,Capital City,2021-02-10,Power
R001039,Metroville,2021-05-22,Occasional
R001040,Capital City,2021-05-10,New
R001041,Metroville,2022-12-11,Regular
R001042,Metroville,2021-02-12,Power
R001043,Metroville,2022-04-01,Occasional
R001044,Metroville,2021-05-21,Occasional
R001045,Capital City,2022-11-21,Regular
R001046,Capital City,2022-07-06,Power
R001047,Metroville,2021-09-07,Occasional
R001048,Metroville,2021-07-19,New
R001049,Metroville,2021-03-05,Occasional
R001050,Capital City,2021-10-06,Regular
R001051,Capital City,2022-03-23,Occasional
R001052,Metroville,2022-06-30,Occasional
R001053,Capital City,2021-05-12,Regular
R001054,Capital City,2021-10-12,Power
R001055,Metroville,2021-03-22,Power
R001056,Metroville,2021-08-16,Regular
R001057,Metroville,2022-09-30,Power
R001058,Capital City,2021-09-07,Regular
R001059,Metroville,2022-01-10,Occasional
R001060,Metroville,2021-11-09,Power
R001061,Capital City,2022-01-25,Occasional
R001062,Capital City,2022-02-07,Occasional
R001063,Capital City,2021-02-14,Occasional
R001064,Capital City,2022-09-16,Regular
R001065,Capital City,2022-07-21,Occasional
R001066,Metroville,2022-01-29,Regular
R001067,Metroville,2021-11-06,Occasional
R001068,Capital City,2021-01-21,Power
R001069,Metroville,2021-08-12,New
R001070,Metroville,2022-03-12,Power
R001071,Capital City,2021-02-22,Occasional
R001072,Capital City,2021-11-17,Regular
R001073,Metroville,2021-06-17,Power
R001074,Metroville,2022-11-25,Regular
R001075,Metroville,2021-09-23,Power
R001076,Metroville,2022-10-03,Regular
R001077,Capital City,2022-02-13,Power
R001078,Metroville,2022-04-18,Regular
R001079,Metroville,2022-02-04,Regular
R001080,Metroville,2022-09-05,New
R001081,Capital City,2021-11-14,Occasional
R001082,Metroville,2021-07-24,Power
R001083,Metroville,2022-12-31,Power
R001084,Capital City,2021-02-27,Regular
R001085,Capital City,2021-06-25,Regular
R001086,Capital City,2021-09-15,Regular
R001087,Metroville,2021-11-04,Power
R001088,Metroville,2022-11-07,Power
R001089,Metroville,2022-06-23,Occasional
R001090,Capital City,2021-07-20,Occasional
R001091,Metroville,2021-12-27,Regular
R001092,Metroville,2021-04-04,Regular
R001093,Capital City,2021-08-09,Power
R001094,Capital City,2021-04-01,New
R001095,Capital City,2021-10-06,Occasional
R001096,Metroville,2022-11-10,Power
R001097,Capital City,2022-06-07,Occasional
R001098,Metroville,2022-04-03,Occasional
R001099,Metroville,2021-06-18,Power
R001100,Metroville,2022-08-20,Regular
R001101,Capital City,2022-03-13,Regular
R001102,Metroville,2021-10-10,Regular
R001103,Capital City,2021-01-16,Power
R001104,Metroville,2021-08-23,Power
R001105,Metroville,2022-08-30,Power
R001106,Capital City,2022-12-03,Power
R001107,Metroville,2021-03-27,Power
R001108,Capital City,2021-04-18,Regular
R001109,Capital City,2022-05-01,Regular
R001110,Capital City,2021-01-05,Regular
R001111,Capital City,2022-07-23,Occasional
R001112,Metroville,2022-02-17,Regular
R001113,Metroville,2021-06-16,Occasional
R001114,Metroville,2022-12-18,Occasional
R001115,Metroville,2021-06-15,Regular
R001116,Capital City,2021-11-10,Regular
R001117,Capital City,2022-09-28,Power
R001118,Capital City,2022-05-16,Occasional
R001119,Capital City,2022-09-07,Regular
R001120,Metroville,2021-09-16,Regular
R001121,Capital City,2022-09-03,Regular
R001122,Metroville,2021-03-09,Power
R001123,Capital City,2022-07-28,Occasional
R001124,Metroville,2021-08-09,Power
R001125,Metroville,2022-03-09,Regular
R001126,Metroville,2021-07-29,Power
R001127,Capital City,2021-01-09,Power
R001128,Capital City,2022-03-28,Occasional
R001129,Metroville,2021-11-02,Occasional
R001130,Metroville,2021-08-25,Occasional
R001131,Capital City,2021-09-05,Occasional
R001132,Capital City,2022-04-27,Occasional
R001133,Capital City,2021-09-21,Occasional
R001134,Metroville,2021-06-16,New
R001135,Metroville,2022-08-06,Occasional
R001136,Metroville,2021-12-05,Regular
R001137,Metroville,2022-06-20,Occasional
R001138,Capital City,2021-04-28,Occasional
R001139,Capital City,2021-07-30,Occasional
R001140,Capital City,2022-08-15,Regular
R001141,Metroville,2022-10-22,Regular
R001142,Metroville,2022-03-25,Regular
R001143,Metroville,2021-11-03,Regular
R001144,Capital City,2022-01-18,Regular
R001145,Metroville,2021-07-31,Regular
R001146,Capital City,2022-04-03,Regular
R001147,Metroville,2022-12-30,Occasional
R001148,Metroville,2022-03-18,Regular
R001149,Metroville,2022-03-02,Regular
R001150,Metroville,2021-05-10,Regular
R001151,Capital City,2021-05-18,Occasional
R001152,Metroville,2021-02-25,Regular
R001153,Capital City,2021-08-18,Regular
R001154,Metroville,2022-08-02,Occasional
R001155,Metroville,2021-10-01,Regular
R001156,Metroville,2021-06-29,Power
R001157,Metroville,2021-08-24,New
R001158,Capital City,2022-01-13,Regular
R001159,Metroville,2022-01-26,Regular
R001160,Metroville,2021-06-15,Occasional
R001161,Capital City,2021-06-24,New
R001162,Capital City,2021-12-11,Regular
R001163,Capital City,2021-09-22,Power
R001164,Capital City,2022-02-06,Regular
R001165,Capital City,2022-06-22,Regular
R001166,Metroville,2021-01-17,Regular
R001167,Capital City,2022-05-02,Occasional
R001168,Metroville,2021-05-26,Regular
R001169,Metroville,2021-12-05,Regular
R001170,Metroville,2022-05-07,Occasional
R001171,Capital City,2021-11-07,Regular
R001172,Metroville,2022-11-18,Regular
R001173,Capital City,2022-02-10,Occasional
R001174,Capital City,2021-09-04,Regular
R001175,Metroville,2021-01-09,Regular
R001176,Capital City,2021-12-07,Power
R001177,Capital City,2021-12-02,Power
R001178,Capital City,2021-02-21,Regular
R001179,Capital City,2021-03-05,Regular
R001180,Metroville,2022-07-30,Regular
R001181,Metroville,2021-08-12,Occasional
R001182,Metroville,2022-11-25,Occasional
R001183,Metroville,2022-08-25,Regular
R001184,Metroville,2021-08-05,Occasional
R001185,Metroville,2021-05-07,New
R001186,Capital City,2022-01-27,Power
R001187,Capital City,2022-09-21,Occasional
R001188,Capital City,2021-10-08,Regular
R001189,Metroville,2022-09-21,New
R001190,Metroville,2021-07-12,New
R001191,Capital City,2021-09-21,Power
R001192,Capital City,2022-12-17,Occasional
R001193,Metroville,2022-08-07,Occasional
R001194,Metroville,2021-11-08,Occasional
R001195,Capital City,2021-03-02,Occasional
R001196,Metroville,2022-07-27,Regular
R001197,Metroville,2022-10-17,Regular
R001198,Capital City,2021-09-08,Regular
R001199,Metroville,2022-04-05,Regular
R001200,Capital City,2022-01-20,Occasional
R001201,Metroville,2021-04-03,Regular
R001202,Metroville,2021-01-22,Regular
R001203,Capital City,2021-11-20,Occasional
R001204,Metroville,2021-03-07,Regular
R001205,Capital City,2022-10-11,Occasional
R001206,Capital City,2022-01-30,Regular
R001207,Metroville,2021-02-10,Regular
R001208,Metroville,2021-07-04,Power
R001209,Metroville,2021-12-08,Regular
R001210,Metroville,2022-02-11,Regular
R001211,Metroville,2021-03-31,Regular
R001212,Capital City,2021-08-20,Occasional
R001213,Metroville,2021-06-26,Power
R001214,Metroville,2022-11-26,Power
R001215,Metroville,2021-04-09,Power
R001216,Capital City,2022-10-23,Power
R001217,Capital City,2022-05-06,Regular
R001218,Capital City,2021-03-26,Regular
R001219,Metroville,2021-01-31,Regular
R001220,Metroville,2022-03-13,Regular
R001221,Metroville,2022-05-14,Occasional
R001222,Capital City,2022-10-01,Power
R001223,Metroville,2021-10-14,Regular
R001224,Metroville,2022-09-23,Regular
R001225,Metroville,2021-03-24,Regular
R001226,Metroville,2021-01-11,Power
R001227,Metroville,2022-09-21,Regular
R001228,Metroville,2021-10-04,Regular
R001229,Metroville,2022-07-15,Occasional
R001230,Metroville,2021-01-21,Occasional
R001231,Capital City,2022-03-01,Power
R001232,Capital City,2022-12-03,Occasional
R001233,Capital City,2022-11-15,Regular
R001234,Metroville,2022-02-03,Regular
R001235,Metroville,2022-11-05,Occasional
R001236,Metroville,2022-03-07,Power
R001237,Capital City,2021-12-30,New
R001238,Metroville,2021-12-14,Power
R001239,Metroville,2021-10-17,New
R001240,Metroville,2022-08-05,New
R001241,Metroville,2022-04-26,Power
R001242,Capital City,2021-07-07,Regular
R001243,Metroville,2021-11-06,Power
R001244,Metroville,2021-06-01,Power
R001245,Metroville,2021-02-02,Regular
R001246,Metroville,2022-07-01,Regular
R001247,Capital City,2022-07-11,Regular
R001248,Metroville,2022-07-06,Occasional
R001249,Metroville,2022-10-13,Power
R001250,Capital City,2021-04-17,Occasional
R001251,Capital City,2021-12-06,New
R001252,Metroville,2021-04-07,Power
R001253,Metroville,2021-02-01,Regular
R001254,Capital City,2022-04-30,Occasional
R001255,Capital City,2021-08-10,Power
R001256,Metroville,2021-05-14,Power
R001257,Metroville,2022-08-08,Occasional
R001258,Capital City,2022-05-09,Power
R001259,Metroville,2021-09-16,Occasional
R001260,Capital City,2021-03-19,New
R001261,Capital City,2022-04-16,Regular
R001262,Metroville,2021-09-18,Regular
R001263,Capital City,2022-04-15,Regular
R001264,Metroville,2021-02-18,Power
R001265,Metroville,2022-12-23,Power
R001266,Capital City,2021-09-12,Power
R001267,Metroville,2022-03-13,Regular
R001268,Capital City,2021-02-07,Power
R001269,Capital City,2021-06-21,Regular
R001270,Capital City,2022-07-24,New
R001271,Capital City,2022-10-18,New
R001272,Capital City,2021-10-06,Occasional
R001273,Metroville,2022-01-13,Occasional
R001274,Metroville,2021-05-10,Occasional
R001275,Metroville,2022-03-01,Regular
R001276,Metroville,2021-03-18,Regular
R001277,Capital City,2021-10-24,Power
R001278,Metroville,2021-01-25,Power
R001279,Metroville,2022-04-20,Regular
R001280,Metroville,2021-09-21,Occasional
R001281,Capital City,2022-02-26,New
R001282,Metroville,2022-06-12,Regular
R001283,Metroville,2021-12-04,Regular
R001284,Metroville,2021-08-25,Regular
R001285,Capital City,2022-09-14,Power
R001286,Metroville,2022-05-04,Power
R001287,Metroville,2021-12-07,Occasional
R001288,Metroville,2021-05-26,Occasional
R001289,Capital City,2021-12-30,Occasional
R001290,Metroville,2021-05-23,Occasional
R001291,Metroville,2022-03-05,Power
R001292,Metroville,2021-01-15,Occasional
R001293,Metroville,2022-03-05,Occasional
R001294,Metroville,2022-12-10,Occasional
R001295,Metroville,2021-02-26,New
R001296,Capital City,2021-11-22,Power
R001297,Metroville,2022-03-26,Occasional
R001298,Metroville,2022-12-24,New
R001299,Metroville,2021-06-01,Occasional
R001300,Metroville,2021-01-29,Regular
R001301,Capital City,2022-11-12,Regular
R001302,Capital City,2021-04-21,Regular
R001303,Metroville,2021-08-11,Occasional
R001304,Metroville,2022-03-14,Regular
R001305,Capital City,2022-05-11,Regular
R001306,Capital City,2021-04-20,Regular
R001307,Metroville,2022-01-06,New
R001308,Metroville,2022-05-22,Regular
R001309,Metroville,2021-03-21,Regular
R001310,Capital City,2022-06-21,Regular
R001311,Capital City,2021-04-06,Power
R001312,Metroville,2022-04-20,Power
R001313,Metroville,2021-02-06,Power
R001314,Metroville,2021-02-25,Occasional
R001315,Metroville,2021-02-03,Regular
R001316,Capital City,2022-08-14,New
R001317,Metroville,2021-03-29,Regular
R001318,Capital City,2022-09-24,Occasional
R001319,Capital City,2021-03-30,New
R001320,Capital City,2021-03-11,New
R001321,Metroville,2022-11-22,Regular
R001322,Capital City,2022-02-19,Occasional
R001323,Metroville,2021-10-07,Regular
R001324,Capital City,2022-11-28,Occasional
R001325,Metroville,2021-05-18,Occasional
R001326,Metroville,2021-12-24,Regular
R001327,Metroville,2022-08-20,Regular
R001328,Capital City,2022-10-01,Occasional
R001329,Capital City,2022-03-05,Power
R001330,Metroville,2022-02-01,Occasional
R001331,Metroville,2021-11-02,Power
R001332,Metroville,2022-07-06,Occasional
R001333,Capital City,2022-06-10,Regular
R001334,Metroville,2022-08-19,Occasional
R001335,Capital City,2021-06-28,Regular
R001336,Capital City,2021-12-23,Regular
R001337,Capital City,2021-07-07,Regular
R001338,Capital City,2021-08-06,Regular
R001339,Metroville,2022-03-28,Regular
R001340,Metroville,2022-07-17,Occasional
R001341,Metroville,2022-04-13,Power
R001342,Metroville,2021-08-26,Regular
R001343,Metroville,2022-03-05,Regular
R001344,Metroville,2022-01-20,Occasional
R001345,Metroville,2022-09-06,Occasional
R001346,Metroville,2021-09-09,Occasional
R001347,Metroville,2022-10-16,Occasional
R001348,Capital City,2022-08-10,Occasional
R001349,Capital City,2022-05-15,Regular
R001350,Capital City,2021-02-08,New
R001351,Metroville,2021-02-10,Power
R001352,Metroville,2021-11-21,Regular
R001353,Capital City,2021-06-10,Power
R001354,Metroville,2021-12-23,Regular
R001355,Metroville,2022-10-01,Regular
R001356,Capital City,2021-11-23,Occasional
R001357,Metroville,2022-12-18,Regular
R001358,Metroville,2022-04-06,Regular
R001359,Capital City,2021-07-01,Power
R001360,Capital City,2022-08-28,Regular
R001361,Capital City,2021-09-23,New
R001362,Capital City,2021-12-20,Occasional
R001363,Metroville,2021-02-12,Regular
R001364,Metroville,2021-02-12,Regular
R001365,Metroville,2022-04-08,Occasional
R001366,Capital City,2021-05-13,Occasional
R001367,Metroville,2021-12-07,Power
R001368,Capital City,2021-03-19,New
R001369,Capital City,2021-12-17,Occasional
R001370,Capital City,2022-09-13,Regular
R001371,Metroville,2021-02-09,Regular
R001372,Metroville,2022-05-07,Regular
R001373,Capital City,2021-09-06,New
R001374,Metroville,2022-12-07,Regular
R001375,Capital City,2021-04-07,Occasional
R001376,Metroville,2021-06-06,Occasional
R001377,Metroville,2022-01-31,Regular
R001378,Capital City,2021-04-17,Regular
R001379,Metroville,2022-05-20,Power
R001380,Capital City,2021-03-09,Regular
R001381,Metroville,2022-10-29,Regular
R001382,Capital City,2021-03-22,Occasional
R001383,Metroville,2021-09-13,Power
R001384,Metroville,2021-01-14,Regular
R001385,Metroville,2022-02-26,Occasional
R001386,Metroville,2021-03-08,Regular
R001387,Capital City,2021-11-09,Occasional
R001388,Metroville,2022-09-04,Occasional
R001389,Metroville,2022-08-11,Regular
R001390,Metroville,2022-11-16,Regular
R001391,Metroville,2022-11-24,Power
R001392,Capital City,2022-02-24,New
R001393,Capital City,2021-08-15,Regular
R001394,Capital City,2022-09-05,Regular
R001395,Capital City,2022-09-24,Power
R001396,Capital City,2022-05-06,Power
R001397,Metroville,2021-06-30,Regular
R001398,Metroville,2022-08-16,Occasional
R001399,Metroville,2021-11-30,Occasional
R001400,Capital City,2021-09-24,Regular
R001401,Capital City,2021-12-18,Power
R001402,Capital City,2021-02-14,Power
R001403,Metroville,2021-01-18,Power
R001404,Capital City,2021-06-27,Regular
R001405,Metroville,2021-10-29,New
R001406,Metroville,2021-05-10,Occasional
R001407,Capital City,2022-07-27,Regular
R001408,Metroville,2021-11-03,New
R001409,Metroville,2021-03-02,Regular
R001410,Metroville,2022-09-22,Regular
R001411,Capital City,2021-08-18,Regular
R001412,Capital City,2021-04-11,Regular
R001413,Metroville,2021-11-10,Power
R001414,Capital City,2022-03-21,Regular
R001415,Metroville,2022-11-29,Regular
R001416,Metroville,2021-01-25,Occasional
R001417,Metroville,2021-12-18,Regular
R001418,Metroville,2022-05-24,Power
R001419,Capital City,2021-10-04,Regular
R001420,Capital City,2021-10-03,Regular
R001421,Metroville,2022-05-05,New
R001422,Capital City,2021-12-26,Power
R001423,Metroville,2022-09-22,Regular
R001424,Capital City,2021-01-29,Regular
R001425,Metroville,2021-12-21,Regular
R001426,Capital City,2021-06-23,Regular
R001427,Metroville,2021-03-12,Power
R001428,Metroville,2021-12-30,Occasional
R001429,Metroville,2022-10-31,Regular
R001430,Metroville,2021-11-20,Regular
R001431,Capital City,2022-03-25,Regular
R001432,Capital City,2022-06-21,Occasional
R001433,Metroville,2022-08-29,Occasional
R001434,Metroville,2021-09-23,New
R001435,Metroville,2022-09-30,Regular
R001436,Capital City,2021-02-22,Power
R001437,Capital City,2022-05-29,Occasional
R001438,Capital City,2021-03-15,Occasional
R001439,Metroville,2021-03-18,Regular
R001440,Metroville,2021-04-30,Regular
R001441,Metroville,2022-12-11,Power
R001442,Metroville,2022-11-11,Regular
R001443,Metroville,2022-01-25,Power
R001444,Metroville,2022-04-27,Occasional
R001445,Capital City,2022-08-26,Power
R001446,Metroville,2021-06-02,Occasional
R001447,Capital City,2022-06-05,Occasional
R001448,Metroville,2022-10-23,Power
R001449,Metroville,2021-06-13,Regular
R001450,Metroville,2022-06-03,Regular
R001451,Metroville,2021-05-11,New
R001452,Metroville,2022-05-25,Occasional
R001453,Metroville,2022-05-08,Regular
R001454,Capital City,2022-01-30,Regular
R001455,Metroville,2022-08-03,Regular
R001456,Metroville,2021-05-01,Regular
R001457,Capital City,2022-12-30,Power
R001458,Metroville,2022-03-24,Occasional
R001459,Capital City,2022-08-06,Power
R001460,Metroville,2022-08-21,Regular
R001461,Metroville,2021-06-27,New
R001462,Capital City,2022-04-20,Regular
R001463,Metroville,2022-07-07,Power
R001464,Capital City,2022-09-11,Power
R001465,Capital City,2021-02-24,Regular
R001466,Metroville,2022-12-06,Occasional
R001467,Metroville,2022-08-20,Occasional
R001468,Capital City,2022-12-17,Regular
R001469,Capital City,2021-12-31,Occasional
R001470,Capital City,2022-05-03,Regular
R001471,Metroville,2021-05-09,Occasional
R001472,Metroville,2022-02-04,New
R001473,Capital City,2022-12-16,Regular
R001474,Metroville,2022-07-07,Occasional
R001475,Metroville,2022-04-05,Power
R001476,Capital City,2022-11-09,Occasional
R001477,Capital City,2022-08-25,Occasional
R001478,Capital City,2021-10-27,Occasional
R001479,Capital City,2021-07-12,Power
R001480,Metroville,2022-09-07,Power
R001481,Metroville,2022-10-28,Regular
R001482,Metroville,2021-09-01,Power
R001483,Capital City,2021-09-29,New
R001484,Capital City,2021-12-27,Occasional
R001485,Capital City,2021-07-25,Occasional
R001486,Metroville,2021-05-04,Regular
R001487,Capital City,2022-09-12,New
R001488,Metroville,2021-09-26,Regular
R001489,Capital City,2021-08-04,Regular
R001490,Capital City,2022-05-20,Power
R001491,Metroville,2021-04-12,Regular
R001492,Capital City,2022-11-18,Power
R001493,Metroville,2021-02-26,Power
R001494,Metroville,2021-07-17,Occasional
R001495,Capital City,2022-02-27,Power
R001496,Metroville,2021-09-19,Power
R001497,Metroville,2021-03-14,Regular
R001498,Metroville,2022-12-01,Power
R001499,Metroville,2022-10-31,Regular
R001500,Metroville,2021-08-29,Power
R001501,Capital City,2021-11-16,New
R001502,Metroville,2021-10-22,Occasional
R001503,Metroville,2021-01-29,Power
R001504,Capital City,2022-09-13,Regular
R001505,Capital City,2021-08-17,Regular
R001506,Metroville,2021-01-02,Regular
R001507,Metroville,2021-10-04,Regular
R001508,Capital City,2022-10-18,Regular
R001509,Capital City,2022-10-11,Occasional
R001510,Metroville,2022-02-06,New
R001511,Metroville,2021-04-19,Occasional
R001512,Capital City,2022-08-03,Regular
R001513,Metroville,2022-10-26,Regular
R001514,Capital City,2022-08-25,Occasional
R001515,Capital City,2022-03-26,Occasional
R001516,Metroville,2021-04-02,Occasional
R001517,Capital City,2021-03-24,Regular
R001518,Metroville,2021-05-12,Regular
R001519,Metroville,2021-06-19,Power
R001520,Metroville,2021-01-02,Occasional
R001521,Metroville,2022-02-03,Power
R001522,Metroville,2021-12-07,Occasional
R001523,Capital City,2021-04-30,New
R001524,Metroville,2021-07-07,Regular
R001525,Metroville,2022-03-06,Regular
R001526,Metroville,2021-09-24,Occasional
R001527,Metroville,2021-08-02,Regular
R001528,Capital City,2021-04-22,Power
R001529,Capital City,2021-10-18,Regular
R001530,Metroville,2022-09-22,Power
R001531,Metroville,2021-01-13,Regular
R001532,Metroville,2022-09-06,Occasional
R001533,Capital City,2021-03-02,Regular
R001534,Metroville,2021-03-06,Power
R001535,Metroville,2021-06-16,Occasional
R001536,Capital City,2022-05-26,Occasional
R001537,Metroville,2021-10-18,Regular
R001538,Metroville,2021-09-26,Power
R001539,Capital City,2022-05-13,Regular
R001540,Metroville,2021-11-04,Power
R001541,Capital City,2022-01-19,Power
R001542,Metroville,2021-09-24,Occasional
R001543,Capital City,2021-11-19,Occasional
R001544,Metroville,2021-11-02,Regular
R001545,Metroville,2022-09-26,Regular
R001546,Metroville,2022-02-15,Power
R001547,Metroville,2021-10-21,Power
R001548,Metroville,2022-02-15,Occasional
R001549,Capital City,2021-02-19,Regular
R001550,Metroville,2022-04-15,Occasional
R001551,Metroville,2021-12-14,New
R001552,Capital City,2022-07-29,Occasional
R001553,Metroville,2021-01-28,Occasional
R001554,Capital City,2021-09-03,Regular
R001555,Metroville,2022-10-25,Occasional
R001556,Capital City,2022-09-30,Regular
R001557,Capital City,2022-10-06,Regular
R001558,Metroville,2022-09-28,Power
R001559,Capital City,2021-10-16,Regular
R001560,Metroville,2022-09-25,Regular
R001561,Metroville,2021-12-16,Regular
R001562,Metroville,2022-08-21,Occasional
R001563,Capital City,2021-06-11,Occasional
R001564,Capital City,2022-11-01,Regular
R001565,Capital City,2021-05-11,Power
R001566,Capital City,2021-06-05,Power
R001567,Capital City,2021-06-05,Occasional
R001568,Metroville,2022-01-29,Occasional
R001569,Capital City,2021-02-14,New
R001570,Metroville,2022-08-29,Regular
R001571,Metroville,2021-11-07,Power
R001572,Metroville,2022-01-04,Occasional
R001573,Metroville,2021-02-19,Regular
R001574,Capital City,2021-10-25,Occasional
R001575,Capital City,2022-11-10,Occasional
R001576,Capital City,2022-03-13,Regular
R001577,Capital City,2021-04-27,Occasional
R001578,Metroville,2022-02-16,Occasional
R001579,Capital City,2022-01-06,Regular
R001580,Capital City,2022-09-17,Regular
R001581,Metroville,2021-05-20,Regular
R001582,Metroville,2021-07-31,Occasional
R001583,Metroville,2022-05-29,Occasional
R001584,Capital City,2022-07-27,Regular
R001585,Capital City,2021-02-28,Occasional
R001586,Capital City,2021-08-26,Regular
R001587,Metroville,2022-05-17,Regular
R001588,Metroville,2022-09-13,Regular
R001589,Capital City,2022-01-08,Power
R001590,Capital City,2021-06-11,Occasional
R001591,Metroville,2021-12-21,Regular
R001592,Metroville,2022-09-06,Regular
R001593,Metroville,2022-03-22,Occasional
R001594,Metroville,2021-05-24,Regular
R001595,Capital City,2022-05-15,New
R001596,Metroville,2021-10-19,Power
R001597,Capital City,2021-06-06,Regular
R001598,Metroville,2021-04-05,Occasional
R001599,Capital City,2021-04-13,Power
R001600,Metroville,2021-02-09,Regular
R001601,Metroville,2021-03-14,Occasional
R001602,Metroville,2021-06-10,Power
R001603,Capital City,2022-12-06,Power
R001604,Capital City,2021-04-18,New
R001605,Metroville,2021-02-27,Occasional
R001606,Metroville,2021-01-21,Occasional
R001607,Metroville,2022-04-03,Occasional
R001608,Metroville,2022-12-03,Regular
R001609,Metroville,2022-07-01,Regular
R001610,Capital City,2022-03-28,New
R001611,Metroville,2021-01-12,Regular
R001612,Metroville,2022-02-19,Regular
R001613,Metroville,2022-01-19,Power
R001614,Metroville,2022-01-07,Regular
R001615,Metroville,2022-12-26,Regular
R001616,Metroville,2022-06-30,Occasional
R001617,Metroville,2022-08-08,Regular
R001618,Metroville,2021-06-01,Regular
R001619,Metroville,2021-02-27,Power
R001620,Capital City,2021-11-17,Occasional
R001621,Metroville,2022-10-22,Occasional
R001622,Metroville,2022-08-09,Occasional
R001623,Capital City,2021-03-24,Regular
R001624,Metroville,2022-12-01,Occasional
R001625,Capital City,2022-09-30,Occasional
R001626,Metroville,2021-07-07,Regular
R001627,Capital City,2022-05-26,Regular
R001628,Metroville,2021-12-12,Regular
R001629,Capital City,2021-10-29,Regular
R001630,Metroville,2021-09-24,Power
R001631,Metroville,2022-01-17,Occasional
R001632,Metroville,2022-07-24,Regular
R001633,Capital City,2021-12-19,Regular
R001634,Metroville,2022-02-16,Occasional
R001635,Capital City,2022-02-03,Occasional
R001636,Metroville,2021-05-30,Regular
R001637,Capital City,2021-05-01,Occasional
R001638,Capital City,2022-10-07,Power
R001639,Capital City,2022-11-09,Occasional
R001640,Metroville,2022-07-26,New
R001641,Metroville,2022-07-24,Regular
R001642,Capital City,2021-04-09,Power
R001643,Metroville,2022-11-12,Regular
R001644,Metroville,2021-02-10,Power
R001645,Capital City,2022-10-10,Regular
R001646,Metroville,2022-03-29,Power
R001647,Metroville,2021-10-05,Occasional
R001648,Capital City,2021-02-23,Regular
R001649,Capital City,2021-10-24,Regular
R001650,Metroville,2021-08-22,Power
R001651,Metroville,2021-04-20,Power
R001652,Metroville,2021-10-06,Regular
R001653,Metroville,2021-11-03,Regular
R001654,Metroville,2022-03-28,Regular
R001655,Metroville,2022-05-26,Occasional
R001656,Capital City,2021-07-26,Occasional
R001657,Capital City,2022-09-07,Regular
R001658,Metroville,2022-01-13,Occasional
R001659,Metroville,2021-10-18,Regular
R001660,Capital City,2022-09-10,New
R001661,Metroville,2022-03-17,Regular
R001662,Capital City,2021-02-06,Occasional
R001663,Capital City,2021-02-06,New
R001664,Capital City,2021-05-04,Occasional
R001665,Metroville,2021-08-21,Occasional
R001666,Capital City,2021-07-11,New
R001667,Metroville,2021-02-17,Regular
R001668,Capital City,2022-02-20,New
R001669,Capital City,2022-11-16,New
R001670,Metroville,2022-05-21,Occasional
R001671,Capital City,2021-11-23,Occasional
R001672,Capital City,2021-04-28,Regular
R001673,Metroville,2022-11-06,New
R001674,Metroville,2022-12-25,Regular
R001675,Metroville,2022-06-06,Regular
R001676,Metroville,2022-02-27,Occasional
R001677,Capital City,2022-05-30,Occasional
R001678,Metroville,2022-08-14,Regular
R001679,Capital City,2022-04-15,Regular
R001680,Capital City,2022-03-11,Occasional
R001681,Capital City,2022-01-31,Regular
R001682,Capital City,2022-09-01,Regular
R001683,Capital City,2022-12-25,Occasional
R001684,Metroville,2021-08-10,Regular
R001685,Metroville,2021-10-18,Occasional
R001686,Metroville,2022-07-06,Occasional
R001687,Metroville,2022-08-22,Occasional
R001688,Capital City,2021-12-08,New
R001689,Capital City,2021-07-05,Regular
R001690,Metroville,2021-01-11,Occasional
R001691,Metroville,2022-05-11,Occasional
R001692,Metroville,2021-08-07,Regular
R001693,Metroville,2021-06-08,Power
R001694,Metroville,2021-02-16,Occasional
R001695,Metroville,2022-01-04,Occasional
R001696,Metroville,2022-10-20,Power
R001697,Capital City,2021-11-21,Regular
R001698,Capital City,2022-11-19,Power
R001699,Capital City,2021-10-12,Power
R001700,Metroville,2022-12-13,Occasional
R001701,Metroville,2021-09-18,Regular
R001702,Capital City,2022-10-14,Regular
R001703,Capital City,2022-02-15,Power
R001704,Capital City,2021-05-22,Power
R001705,Metroville,2021-10-19,Regular
R001706,Metroville,2021-05-24,Regular
R001707,Metroville,2021-11-13,Regular
R001708,Capital City,2021-01-05,Occasional
R001709,Metroville,2021-03-17,Occasional
R001710,Metroville,2021-10-31,Regular
R001711,Capital City,2022-03-11,Occasional
R001712,Capital City,2022-09-06,Regular
R001713,Capital City,2021-11-13,Occasional
R001714,Metroville,2022-12-11,Occasional
R001715,Capital City,2022-02-03,Occasional
R001716,Metroville,2022-07-10,Power
R001717,Capital City,2021-04-09,Occasional
R001718,Capital City,2021-09-17,Regular
R001719,Metroville,2021-01-25,Occasional
R001720,Capital City,2021-12-27,Power
R001721,Metroville,2022-10-03,Occasional
R001722,Metroville,2021-10-11,Power
R001723,Capital City,2022-09-15,Occasional
R001724,Capital City,2022-04-27,New
R001725,Metroville,2021-10-12,Regular
R001726,Metroville,2021-05-08,Occasional
R001727,Capital City,2021-11-17,Regular
R001728,Capital City,2021-07-14,Regular
R001729,Metroville,2022-10-13,Occasional
R001730,Capital City,2021-11-22,Occasional
R001731,Metroville,2022-02-18,Regular
R001732,Capital City,2022-01-19,Occasional
R001733,Metroville,2022-05-20,New
R001734,Metroville,2022-01-25,Occasional
R001735,Capital City,2022-07-13,Regular
R001736,Metroville,2022-10-15,New
R001737,Capital City,2021-07-28,Occasional
R001738,Capital City,2021-03-24,Power
R001739,Capital City,2022-09-07,Occasional
R001740,Metroville,2021-07-07,Occasional
R001741,Metroville,2021-07-28,Occasional
R001742,Metroville,2022-06-17,Power
R001743,Metroville,2022-01-09,Occasional
R001744,Metroville,2022-01-07,Regular
R001745,Metroville,2021-03-12,Occasional
R001746,Metroville,2022-08-03,Occasional
R001747,Capital City,2022-05-05,Power
R001748,Capital City,2022-09-18,Regular
R001749,Capital City,2022-08-05,Power
R001750,Metroville,2022-04-14,New
R001751,Metroville,2022-06-13,Power
R001752,Capital City,2022-07-08,Regular
R001753,Capital City,2021-04-25,Occasional
R001754,Capital City,2022-07-29,Occasional
R001755,Capital City,2021-03-01,Regular
R001756,Metroville,2022-10-16,Regular
R001757,Capital City,2022-07-04,Power
R001758,Capital City,2021-03-29,Power
R001759,Metroville,2021-08-14,Regular
R001760,Metroville,2021-09-13,Regular
R001761,Metroville,2021-06-03,Occasional
R001762,Metroville,2021-05-18,Regular
R001763,Metroville,2021-09-29,Regular
R001764,Capital City,2021-02-03,New
R001765,Capital City,2021-06-02,Occasional
R001766,Metroville,2021-03-14,New
R001767,Metroville,2021-03-22,Regular
R001768,Metroville,2021-04-02,Regular
R001769,Metroville,2022-02-05,Regular
R001770,Capital City,2021-03-30,Regular
R001771,Metroville,2022-02-12,Power
R001772,Metroville,2022-07-31,Regular
R001773,Capital City,2021-10-08,Regular
R001774,Metroville,2022-10-24,Occasional
R001775,Metroville,2021-09-08,Occasional
R001776,Capital City,2021-10-06,Regular
R001777,Metroville,2021-03-26,Occasional
R001778,Metroville,2022-02-25,Occasional
R001779,Metroville,2022-03-26,Occasional
R001780,Metroville,2021-05-06,Occasional
R001781,Metroville,2022-11-05,Power
R001782,Metroville,2022-01-06,Occasional
R001783,Metroville,2021-07-31,New
R001784,Metroville,2022-10-18,Occasional
R001785,Capital City,2022-02-18,Power
R001786,Metroville,2021-09-16,Occasional
R001787,Capital City,2021-09-26,Power
R001788,Capital City,2022-11-24,Regular
R001789,Metroville,2022-11-04,Occasional
R001790,Capital City,2021-12-20,Occasional
R001791,Metroville,2022-03-14,Power
R001792,Metroville,2022-10-15,Power
R001793,Metroville,2021-03-12,Regular
R001794,Metroville,2022-10-01,New
R001795,Metroville,2021-04-12,Regular
R001796,Capital City,2021-05-03,Regular
R001797,Metroville,2021-07-31,Occasional
R001798,Metroville,2021-12-04,Occasional
R001799,Metroville,2021-09-15,Occasional
R001800,Metroville,2021-05-17,Occasional
R001801,Metroville,2021-06-13,Occasional
R001802,Metroville,2022-11-20,Regular
R001803,Metroville,2021-09-28,Regular
R001804,Capital City,2021-05-26,Regular
R001805,Capital City,2021-03-05,Power
R001806,Metroville,2022-06-23,Regular
R001807,Metroville,2022-02-06,New
R001808,Metroville,2021-04-22,Regular
R001809,Metroville,2021-09-01,Power
R001810,Capital City,2021-08-06,Regular
R001811,Capital City,2022-07-31,Regular
R001812,Metroville,2022-10-30,Power
R001813,Metroville,2021-09-27,Regular
R001814,Metroville,2022-09-18,Power
R001815,Capital City,2022-01-15,Occasional
R001816,Capital City,2022-10-07,Regular
R001817,Metroville,2021-08-03,Regular
R001818,Metroville,2021-03-11,Occasional
R001819,Capital City,2022-07-09,Regular
R001820,Metroville,2022-11-22,Regular
R001821,Metroville,2022-04-23,Power
R001822,Metroville,2021-01-07,Occasional
R001823,Capital City,2021-10-10,Regular
R001824,Metroville,2021-10-09,Occasional
R001825,Metroville,2021-07-14,Power
R001826,Capital City,2021-07-15,Regular
R001827,Capital City,2021-04-17,Regular
R001828,Metroville,2022-07-23,Regular
R001829,Metroville,2021-12-25,Occasional
R001830,Capital City,2021-12-16,Power
R001831,Metroville,2022-03-18,Occasional
R001832,Metroville,2021-12-01,Regular
R001833,Metroville,2021-11-09,Occasional
R001834,Capital City,2022-01-20,Regular
R001835,Metroville,2021-02-05,Occasional
R001836,Metroville,2021-04-29,Regular
R001837,Capital City,2022-11-09,Regular
R001838,Capital City,2021-03-26,Regular
R001839,Metroville,2021-03-10,Regular
R001840,Capital City,2022-01-24,Regular
R001841,Capital City,2022-10-26,Regular
R001842,Capital City,2022-01-29,Regular
R001843,Capital City,2022-09-27,Occasional
R001844,Capital City,2021-06-09,Regular
R001845,Metroville,2021-02-06,Regular
R001846,Capital City,2021-12-02,Occasional
R001847,Capital City,2022-03-17,Regular
R001848,Metroville,2022-04-18,Regular
R001849,Capital City,2021-02-28,Occasional
R001850,Capital City,2021-04-24,Regular
R001851,Capital City,2022-08-01,Occasional
R001852,Metroville,2022-01-25,Power
R001853,Capital City,2022-10-10,Power
R001854,Capital City,2021-05-15,Regular
R001855,Metroville,2021-02-21,Power
R001856,Metroville,2022-08-10,New
R001857,Capital City,2022-01-08,Occasional
R001858,Capital City,2022-02-18,Regular
R001859,Metroville,2021-03-01,Regular
R001860,Metroville,2021-01-16,Regular
R001861,Metroville,2021-02-22,Power
R001862,Capital City,2021-11-26,Regular
R001863,Metroville,2022-08-22,Power
R001864,Metroville,2021-05-02,Regular
R001865,Metroville,2021-01-06,Occasional
R001866,Metroville,2022-10-07,Power
R001867,Metroville,2022-02-18,Occasional
R001868,Metroville,2021-06-08,Occasional
R001869,Capital City,2021-12-12,New
R001870,Capital City,2021-03-14,Occasional
R001871,Capital City,2022-01-30,Power
R001872,Capital City,2022-08-24,Regular
R001873,Metroville,2021-02-14,Regular
R001874,Capital City,2021-01-12,Occasional
R001875,Metroville,2021-01-30,Power
R001876,Capital City,2021-07-11,Power
R001877,Metroville,2022-09-28,Occasional
R001878,Metroville,2021-03-11,Regular
R001879,Metroville,2021-02-14,Regular
R001880,Metroville,2021-10-25,Power
R001881,Metroville,2021-07-30,New
R001882,Metroville,2021-12-27,Regular
R001883,Metroville,2022-12-14,Regular
R001884,Metroville,2021-12-26,Occasional
R001885,Metroville,2022-02-19,Regular
R001886,Metroville,2022-07-01,Power
R001887,Metroville,2022-05-27,New
R001888,Capital City,2022-01-17,Power
R001889,Capital City,2021-08-22,Occasional
R001890,Capital City,2022-06-19,Power
R001891,Metroville,2022-05-15,Regular
R001892,Metroville,2022-08-14,Power
R001893,Capital City,2022-07-27,Regular
R001894,Metroville,2022-10-14,Occasional
R001895,Metroville,2022-03-05,Power
R001896,Metroville,2022-09-20,Regular
R001897,Metroville,2021-07-31,New
R001898,Metroville,2021-06-28,Occasional
R001899,Metroville,2021-07-11,Regular
R001900,Metroville,2022-11-24,Occasional
R001901,Metroville,2021-02-23,Power
R001902,Capital City,2022-01-22,Power
R001903,Metroville,2021-04-09,Power
R001904,Metroville,2022-08-20,Regular
R001905,Metroville,2021-04-30,Regular
R001906,Capital City,2021-12-12,Occasional
R001907,Metroville,2022-07-28,Occasional
R001908,Metroville,2022-07-19,Occasional
R001909,Metroville,2022-06-30,Power
R001910,Capital City,2021-01-22,Occasional
R001911,Metroville,2021-04-02,Regular
R001912,Capital City,2022-07-16,Regular
R001913,Metroville,2021-10-10,Regular
R001914,Metroville,2022-11-18,Occasional
R001915,Capital City,2021-11-07,Regular
R001916,Metroville,2021-12-24,Power
R001917,Capital City,2021-02-08,Regular
R001918,Metroville,2022-05-03,Regular
R001919,Capital City,2021-10-04,Regular
R001920,Capital City,2021-04-16,Occasional
R001921,Metroville,2022-03-16,Regular
R001922,Metroville,2021-09-29,Occasional
R001923,Metroville,2022-05-07,Occasional
R001924,Capital City,2021-07-04,Occasional
R001925,Capital City,2022-05-02,Regular
R001926,Metroville,2022-02-19,Regular
R001927,Capital City,2021-09-08,Power
R001928,Capital City,2022-06-17,Regular
R001929,Metroville,2021-12-21,Occasional
R001930,Metroville,2021-02-06,Power
R001931,Capital City,2021-05-27,Occasional
R001932,Metroville,2021-10-07,Regular
R001933,Metroville,2021-09-16,Regular
R001934,Metroville,2022-03-19,Occasional
R001935,Capital City,2021-12-06,Regular
R001936,Metroville,2021-08-05,Regular
R001937,Metroville,2021-07-10,Power
R001938,Metroville,2021-10-30,Occasional
R001939,Metroville,2022-07-20,Power
R001940,Metroville,2022-06-11,Regular
R001941,Metroville,2021-04-22,New
R001942,Capital City,2022-08-13,Regular
R001943,Capital City,2022-04-20,Power
R001944,Capital City,2022-11-09,Occasional
R001945,Capital City,2021-03-16,Occasional
R001946,Capital City,2021-08-27,Occasional
R001947,Capital City,2021-12-17,Occasional
R001948,Capital City,2021-06-13,Power
R001949,Metroville,2022-09-18,Power
R001950,Metroville,2021-01-03,Power
R001951,Metroville,2021-07-22,Regular
R001952,Capital City,2022-08-27,Regular
R001953,Capital City,2022-03-16,Occasional
R001954,Metroville,2022-10-08,Regular
R001955,Metroville,2022-07-21,Regular
R001956,Metroville,2022-03-28,Regular
R001957,Metroville,2021-09-28,Power
R001958,Capital City,2021-07-25,Regular
R001959,Capital City,2022-08-04,Regular
R001960,Capital City,2021-10-11,Power
R001961,Capital City,2022-09-30,Occasional
R001962,Capital City,2022-05-19,Regular
R001963,Capital City,2021-09-27,Regular
R001964,Capital City,2022-01-09,Occasional
R001965,Capital City,2022-12-05,Regular
R001966,Capital City,2021-11-03,Regular
R001967,Capital City,2022-11-08,Regular
R001968,Metroville,2021-11-22,Occasional
R001969,Metroville,2021-08-05,Regular
R001970,Metroville,2021-12-15,Occasional
R001971,Capital City,2022-05-05,Power
R001972,Metroville,2021-12-02,Regular
R001973,Metroville,2022-10-10,Regular
R001974,Capital City,2021-12-14,Occasional
R001975,Metroville,2022-05-17,Regular
R001976,Metroville,2022-12-04,Power
R001977,Capital City,2022-02-09,Regular
R001978,Metroville,2022-09-22,Power
R001979,Capital City,2021-03-07,Occasional
R001980,Metroville,2022-01-23,Regular
R001981,Metroville,2022-08-05,Regular
R001982,Metroville,2022-08-14,Occasional
R001983,Metroville,2022-11-23,New
R001984,Metroville,2022-03-14,Regular
R001985,Metroville,2021-09-05,Regular
R001986,Capital City,2021-01-19,Occasional
R001987,Metroville,2022-08-12,New
R001988,Metroville,2021-01-09,Power
R001989,Metroville,2021-09-08,Occasional
R001990,Metroville,2021-09-29,Occasional
R001991,Capital City,2021-04-11,Power
R001992,Metroville,2022-12-27,Regular
R001993,Capital City,2022-10-12,Power
R001994,Metroville,2022-12-13,Occasional
R001995,Metroville,2022-04-14,Power
R001996,Metroville,2022-05-26,Regular
R001997,Capital City,2022-08-01,Regular
R001998,Metroville,2021-06-19,Occasional
R001999,Metroville,2021-04-18,Regular
R002000,Metroville,2021-07-10,Regular
R002001,Metroville,2021-10-25,Power
R002002,Capital City,2022-09-10,Regular
R002003,Metroville,2022-03-12,Regular
R002004,Metroville,2022-05-03,Occasional
R002005,Capital City,2022-02-27,Regular
R002006,Metroville,2022-08-30,Regular
R002007,Capital City,2022-11-14,Regular
R002008,Capital City,2022-05-02,Regular
R002009,Capital City,2021-10-29,Power
R002010,Metroville,2021-03-18,Regular
R002011,Metroville,2021-04-04,Regular
R002012,Capital City,2021-09-20,Power
R002013,Capital City,2022-10-29,Power
R002014,Metroville,2022-09-10,Regular
R002015,Capital City,2021-08-08,Regular
R002016,Capital City,2021-04-30,Regular
R002017,Metroville,2021-07-02,Power
R002018,Metroville,2022-12-16,Power
R002019,Capital City,2021-03-25,New
R002020,Capital City,2021-07-23,Occasional
R002021,Capital City,2021-05-23,Regular
R002022,Metroville,2022-04-29,Occasional
R002023,Metroville,2022-08-07,Occasional
R002024,Metroville,2022-03-09,Occasional
R002025,Capital City,2021-10-19,Regular
R002026,Capital City,2022-12-31,Occasional
R002027,Capital City,2021-04-12,Occasional
R002028,Capital City,2022-01-05,Regular
R002029,Capital City,2022-04-30,Regular
R002030,Capital City,2021-05-27,Power
R002031,Metroville,2021-11-01,Regular
R002032,Capital City,2022-06-24,Regular
R002033,Capital City,2021-02-20,Regular
R002034,Metroville,2021-02-16,Power
R002035,Capital City,2022-10-06,Power
R002036,Metroville,2021-07-14,Occasional
R002037,Metroville,2021-12-28,Occasional
R002038,Capital City,2022-10-24,Occasional
R002039,Metroville,2021-07-12,Regular
R002040,Capital City,2021-06-23,Regular
R002041,Capital City,2021-07-31,Regular
R002042,Capital City,2021-07-31,New
R002043,Metroville,2021-06-13,Regular
R002044,Metroville,2022-12-12,Occasional
R002045,Capital City,2021-11-28,Regular
R002046,Capital City,2021-09-07,Regular
R002047,Metroville,2022-11-18,Power
R002048,Metroville,2021-03-22,Occasional
R002049,Metroville,2021-12-01,Regular
R002050,Metroville,2021-12-15,Regular
R002051,Capital City,2022-04-17,Occasional
R002052,Metroville,2022-12-16,Regular
R002053,Metroville,2022-01-01,Occasional
R002054,Capital City,2022-10-24,Regular
R002055,Capital City,2022-01-13,Occasional
R002056,Metroville,2022-04-30,Occasional
R002057,Metroville,2021-02-28,Regular
R002058,Capital City,2021-03-29,Regular
R002059,Capital City,2022-09-17,Occasional
R002060,Metroville,2021-05-16,New
R002061,Metroville,2022-01-26,Occasional
R002062,Capital City,2022-08-18,Power
R002063,Capital City,2022-11-17,Occasional
R002064,Capital City,2022-01-06,Power
R002065,Metroville,2021-06-21,Regular
R002066,Metroville,2022-01-20,Regular
R002067,Capital City,2021-03-14,Occasional
R002068,Metroville,2022-07-06,Regular
R002069,Capital City,2021-01-30,Regular
R002070,Capital City,2021-09-13,Occasional
R002071,Metroville,2021-01-19,Regular
R002072,Metroville,2021-08-29,Power
R002073,Capital City,2021-03-26,Occasional
R002074,Metroville,2022-06-29,Occasional
R002075,Capital City,2022-08-16,New
R002076,Metroville,2022-10-29,Regular
R002077,Capital City,2021-09-20,Regular
R002078,Metroville,2022-11-25,Regular
R002079,Metroville,2022-03-07,Power
R002080,Capital City,2022-06-09,Occasional
R002081,Metroville,2022-11-18,Regular
R002082,Metroville,2022-06-11,Regular
R002083,Capital City,2022-11-20,Regular
R002084,Metroville,2022-02-12,Regular
R002085,Metroville,2022-02-18,Regular
R002086,Metroville,2021-07-23,Power
R002087,Metroville,2021-11-20,Occasional
R002088,Capital City,2021-06-24,Power
R002089,Metroville,2021-09-04,Power
R002090,Metroville,2022-04-17,Regular
R002091,Metroville,2022-11-25,Occasional
R002092,Capital City,2021-03-10,Regular
R002093,Metroville,2022-06-20,Occasional
R002094,Metroville,2022-03-15,Occasional
R002095,Capital City,2022-01-01,New
R002096,Capital City,2022-11-14,Power
R002097,Metroville,2021-03-01,New
R002098,Capital City,2022-01-27,Regular
R002099,Metroville,2022-03-28,Regular
R002100,Metroville,2022-08-27,Occasional
R002101,Capital City,2021-12-21,Regular
R002102,Metroville,2021-10-11,Power
R002103,Metroville,2021-11-18,Occasional
R002104,Metroville,2021-10-08,Occasional
R002105,Metroville,2021-12-02,Regular
R002106,Metroville,2022-01-19,Occasional
R002107,Metroville,2022-06-24,Regular
R002108,Capital City,2021-08-11,Power
R002109,Metroville,2021-01-23,Occasional
R002110,Capital City,2021-08-10,Regular
R002111,Metroville,2021-12-21,Occasional
R002112,Capital City,2021-07-19,Power
R002113,Metroville,2022-04-03,New
R002114,Metroville,2022-10-09,Occasional
R002115,Metroville,2021-10-24,Regular
R002116,Capital City,2022-10-13,Occasional
R002117,Metroville,2021-10-18,Power
R002118,Metroville,2021-04-25,Regular
R002119,Metroville,2022-07-01,New
R002120,Capital City,2021-06-22,Regular
R002121,Capital City,2022-03-07,Regular
R002122,Capital City,2022-02-07,Occasional
R002123,Metroville,2022-09-18,Power
R002124,Metroville,2022-10-12,Regular
R002125,Metroville,2022-01-31,Power
R002126,Metroville,2021-02-24,Regular
R002127,Metroville,2022-03-05,Occasional
R002128,Metroville,2022-02-22,Occasional
R002129,Capital City,2021-10-02,Occasional
R002130,Metroville,2021-04-24,Occasional
R002131,Metroville,2021-10-22,Power
R002132,Metroville,2022-07-15,Regular
R002133,Capital City,2021-01-25,Occasional
R002134,Capital City,2021-10-04,Regular
R002135,Capital City,2022-01-07,Power
R002136,Capital City,2021-10-01,Power
R002137,Metroville,2022-11-19,Occasional
R002138,Capital City,2022-01-05,Occasional
R002139,Metroville,2021-04-12,Regular
R002140,Metroville,2021-10-13,Regular
R002141,Metroville,2022-03-26,New
R002142,Metroville,2021-03-18,Regular
R002143,Metroville,2022-11-04,Occasional
R002144,Capital City,2022-10-17,Occasional
R002145,Metroville,2021-02-13,Power
R002146,Metroville,2021-03-20,Regular
R002147,Metroville,2021-11-12,Power
R002148,Metroville,2021-12-25,Regular
R002149,Metroville,2021-07-25,Regular
R002150,Metroville,2021-02-05,Occasional
R002151,Metroville,2022-07-22,Power
R002152,Capital City,2022-12-01,Occasional
R002153,Capital City,2022-08-08,Regular
R002154,Metroville,2021-04-19,Occasional
R002155,Capital City,2021-02-06,New
R002156,Metroville,2021-10-10,Power
R002157,Metroville,2022-11-27,Power
R002158,Capital City,2022-08-25,Regular
R002159,Capital City,2022-10-25,Regular
R002160,Metroville,2022-05-05,Occasional
R002161,Metroville,2021-03-12,Power
R002162,Capital City,2021-12-22,Occasional
R002163,Capital City,2021-12-27,Power
R002164,Metroville,2021-12-05,Power
R002165,Metroville,2021-05-31,Power
R002166,Metroville,2022-11-29,Regular
R002167,Metroville,2021-04-22,Occasional
R002168,Metroville,2022-07-28,Regular
R002169,Metroville,2021-02-05,Power
R002170,Metroville,2021-09-28,Regular
R002171,Metroville,2021-12-18,Regular
R002172,Capital City,2021-12-17,Power
R002173,Metroville,2021-10-04,Regular
R002174,Capital City,2022-10-15,Occasional
R002175,Capital City,2021-05-24,Occasional
R002176,Capital City,2022-08-14,Occasional
R002177,Metroville,2021-07-08,Power
R002178,Metroville,2021-12-22,Occasional
R002179,Metroville,2021-11-20,Occasional
R002180,Metroville,2022-02-14,Regular
R002181,Metroville,2021-03-07,Occasional
R002182,Capital City,2022-03-22,Occasional
R002183,Metroville,2022-04-21,Occasional
R002184,Metroville,2022-09-07,Occasional
R002185,Metroville,2022-12-06,Regular
R002186,Metroville,2022-06-25,Regular
R002187,Metroville,2021-08-08,Regular
R002188,Metroville,2021-07-20,Occasional
R002189,Metroville,2021-12-01,Power
R002190,Metroville,2021-06-05,Occasional
R002191,Metroville,2022-09-03,Regular
R002192,Metroville,2022-04-08,Occasional
R002193,Capital City,2022-04-10,Occasional
R002194,Capital City,2021-01-11,Regular
R002195,Metroville,2021-10-02,Regular
R002196,Metroville,2022-05-27,Occasional
R002197,Capital City,2021-04-15,Regular
R002198,Capital City,2022-03-15,Power
R002199,Metroville,2021-01-21,Regular
R002200,Metroville,2021-08-17,Regular
R002201,Metroville,2022-06-11,Occasional
R002202,Metroville,2022-08-29,Regular
R002203,Capital City,2022-08-16,Occasional
R002204,Capital City,2022-10-18,Regular
R002205,Metroville,2021-09-26,Occasional
R002206,Metroville,2022-07-09,Regular
R002207,Capital City,2021-01-01,Occasional
R002208,Metroville,2021-10-03,Occasional
R002209,Metroville,2022-10-04,Regular
R002210,Metroville,2021-02-02,Regular
R002211,Metroville,2022-02-08,Power
R002212,Metroville,2021-02-17,New
R002213,Metroville,2022-01-11,Regular
R002214,Metroville,2021-01-05,Regular
R002215,Metroville,2022-10-27,New
R002216,Capital City,2021-06-17,Occasional
R002217,Metroville,2021-06-25,Power
R002218,Metroville,2022-03-10,Regular
R002219,Metroville,2022-02-28,New
R002220,Capital City,2022-07-24,Regular
R002221,Capital City,2021-01-03,Power
R002222,Metroville,2021-01-05,Regular
R002223,Metroville,2021-01-14,Power
R002224,Metroville,2021-03-19,New
R002225,Metroville,2022-07-07,New
R002226,Metroville,2021-12-27,Occasional
R002227,Capital City,2021-07-30,Power
R002228,Capital City,2022-05-17,Regular
R002229,Capital City,2022-08-30,Regular
R002230,Metroville,2022-06-10,Occasional
R002231,Metroville,2022-08-12,Occasional
R002232,Capital City,2022-05-04,Regular
R002233,Capital City,2021-08-14,Regular
R002234,Metroville,2022-12-06,Regular
R002235,Capital City,2021-12-28,Power
R002236,Capital City,2021-06-13,Power
R002237,Metroville,2021-05-25,Regular
R002238,Capital City,2021-12-20,Occasional
R002239,Metroville,2021-09-10,Regular
R002240,Metroville,2021-06-16,Occasional
R002241,Metroville,2022-08-22,Occasional
R002242,Metroville,2021-04-15,Occasional
R002243,Metroville,2022-10-05,New
R002244,Metroville,2022-10-26,Regular
R002245,Capital City,2022-02-19,Occasional
R002246,Metroville,2021-11-20,Occasional
R002247,Metroville,2021-08-29,New
R002248,Capital City,2021-07-12,Occasional
R002249,Metroville,2021-11-07,Regular
R002250,Metroville,2021-11-08,Occasional
R002251,Metroville,2021-05-23,Occasional
R002252,Metroville,2022-10-18,Regular
R002253,Metroville,2022-08-26,Regular
R002254,Capital City,2022-02-11,Regular
R002255,Metroville,2021-03-15,Power
R002256,Metroville,2022-10-18,Occasional
R002257,Metroville,2021-09-28,Occasional
R002258,Metroville,2021-09-11,Occasional
R002259,Metroville,2021-02-04,Power
R002260,Metroville,2021-07-21,Regular
R002261,Capital City,2022-01-14,Occasional
R002262,Capital City,2022-08-23,Occasional
R002263,Capital City,2021-06-16,Occasional
R002264,Capital City,2021-03-17,Power
R002265,Metroville,2021-05-10,Regular
R002266,Metroville,2022-06-29,Regular
R002267,Metroville,2022-08-22,Regular
R002268,Metroville,2021-10-15,Occasional
R002269,Metroville,2021-08-05,Occasional
R002270,Metroville,2022-11-06,Regular
R002271,Metroville,2022-08-27,Occasional
R002272,Metroville,2021-07-20,Regular
R002273,Metroville,2022-07-29,Power
R002274,Metroville,2022-02-24,Occasional
R002275,Capital City,2022-07-17,New
R002276,Capital City,2022-07-20,Regular
R002277,Metroville,2022-02-05,Power
R002278,Metroville,2021-01-05,Occasional
R002279,Capital City,2022-05-16,Occasional
R002280,Capital City,2022-01-12,Power
R002281,Capital City,2021-07-19,Regular
R002282,Capital City,2022-03-17,Regular
R002283,Metroville,2022-10-13,Power
R002284,Metroville,2022-04-20,Regular
R002285,Metroville,2022-06-14,Power
R002286,Metroville,2021-03-22,Occasional
R002287,Metroville,2021-06-16,New
R002288,Capital City,2022-03-26,Regular
R002289,Metroville,2022-08-26,Regular
R002290,Capital City,2021-04-01,Occasional
R002291,Capital City,2022-02-25,Regular
R002292,Capital City,2021-04-12,New
R002293,Capital City,2021-07-04,Power
R002294,Metroville,2022-09-28,Regular
R002295,Capital City,2021-08-05,New
R002296,Metroville,2021-03-16,Regular
R002297,Metroville,2022-07-13,Regular
R002298,Metroville,2021-05-05,Occasional
R002299,Capital City,2021-05-17,Regular
R002300,Metroville,2022-07-28,Regular
R002301,Metroville,2022-07-10,New
R002302,Capital City,2021-02-26,Regular
R002303,Capital City,2021-04-02,Power
R002304,Capital City,2021-04-22,Regular
R002305,Capital City,2022-01-21,Regular
R002306,Metroville,2021-06-03,Regular
R002307,Metroville,2022-11-20,Regular
R002308,Metroville,2022-12-03,Regular
R002309,Capital City,2022-10-10,Power
R002310,Metroville,2022-11-16,Power
R002311,Capital City,2021-03-16,New
R002312,Metroville,2021-05-21,Occasional
R002313,Capital City,2022-04-05,Occasional
R002314,Metroville,2021-03-06,Occasional
R002315,Capital City,2022-05-31,Occasional
R002316,Metroville,2021-05-26,Regular
R002317,Capital City,2021-11-01,Power
R002318,Metroville,2021-04-09,Power
R002319,Metroville,2021-03-18,Occasional
R002320,Capital City,2022-12-01,Power
R002321,Capital City,2021-08-10,Regular
R002322,Capital City,2021-03-30,Regular
R002323,Capital City,2021-06-22,New
R002324,Capital City,2022-03-11,Regular
R002325,Capital City,2021-03-15,Regular
R002326,Metroville,2022-02-26,New
R002327,Metroville,2021-08-25,Power
R002328,Metroville,2022-04-26,Regular
R002329,Capital City,2021-01-30,Occasional
R002330,Metroville,2021-11-12,New
R002331,Metroville,2022-03-03,Occasional
R002332,Metroville,2021-09-24,Power
R002333,Capital City,2022-10-19,New
R002334,Metroville,2021-01-26,Power
R002335,Capital City,2022-11-01,Occasional
R002336,Metroville,2022-07-24,Power
R002337,Capital City,2021-10-08,Regular
R002338,Metroville,2021-11-02,Power
R002339,Metroville,2021-08-24,Power
R002340,Capital City,2021-09-13,Occasional
R002341,Metroville,2022-06-07,Regular
R002342,Capital City,2022-01-18,Regular
R002343,Capital City,2021-04-20,Regular
R002344,Metroville,2022-08-07,Regular
R002345,Metroville,2022-02-15,Power
R002346,Metroville,2022-02-09,Regular
R002347,Metroville,2022-01-13,Occasional
R002348,Metroville,2021-11-19,Power
R002349,Metroville,2022-08-21,Occasional
R002350,Metroville,2021-12-18,Power
R002351,Metroville,2021-07-23,Regular
R002352,Capital City,2021-06-05,Occasional
R002353,Metroville,2022-09-15,Occasional
R002354,Capital City,2022-02-09,Regular
R002355,Capital City,2022-04-29,Occasional
R002356,Metroville,2021-09-11,Occasional
R002357,Metroville,2022-08-29,New
R002358,Metroville,2022-04-03,Regular
R002359,Metroville,2021-09-28,Power
R002360,Metroville,2022-04-23,Power
R002361,Metroville,2022-08-10,Regular
R002362,Metroville,2022-09-24,Occasional
R002363,Metroville,2022-11-11,Regular
R002364,Capital City,2022-03-10,Power
R002365,Capital City,2021-12-04,Regular
R002366,Metroville,2021-04-11,Regular
R002367,Capital City,2021-10-30,Power
R002368,Metroville,2022-04-22,Regular
R002369,Metroville,2022-07-22,Regular
R002370,Metroville,2022-01-31,Occasional
R002371,Capital City,2021-05-20,Regular
R002372,Metroville,2022-02-15,Power
R002373,Metroville,2022-06-21,Regular
R002374,Metroville,2022-07-22,Regular
R002375,Metroville,2021-08-09,Power
R002376,Metroville,2021-07-23,Occasional
R002377,Capital City,2021-09-10,Occasional
R002378,Capital City,2021-08-09,Power
R002379,Metroville,2022-02-20,New
R002380,Metroville,2021-08-10,Power
R002381,Metroville,2022-12-09,Power
R002382,Capital City,2022-10-01,Regular
R002383,Metroville,2021-11-25,Power
R002384,Capital City,2021-08-02,Regular
R002385,Capital City,2021-09-20,Regular
R002386,Metroville,2022-04-30,Occasional
R002387,Metroville,2022-05-26,Power
R002388,Metroville,2021-05-14,Power
R002389,Metroville,2022-01-05,Regular
R002390,Metroville,2022-11-13,Regular
R002391,Metroville,2022-11-11,Regular
R002392,Metroville,2022-03-19,Regular
R002393,Metroville,2021-08-13,Regular
R002394,Capital City,2021-04-30,Power
R002395,Metroville,2021-03-03,Regular
R002396,Metroville,2021-02-12,Power
R002397,Metroville,2021-09-07,Regular
R002398,Metroville,2022-03-15,Regular
R002399,Metroville,2021-07-01,New
R002400,Metroville,2022-12-24,Occasional
R002401,Metroville,2022-09-13,Regular
R002402,Capital City,2021-10-17,Regular
R002403,Capital City,2022-08-17,Occasional
R002404,Metroville,2022-04-06,Power
R002405,Metroville,2021-12-23,Power
R002406,Metroville,2021-11-15,Power
R002407,Metroville,2021-12-23,Occasional
R002408,Capital City,2022-11-16,Power
R002409,Capital City,2021-11-17,Power
R002410,Capital City,2022-11-10,Regular
R002411,Metroville,2021-05-28,Regular
R002412,Metroville,2021-06-05,Regular
R002413,Metroville,2022-06-16,Regular
R002414,Capital City,2021-12-26,Regular
R002415,Metroville,2021-06-14,Occasional
R002416,Capital City,2022-03-12,New
R002417,Capital City,2022-10-18,Regular
R002418,Metroville,2021-12-02,Regular
R002419,Metroville,2021-08-03,Occasional
R002420,Metroville,2021-09-27,Regular
R002421,Capital City,2021-06-17,Power
R002422,Metroville,2022-03-21,Regular
R002423,Metroville,2021-04-03,Regular
R002424,Capital City,2021-02-04,Regular
R002425,Capital City,2021-04-16,Regular
R002426,Capital City,2022-09-02,Regular
R002427,Capital City,2022-08-23,Regular
R002428,Capital City,2022-09-24,Regular
R002429,Metroville,2021-11-24,Power
R002430,Capital City,2021-12-15,Power
R002431,Capital City,2022-01-19,Power
R002432,Metroville,2021-06-09,Regular
R002433,Metroville,2021-12-23,Occasional
R002434,Metroville,2022-08-07,Regular
R002435,Metroville,2022-06-12,Power
R002436,Metroville,2021-04-25,Regular
R002437,Metroville,2021-07-29,Regular
R002438,Metroville,2021-11-16,Occasional
R002439,Capital City,2021-08-07,Occasional
R002440,Metroville,2022-11-21,Power
R002441,Metroville,2022-11-16,Occasional
R002442,Capital City,2022-11-23,Regular
R002443,Metroville,2022-08-14,Power
R002444,Metroville,2021-01-01,Occasional
R002445,Metroville,2022-01-25,Occasional
R002446,Metroville,2021-09-03,Regular
R002447,Capital City,2021-07-19,Regular
R002448,Metroville,2021-09-21,Regular
R002449,Metroville,2022-08-02,Regular
R002450,Metroville,2021-04-21,Power
R002451,Metroville,2021-07-23,Occasional
R002452,Metroville,2022-08-11,Regular
R002453,Capital City,2022-01-31,Regular
R002454,Capital City,2021-04-14,Regular
R002455,Capital City,2022-02-09,Occasional
R002456,Capital City,2022-07-19,Occasional
R002457,Metroville,2021-11-25,Regular
R002458,Metroville,2021-04-10,Power
R002459,Metroville,2022-03-01,Regular
R002460,Capital City,2021-05-04,Regular
R002461,Capital City,2022-01-22,New
R002462,Metroville,2021-07-31,Power
R002463,Metroville,2021-07-29,Regular
R002464,Metroville,2021-07-05,Regular
R002465,Capital City,2021-08-18,Power
R002466,Metroville,2021-01-06,Regular
R002467,Capital City,2021-06-04,Occasional
R002468,Metroville,2022-03-01,Regular
R002469,Capital City,2021-09-02,Occasional
R002470,Capital City,2022-12-15,Power
R002471,Metroville,2021-12-20,Occasional
R002472,Capital City,2022-01-27,Regular
R002473,Capital City,2021-02-11,Power
R002474,Capital City,2022-09-11,New
R002475,Capital City,2021-11-01,Power
R002476,Metroville,2021-05-14,Regular
R002477,Metroville,2022-02-20,Occasional
R002478,Metroville,2021-01-27,New
R002479,Metroville,2021-03-28,Occasional
R002480,Metroville,2022-12-05,New
R002481,Metroville,2021-04-30,Regular
R002482,Metroville,2021-09-03,New
R002483,Metroville,2022-04-05,Regular
R002484,Capital City,2021-03-01,New
R002485,Capital City,2021-05-19,Occasional
R002486,Metroville,2021-05-20,Power
R002487,Metroville,2022-05-13,New
R002488,Metroville,2022-11-10,Occasional
R002489,Metroville,2021-05-14,Regular
R002490,Metroville,2021-08-28,Regular
R002491,Capital City,2022-07-11,Regular
R002492,Capital City,2021-07-14,Power
R002493,Metroville,2021-03-28,Regular
R002494,Capital City,2021-04-07,Occasional
R002495,Capital City,2021-12-08,New
R002496,Capital City,2022-08-03,Occasional
R002497,Metroville,2021-02-03,Occasional
R002498,Metroville,2022-04-28,Power
R002499,Metroville,2022-11-30,Regular
R002500,Capital City,2021-05-25,Occasional
R002501,Metroville,2021-01-14,Occasional
R002502,Capital City,2022-09-11,Regular
R002503,Capital City,2022-06-20,Regular
R002504,Capital City,2022-12-13,Power
R002505,Metroville,2021-10-07,Occasional
R002506,Metroville,2022-02-14,New
R002507,Metroville,2021-10-30,Occasional
R002508,Metroville,2022-07-30,Regular
R002509,Metroville,2021-11-05,Regular
R002510,Metroville,2021-01-24,Power
R002511,Capital City,2022-06-07,Occasional
R002512,Capital City,2021-11-07,New
R002513,Capital City,2021-08-06,Occasional
R002514,Metroville,2021-04-15,Regular
R002515,Capital City,2021-09-06,Regular
R002516,Metroville,2022-10-30,Occasional
R002517,Metroville,2021-01-09,Occasional
R002518,Metroville,2022-08-13,Regular
R002519,Capital City,2021-07-19,Power
R002520,Capital City,2022-06-03,Power
R002521,Capital City,2021-06-06,Occasional
R002522,Metroville,2022-02-03,Occasional
R002523,Capital City,2021-02-22,Occasional
R002524,Metroville,2021-08-30,Occasional
R002525,Metroville,2021-07-12,Occasional
R002526,Metroville,2021-12-12,Power
R002527,Metroville,2022-02-14,Regular
R002528,Metroville,2022-07-08,Occasional
R002529,Metroville,2021-09-18,Regular
R002530,Metroville,2021-07-05,Regular
R002531,Capital City,2022-01-16,Power
R002532,Metroville,2021-06-21,Regular
R002533,Capital City,2022-01-04,Regular
R002534,Metroville,2021-02-08,Regular
R002535,Capital City,2021-02-03,Regular
R002536,Metroville,2021-03-14,New
R002537,Metroville,2021-01-22,Regular
R002538,Capital City,2022-04-06,Occasional
R002539,Capital City,2021-04-17,Regular
R002540,Metroville,2021-08-24,Occasional
R002541,Metroville,2022-06-19,Regular
R002542,Capital City,2022-04-24,Regular
R002543,Metroville,2022-03-22,Occasional
R002544,Capital City,2021-06-09,Regular
R002545,Metroville,2022-03-02,Regular
R002546,Metroville,2022-05-16,Regular
R002547,Capital City,2022-03-03,Regular
R002548,Metroville,2022-03-12,Occasional
R002549,Capital City,2021-01-10,Regular
R002550,Metroville,2022-06-03,Regular
R002551,Metroville,2021-01-25,Occasional
R002552,Metroville,2021-01-10,Regular
R002553,Metroville,2021-08-19,Regular
R002554,Metroville,2022-02-11,Regular
R002555,Capital City,2021-08-28,Power
R002556,Capital City,2022-01-09,Power
R002557,Capital City,2021-06-07,New
R002558,Metroville,2022-03-27,Occasional
R002559,Metroville,2022-03-13,Occasional
R002560,Capital City,2022-08-30,Regular
R002561,Metroville,2021-05-24,Power
R002562,Metroville,2021-02-08,Occasional
R002563,Capital City,2021-06-24,Occasional
R002564,Metroville,2021-12-09,Regular
R002565,Metroville,2021-11-23,Power
R002566,Metroville,2022-01-13,Occasional
R002567,Metroville,2022-08-05,Regular
R002568,Capital City,2022-03-10,Regular
R002569,Capital City,2022-11-19,Regular
R002570,Capital City,2022-03-13,Power
R002571,Metroville,2022-10-13,Regular
R002572,Metroville,2022-01-12,New
R002573,Metroville,2021-10-06,Power
R002574,Capital City,2021-03-01,Power
R002575,Capital City,2022-04-14,Regular
R002576,Metroville,2021-08-29,Regular
R002577,Capital City,2022-05-27,New
R002578,Capital City,2022-06-09,Regular
R002579,Metroville,2021-06-29,New
R002580,Metroville,2022-03-30,Regular
R002581,Capital City,2021-06-05,Regular
R002582,Metroville,2021-01-19,Occasional
R002583,Metroville,2022-03-29,Power
R002584,Metroville,2022-08-14,Regular
R002585,Metroville,2022-09-12,New
R002586,Metroville,2021-04-11,Occasional
R002587,Metroville,2021-05-11,Regular
R002588,Metroville,2022-05-01,Power
R002589,Capital City,2022-04-28,Regular
R002590,Metroville,2022-11-11,Power
R002591,Metroville,2021-02-15,Power
R002592,Metroville,2021-07-07,Power
R002593,Capital City,2022-05-15,Power
R002594,Capital City,2021-03-19,Regular
R002595,Capital City,2022-05-08,Regular
R002596,Metroville,2022-11-09,New
R002597,Capital City,2022-09-21,Power
R002598,Metroville,2021-11-04,New
R002599,Capital City,2022-01-28,Regular
R002600,Metroville,2021-09-05,Regular
R002601,Metroville,2022-09-21,Power
R002602,Capital City,2021-02-03,New
R002603,Capital City,2022-08-14,Regular
R002604,Capital City,2022-12-27,Occasional
R002605,Capital City,2021-06-17,Regular
R002606,Capital City,2022-07-24,Regular
R002607,Metroville,2021-11-11,New
R002608,Metroville,2021-03-04,Occasional
R002609,Metroville,2021-09-01,New
R002610,Metroville,2021-08-31,Regular
R002611,Metroville,2021-03-06,Occasional
R002612,Metroville,2022-06-11,Regular
R002613,Metroville,2022-03-13,Regular
R002614,Metroville,2022-02-07,Power
R002615,Metroville,2022-03-15,Occasional
R002616,Capital City,2021-03-11,Occasional
R002617,Capital City,2022-11-02,Occasional
R002618,Metroville,2022-10-02,Regular
R002619,Capital City,2021-03-05,Occasional
R002620,Metroville,2021-05-24,Regular
R002621,Capital City,2022-05-09,Occasional
R002622,Metroville,2021-07-03,Power
R002623,Capital City,2022-11-24,Occasional
R002624,Capital City,2022-07-06,Power
R002625,Metroville,2021-10-31,Occasional
R002626,Metroville,2022-07-05,Power
R002627,Capital City,2022-11-25,Regular
R002628,Capital City,2021-11-21,Occasional
R002629,Metroville,2021-08-12,Occasional
R002630,Metroville,2022-06-25,Power
R002631,Metroville,2022-03-11,Power
R002632,Metroville,2022-11-24,Regular
R002633,Capital City,2022-12-23,Occasional
R002634,Metroville,2022-03-02,Occasional
R002635,Capital City,2021-05-30,Regular
R002636,Metroville,2021-04-24,Regular
R002637,Metroville,2022-09-14,New
R002638,Metroville,2022-01-23,Regular
R002639,Metroville,2022-03-16,Regular
R002640,Capital City,2021-09-23,Regular
R002641,Capital City,2021-03-16,Occasional
R002642,Metroville,2021-06-24,Power
R002643,Metroville,2021-07-14,New
R002644,Capital City,2021-08-14,Regular
R002645,Metroville,2022-08-17,New
R002646,Metroville,2021-08-03,Regular
R002647,Metroville,2021-09-09,Regular
R002648,Capital City,2022-03-28,Regular
R002649,Metroville,2022-06-18,Occasional
R002650,Metroville,2022-09-08,Regular
R002651,Capital City,2022-01-28,Regular
R002652,Capital City,2022-07-19,Power
R002653,Metroville,2021-09-19,Occasional
R002654,Metroville,2021-03-09,Regular
R002655,Capital City,2022-04-13,Power
R002656,Metroville,2022-06-25,Occasional
R002657,Capital City,2022-12-18,Power
R002658,Metroville,2022-01-21,Occasional
R002659,Metroville,2022-03-05,Power
R002660,Metroville,2021-05-30,Occasional
R002661,Metroville,2021-02-10,Regular
R002662,Metroville,2022-06-18,Power
R002663,Metroville,2022-07-06,Occasional
R002664,Metroville,2021-04-16,Regular
R002665,Metroville,2021-03-18,Occasional
R002666,Metroville,2021-11-12,Regular
R002667,Metroville,2021-10-21,Regular
R002668,Capital City,2021-07-23,Power
R002669,Metroville,2022-01-31,Occasional
R002670,Capital City,2022-10-05,Regular
R002671,Capital City,2021-11-17,Power
R002672,Metroville,2021-02-15,Regular
R002673,Capital City,2022-09-26,Occasional
R002674,Metroville,2022-06-26,Regular
R002675,Metroville,2022-08-11,Occasional
R002676,Capital City,2021-08-31,Power
R002677,Metroville,2022-02-04,Occasional
R002678,Metroville,2022-04-22,Occasional
R002679,Metroville,2022-12-26,Power
R002680,Capital City,2022-04-09,Occasional
R002681,Capital City,2021-12-05,Regular
R002682,Metroville,2022-05-05,Occasional
R002683,Metroville,2021-10-01,Power
R002684,Capital City,2022-04-03,Regular
R002685,Capital City,2022-01-29,Regular
R002686,Metroville,2022-02-26,Regular
R002687,Metroville,2021-05-15,New
R002688,Metroville,2021-05-25,New
R002689,Metroville,2022-12-21,Regular
R002690,Capital City,2022-04-09,Regular
R002691,Metroville,2021-03-03,Occasional
R002692,Metroville,2021-12-29,Regular
R002693,Capital City,2021-01-22,Occasional
R002694,Metroville,2022-05-05,Power
R002695,Metroville,2022-10-30,Power
R002696,Metroville,2021-02-17,Occasional
R002697,Capital City,2022-09-02,Occasional
R002698,Capital City,2021-09-12,Regular
R002699,Metroville,2022-02-21,Occasional
R002700,Metroville,2022-07-22,Power
R002701,Metroville,2021-11-12,Power
R002702,Capital City,2021-01-29,Regular
R002703,Metroville,2021-08-05,Power
R002704,Capital City,2021-01-11,Occasional
R002705,Metroville,2022-02-17,Occasional
R002706,Capital City,2021-01-25,Regular
R002707,Capital City,2022-09-03,Regular
R002708,Metroville,2021-03-18,Regular
R002709,Metroville,2022-03-05,Regular
R002710,Metroville,2021-12-21,Regular
R002711,Metroville,2021-04-12,Regular
R002712,Capital City,2022-05-20,Occasional
R002713,Metroville,2022-05-22,Occasional
R002714,Capital City,2022-08-18,Regular
R002715,Capital City,2021-08-30,New
R002716,Capital City,2022-07-29,Regular
R002717,Capital City,2021-09-23,Regular
R002718,Metroville,2021-04-21,New
R002719,Metroville,2021-12-15,Power
R002720,Metroville,2021-11-02,Power
R002721,Metroville,2021-01-13,Regular
R002722,Metroville,2021-06-18,Power
R002723,Metroville,2021-09-06,Regular
R002724,Metroville,2021-06-30,Occasional
R002725,Metroville,2021-02-20,Regular
R002726,Metroville,2022-05-23,Regular
R002727,Metroville,2022-04-23,Occasional
R002728,Capital City,2021-02-04,Regular
R002729,Metroville,2021-05-01,Regular
R002730,Capital City,2022-10-10,Power
R002731,Capital City,2021-07-12,Regular
R002732,Metroville,2021-10-01,Regular
R002733,Metroville,2021-07-10,Occasional
R002734,Capital City,2021-01-11,Power
R002735,Capital City,2021-12-27,Regular
R002736,Capital City,2022-10-14,Regular
R002737,Metroville,2021-06-03,New
R002738,Metroville,2022-09-09,Occasional
R002739,Metroville,2022-10-30,Occasional
R002740,Capital City,2021-06-20,Regular
R002741,Capital City,2021-08-02,Regular
R002742,Metroville,2022-06-08,New
R002743,Capital City,2021-05-25,Power
R002744,Metroville,2021-07-01,Occasional
R002745,Capital City,2022-08-01,Power
R002746,Metroville,2022-07-17,New
R002747,Metroville,2022-01-31,Regular
R002748,Metroville,2021-07-18,Regular
R002749,Metroville,2021-10-06,Power
R002750,Metroville,2022-09-04,Occasional
R002751,Metroville,2021-02-04,Regular
R002752,Metroville,2022-06-05,Occasional
R002753,Metroville,2021-05-14,Regular
R002754,Metroville,2021-08-19,Regular
R002755,Metroville,2022-09-30,Occasional
R002756,Metroville,2021-07-28,Power
R002757,Capital City,2021-10-02,New
R002758,Metroville,2022-11-06,New
R002759,Capital City,2021-09-24,New
R002760,Metroville,2022-08-19,Occasional
R002761,Capital City,2021-07-25,Occasional
R002762,Capital City,2021-11-02,Occasional
R002763,Metroville,2021-09-21,Regular
R002764,Capital City,2021-06-03,Regular
R002765,Metroville,2022-11-03,Regular
R002766,Metroville,2021-06-08,Regular
R002767,Capital City,2021-09-15,New
R002768,Metroville,2021-02-12,Regular
R002769,Metroville,2022-02-20,Power
R002770,Metroville,2022-12-10,Occasional
R002771,Metroville,2021-11-22,Occasional
R002772,Capital City,2022-04-16,Power
R002773,Capital City,2022-12-29,Regular
R002774,Metroville,2022-05-23,Regular
R002775,Metroville,2021-05-19,Regular
R002776,Metroville,2022-10-19,Regular
R002777,Capital City,2022-11-16,Occasional
R002778,Capital City,2021-10-25,New
R002779,Metroville,2022-01-14,New
R002780,Metroville,2021-01-14,Occasional
R002781,Metroville,2022-10-28,Power
R002782,Metroville,2021-06-26,Regular
R002783,Capital City,2022-11-01,Regular
R002784,Capital City,2022-10-23,New
R002785,Capital City,2021-09-05,Power
R002786,Capital City,2022-11-30,Regular
R002787,Capital City,2022-03-14,Occasional
R002788,Capital City,2021-11-09,Regular
R002789,Capital City,2022-07-01,Power
R002790,Capital City,2022-08-16,Occasional
R002791,Metroville,2021-03-16,Regular
R002792,Capital City,2021-03-11,New
R002793,Metroville,2021-10-28,Regular
R002794,Metroville,2021-12-14,Occasional
R002795,Capital City,2021-12-06,Occasional
R002796,Metroville,2021-09-29,Occasional
R002797,Metroville,2021-12-11,Power
R002798,Metroville,2021-12-13,Occasional
R002799,Metroville,2022-10-11,Occasional
R002800,Capital City,2021-02-01,New
R002801,Metroville,2021-02-23,Regular
R002802,Metroville,2021-06-28,Occasional
R002803,Metroville,2022-08-18,Occasional
R002804,Capital City,2021-03-03,Power
R002805,Metroville,2022-01-10,Occasional
R002806,Metroville,2022-09-02,Occasional
R002807,Capital City,2022-07-03,Regular
R002808,Metroville,2021-06-30,Power
R002809,Capital City,2021-11-25,Regular
R002810,Metroville,2021-07-09,Regular
R002811,Metroville,2022-08-24,Power
R002812,Capital City,2022-05-18,New
R002813,Metroville,2022-12-29,Power
R002814,Metroville,2022-12-09,Regular
R002815,Metroville,2022-03-02,Regular
R002816,Capital City,2021-09-14,Occasional
R002817,Metroville,2021-02-11,Regular
R002818,Metroville,2021-06-23,Regular
R002819,Metroville,2021-10-24,Power
R002820,Metroville,2021-07-06,Regular
R002821,Metroville,2021-12-09,Power
R002822,Metroville,2022-05-11,Regular
R002823,Metroville,2022-04-23,Regular
R002824,Metroville,2021-09-17,New
R002825,Capital City,2022-01-12,Occasional
R002826,Capital City,2022-07-27,Occasional
R002827,Metroville,2022-03-25,Regular
R002828,Metroville,2022-06-22,Regular
R002829,Capital City,2022-09-08,Power
R002830,Capital City,2022-11-30,Occasional
R002831,Metroville,2021-02-24,Regular
R002832,Capital City,2021-10-29,Occasional
R002833,Capital City,2021-04-12,New
R002834,Capital City,2022-12-16,Power
R002835,Metroville,2022-04-30,New
R002836,Capital City,2022-06-04,Regular
R002837,Capital City,2022-10-25,Regular
R002838,Capital City,2022-09-20,Regular
R002839,Metroville,2021-05-03,Regular
R002840,Capital City,2022-11-28,Regular
R002841,Metroville,2021-10-01,Occasional
R002842,Capital City,2021-04-29,Regular
R002843,Metroville,2021-02-12,New
R002844,Metroville,2021-01-11,Power
R002845,Metroville,2022-11-13,Occasional
R002846,Metroville,2022-04-26,Regular
R002847,Capital City,2022-11-17,Occasional
R002848,Capital City,2021-11-16,Regular
R002849,Metroville,2021-10-09,Occasional
R002850,Capital City,2022-05-07,Regular
R002851,Metroville,2021-06-28,Regular
R002852,Metroville,2022-05-24,Regular
R002853,Capital City,2022-11-05,Regular
R002854,Capital City,2022-08-11,Regular
R002855,Capital City,2021-08-04,Power
R002856,Metroville,2022-03-11,Power
R002857,Metroville,2022-05-07,Power
R002858,Capital City,2021-05-22,Regular
R002859,Metroville,2022-02-09,Regular
R002860,Metroville,2021-05-20,Regular
R002861,Metroville,2021-04-29,Occasional
R002862,Capital City,2021-02-12,Regular
R002863,Metroville,2022-02-07,Occasional
R002864,Metroville,2022-05-04,Regular
R002865,Metroville,2022-02-26,Power
R002866,Capital City,2022-08-08,Regular
R002867,Capital City,2021-02-24,Occasional
R002868,Capital City,2021-07-17,Occasional
R002869,Capital City,2022-05-20,Regular
R002870,Metroville,2021-11-04,Occasional
R002871,Capital City,2022-02-28,Occasional
R002872,Capital City,2022-03-26,Power
R002873,Metroville,2022-10-31,Occasional
R002874,Capital City,2021-06-10,Power
R002875,Capital City,2021-05-06,Occasional
R002876,Metroville,2022-07-06,New
R002877,Metroville,2021-03-31,New
R002878,Capital City,2021-02-05,Regular
R002879,Capital City,2021-10-21,Occasional
R002880,Metroville,2021-06-11,Regular
R002881,Capital City,2021-08-12,Power
R002882,Capital City,2022-11-14,Regular
R002883,Capital City,2022-01-14,New
R002884,Metroville,2021-03-14,Regular
R002885,Metroville,2021-02-13,Power
R002886,Capital City,2021-12-07,New
R002887,Metroville,2021-07-13,New
R002888,Metroville,2022-02-09,Regular
R002889,Capital City,2021-01-18,Regular
R002890,Capital City,2021-11-01,Regular
R002891,Capital City,2021-11-09,Occasional
R002892,Metroville,2022-08-02,Regular
R002893,Metroville,2022-02-28,Power
R002894,Metroville,2021-12-12,Power
R002895,Capital City,2022-06-27,Regular
R002896,Metroville,2021-06-30,Occasional
R002897,Capital City,2021-09-04,Power
R002898,Metroville,2022-04-30,New
R002899,Metroville,2022-05-16,Power
R002900,Capital City,2022-02-28,Regular
R002901,Metroville,2021-01-07,Regular
R002902,Metroville,2022-08-07,Power
R002903,Metroville,2021-09-14,Regular
R002904,Metroville,2022-11-03,Power
R002905,Capital City,2021-06-05,Occasional
R002906,Metroville,2021-11-05,Power
R002907,Capital City,2021-11-01,Regular
R002908,Metroville,2021-06-10,Regular
R002909,Metroville,2021-07-08,Occasional
R002910,Capital City,2022-08-17,Occasional
R002911,Capital City,2021-11-30,Occasional
R002912,Capital City,2022-04-28,New
R002913,Metroville,2022-04-15,Regular
R002914,Capital City,2022-06-07,Regular
R002915,Metroville,2022-01-28,Occasional
R002916,Capital City,2021-03-10,Occasional
R002917,Capital City,2022-10-13,Occasional
R002918,Capital City,2021-09-28,Occasional
R002919,Capital City,2021-12-18,Occasional
R002920,Capital City,2022-09-29,Occasional
R002921,Metroville,2021-07-02,Regular
R002922,Metroville,2022-06-20,Regular
R002923,Capital City,2022-11-10,Regular
R002924,Metroville,2022-04-02,New
R002925,Metroville,2021-12-11,Occasional
R002926,Metroville,2021-02-11,Power
R002927,Capital City,2021-04-22,Power
R002928,Metroville,2021-04-24,New
R002929,Metroville,2022-11-22,Regular
R002930,Metroville,2022-10-19,Occasional
R002931,Metroville,2022-06-23,Occasional
R002932,Metroville,2021-05-10,Occasional
R002933,Capital City,2021-02-13,Occasional
R002934,Capital City,2021-06-08,Regular
R002935,Capital City,2022-05-24,Occasional
R002936,Metroville,2021-08-29,Regular
R002937,Capital City,2022-06-02,Power
R002938,Metroville,2022-01-26,Regular
R002939,Capital City,2022-02-25,Occasional
R002940,Metroville,2022-12-17,Occasional
R002941,Metroville,2022-05-30,Occasional
R002942,Metroville,2022-06-21,Power
R002943,Metroville,2022-09-03,Occasional
R002944,Metroville,2021-08-29,Power
R002945,Capital City,2022-04-28,Occasional
R002946,Capital City,2021-01-19,Occasional
R002947,Metroville,2021-04-23,Regular
R002948,Metroville,2021-01-11,Regular
R002949,Capital City,2022-06-06,Regular
R002950,Capital City,2021-11-21,Occasional
R002951,Capital City,2022-05-01,Occasional
R002952,Metroville,2021-06-15,Regular
R002953,Metroville,2022-02-06,Occasional
R002954,Metroville,2022-03-18,New
R002955,Metroville,2021-12-08,Regular
R002956,Metroville,2021-09-11,Power
R002957,Capital City,2021-07-04,Occasional
R002958,Metroville,2021-03-08,Regular
R002959,Capital City,2021-12-30,Occasional
R002960,Metroville,2022-02-20,Occasional
R002961,Metroville,2022-04-09,Power
R002962,Metroville,2021-12-29,Occasional
R002963,Metroville,2021-07-25,New
R002964,Capital City,2021-08-10,Occasional
R002965,Capital City,2021-09-11,Power
R002966,Metroville,2022-09-23,Regular
R002967,Metroville,2021-09-08,Power
R002968,Metroville,2022-02-08,New
R002969,Capital City,2022-06-07,Regular
R002970,Metroville,2021-12-18,Regular
R002971,Metroville,2022-02-15,Regular
R002972,Metroville,2021-11-04,Power
R002973,Capital City,2022-11-16,Regular
R002974,Metroville,2021-06-04,Regular
R002975,Capital City,2022-05-20,Power
R002976,Metroville,2022-08-05,Regular
R002977,Capital City,2022-12-16,Occasional
R002978,Metroville,2022-04-09,Occasional
R002979,Metroville,2021-06-14,Regular
R002980,Capital City,2021-05-13,Power
R002981,Metroville,2021-05-18,Power
R002982,Metroville,2021-10-31,New
R002983,Metroville,2022-03-05,Power
R002984,Capital City,2022-07-29,Regular
R002985,Capital City,2022-06-15,Power
R002986,Capital City,2022-01-29,Regular
R002987,Capital City,2022-05-11,Power
R002988,Metroville,2021-12-09,Power
R002989,Metroville,2021-05-28,Regular
R002990,Metroville,2022-04-25,Occasional
R002991,Capital City,2021-08-08,Regular
R002992,Capital City,2021-06-17,Regular
R002993,Metroville,2021-03-02,Regular
R002994,Metroville,2021-01-30,Power
R002995,Capital City,2022-01-21,Power
R002996,Metroville,2022-04-13,Occasional
R002997,Metroville,2021-08-19,Occasional
R002998,Metroville,2021-03-15,Occasional
R002999,Metroville,2021-08-17,New
R003000,Metroville,2021-09-17,Regular
R003001,Capital City,2022-07-13,Regular
R003002,Capital City,2022-01-06,Occasional
R003003,Metroville,2022-07-12,Power
R003004,Metroville,2022-08-11,Regular
R003005,Capital City,2021-06-21,Regular
R003006,Capital City,2021-08-19,Power
R003007,Capital City,2022-06-27,Occasional
R003008,Metroville,2021-06-25,New
R003009,Metroville,2021-03-15,Occasional
R003010,Metroville,2022-11-02,Regular
R003011,Metroville,2021-07-14,Power
R003012,Capital City,2022-11-28,Regular
R003013,Metroville,2022-10-17,Regular
R003014,Capital City,2021-02-16,Regular
R003015,Capital City,2022-11-13,Regular
R003016,Capital City,2022-12-26,Regular
R003017,Capital City,2021-11-05,Regular
R003018,Capital City,2022-08-14,Regular
R003019,Capital City,2021-03-27,Power
R003020,Metroville,2022-05-10,Power
R003021,Metroville,2022-10-24,Regular
R003022,Metroville,2021-01-07,Regular
R003023,Capital City,2022-07-31,New
R003024,Metroville,2022-12-23,Occasional
R003025,Capital City,2022-05-23,Power
R003026,Metroville,2021-08-02,Power
R003027,Metroville,2021-09-22,Regular
R003028,Capital City,2021-12-15,Occasional
R003029,Metroville,2022-11-01,Occasional
R003030,Capital City,2021-04-09,Power
R003031,Metroville,2021-03-19,Regular
R003032,Metroville,2021-02-18,Occasional
R003033,Metroville,2021-04-10,New
R003034,Metroville,2021-08-25,Regular
R003035,Metroville,2021-02-25,Regular
R003036,Capital City,2021-08-20,Regular
R003037,Metroville,2022-12-16,Occasional
R003038,Metroville,2022-12-26,Regular
R003039,Metroville,2021-07-06,Occasional
R003040,Metroville,2021-06-16,Regular
R003041,Metroville,2021-11-06,Power
R003042,Metroville,2022-12-20,Regular
R003043,Metroville,2022-12-15,Occasional
R003044,Capital City,2021-07-08,Regular
R003045,Capital City,2022-03-26,Regular
R003046,Metroville,2021-07-02,New
R003047,Metroville,2022-03-14,Occasional
R003048,Metroville,2022-12-15,New
R003049,Metroville,2021-08-05,Power
R003050,Metroville,2021-01-17,Power
R003051,Metroville,2021-02-10,New
R003052,Metroville,2021-10-18,Power
R003053,Metroville,2022-07-02,Regular
R003054,Metroville,2022-09-14,Regular
R003055,Metroville,2022-09-25,Power
R003056,Capital City,2021-07-14,Regular
R003057,Capital City,2022-08-02,Occasional
R003058,Metroville,2022-04-30,New
R003059,Capital City,2022-06-19,Power
R003060,Metroville,2021-04-07,Occasional
R003061,Metroville,2021-07-11,Regular
R003062,Metroville,2022-04-18,Power
R003063,Capital City,2022-01-04,New
R003064,Metroville,2022-04-03,Regular
R003065,Metroville,2021-11-21,Regular
R003066,Metroville,2022-10-13,New
R003067,Metroville,2021-12-15,Regular
R003068,Metroville,2021-11-12,Regular
R003069,Metroville,2021-09-18,Power
R003070,Capital City,2021-06-02,Power
R003071,Metroville,2022-04-27,Regular
R003072,Metroville,2021-01-18,Power
R003073,Capital City,2022-05-15,Regular
R003074,Metroville,2022-02-28,Occasional
R003075,Capital City,2021-01-31,Power
R003076,Metroville,2022-10-11,Occasional
R003077,Metroville,2021-03-03,Regular
R003078,Metroville,2021-03-07,Regular
R003079,Capital City,2022-11-30,New
R003080,Metroville,2022-09-28,Power
R003081,Metroville,2021-11-12,Regular
R003082,Metroville,2021-12-09,Regular
R003083,Metroville,2021-12-11,Occasional
R003084,Metroville,2021-06-15,Power
R003085,Metroville,2021-09-01,Regular
R003086,Metroville,2022-11-05,Occasional
R003087,Metroville,2021-03-20,Power
R003088,Metroville,2022-12-23,Occasional
R003089,Metroville,2021-01-12,Regular
R003090,Metroville,2022-07-10,Regular
R003091,Metroville,2022-10-09,Regular
R003092,Metroville,2021-08-08,Power
R003093,Metroville,2021-10-14,Power
R003094,Capital City,2021-03-12,Regular
R003095,Metroville,2022-01-27,Regular
R003096,Capital City,2021-06-01,Occasional
R003097,Capital City,2022-09-26,Power
R003098,Capital City,2021-07-10,Regular
R003099,Metroville,2022-11-19,Power
R003100,Metroville,2022-05-11,Regular
R003101,Capital City,2022-05-30,Occasional
R003102,Capital City,2021-01-23,Occasional
R003103,Metroville,2021-05-31,Power
R003104,Metroville,2021-09-02,Regular
R003105,Metroville,2022-03-30,Regular
R003106,Metroville,2022-11-15,Regular
R003107,Metroville,2022-10-17,Regular
R003108,Capital City,2021-01-31,Power
R003109,Metroville,2022-03-20,Regular
R003110,Metroville,2021-06-24,Regular
R003111,Capital City,2021-06-03,New
R003112,Metroville,2021-02-27,Regular
R003113,Metroville,2022-11-29,Occasional
R003114,Metroville,2022-07-02,Power
R003115,Capital City,2022-02-13,Regular
R003116,Metroville,2022-12-16,Power
R003117,Metroville,2022-06-03,Regular
R003118,Metroville,2021-05-10,Power
R003119,Capital City,2022-08-07,Occasional
R003120,Capital City,2021-01-02,Power
R003121,Capital City,2021-11-20,Regular
R003122,Metroville,2022-10-15,New
R003123,Capital City,2022-03-01,Occasional
R003124,Metroville,2022-07-19,New
R003125,Capital City,2021-06-03,Regular
R003126,Metroville,2022-04-30,Regular
R003127,Metroville,2021-05-31,Regular
R003128,Metroville,2021-11-29,Occasional
R003129,Capital City,2021-02-07,Occasional
R003130,Capital City,2021-06-27,Regular
R003131,Metroville,2022-01-27,Power
R003132,Metroville,2021-12-04,Power
R003133,Capital City,2022-08-11,Occasional
R003134,Capital City,2021-01-26,Regular
R003135,Metroville,2022-10-13,Occasional
R003136,Metroville,2021-08-07,Power
R003137,Metroville,2022-01-12,Occasional
R003138,Metroville,2022-11-08,Occasional
R003139,Metroville,2022-09-23,Regular
R003140,Capital City,2021-10-11,Regular
R003141,Capital City,2022-05-09,Occasional
R003142,Capital City,2022-10-16,New
R003143,Metroville,2022-01-18,Occasional
R003144,Capital City,2021-04-22,Occasional
R003145,Capital City,2021-04-13,Occasional
R003146,Metroville,2021-05-02,Regular
R003147,Capital City,2021-11-21,Regular
R003148,Capital City,2022-02-01,Power
R003149,Metroville,2022-12-02,Regular
R003150,Capital City,2021-03-23,Regular
R003151,Capital City,2022-03-28,Occasional
R003152,Metroville,2021-09-27,New
R003153,Metroville,2021-08-17,Occasional
R003154,Metroville,2022-05-13,Regular
R003155,Metroville,2022-01-02,Power
R003156,Metroville,2021-06-14,Occasional
R003157,Capital City,2021-12-13,Regular
R003158,Metroville,2021-10-16,Power
R003159,Capital City,2022-06-25,Occasional
R003160,Capital City,2021-02-04,Regular
R003161,Capital City,2021-05-12,Occasional
R003162,Metroville,2021-02-24,Regular
R003163,Metroville,2021-12-08,Regular
R003164,Capital City,2022-10-06,Occasional
R003165,Metroville,2021-04-08,Regular
R003166,Metroville,2022-03-05,New
R003167,Metroville,2022-04-24,Occasional
R003168,Metroville,2021-01-01,New
R003169,Metroville,2022-10-18,Regular
R003170,Metroville,2022-10-09,Regular
R003171,Metroville,2022-04-02,Occasional
R003172,Capital City,2022-07-28,Power
R003173,Metroville,2021-12-08,Regular
R003174,Metroville,2021-01-03,Power
R003175,Metroville,2021-03-23,New
R003176,Metroville,2022-07-28,Occasional
R003177,Metroville,2021-11-29,Occasional
R003178,Capital City,2022-02-11,Power
R003179,Metroville,2021-12-28,Occasional
R003180,Capital City,2022-09-14,Occasional
R003181,Metroville,2022-09-30,Occasional
R003182,Metroville,2022-12-27,Occasional
R003183,Metroville,2022-02-20,Occasional
R003184,Metroville,2021-10-03,Regular
R003185,Metroville,2021-12-29,Power
R003186,Capital City,2022-03-31,Regular
R003187,Capital City,2022-09-19,Power
R003188,Metroville,2022-08-19,Regular
R003189,Capital City,2022-10-04,Power
R003190,Capital City,2022-06-24,Power
R003191,Capital City,2021-10-17,Occasional
R003192,Metroville,2021-09-29,Regular
R003193,Metroville,2021-06-10,Occasional
R003194,Metroville,2021-06-12,New
R003195,Metroville,2021-07-26,Occasional
R003196,Metroville,2021-11-10,Occasional
R003197,Capital City,2022-09-18,Occasional
R003198,Capital City,2022-12-06,Regular
R003199,Metroville,2022-10-02,Regular
R003200,Metroville,2022-01-04,Power
R003201,Capital City,2021-06-13,Power
R003202,Metroville,2022-09-28,Power
R003203,Metroville,2021-04-30,Power
R003204,Metroville,2021-04-29,Regular
R003205,Metroville,2022-02-03,Power
R003206,Metroville,2021-12-03,Regular
R003207,Capital City,2022-12-20,Regular
R003208,Metroville,2022-03-09,Occasional
R003209,Metroville,2021-11-04,Power
R003210,Capital City,2021-11-30,Occasional
R003211,Capital City,2022-10-07,Occasional
R003212,Metroville,2021-06-08,Regular
R003213,Metroville,2022-04-28,Regular
R003214,Capital City,2021-05-26,New
R003215,Metroville,2021-07-17,Occasional
R003216,Capital City,2022-07-12,Power
R003217,Capital City,2021-01-30,Occasional
R003218,Capital City,2021-12-08,Occasional
R003219,Metroville,2022-07-12,Regular
R003220,Metroville,2022-08-12,Occasional
R003221,Metroville,2022-04-01,Regular
R003222,Capital City,2022-02-27,Regular
R003223,Metroville,2022-04-02,Occasional
R003224,Capital City,2021-08-15,Occasional
R003225,Metroville,2022-08-05,Occasional
R003226,Capital City,2022-10-29,Power
R003227,Metroville,2022-07-14,Regular
R003228,Capital City,2021-10-13,Regular
R003229,Capital City,2022-03-25,Occasional
R003230,Metroville,2021-10-27,Regular
R003231,Metroville,2022-03-01,Occasional
R003232,Capital City,2021-08-24,Regular
R003233,Capital City,2022-10-15,Regular
R003234,Metroville,2021-12-28,Regular
R003235,Capital City,2022-04-19,New
R003236,Capital City,2022-04-24,Power
R003237,Capital City,2021-04-01,Power
R003238,Capital City,2021-08-12,Power
R003239,Metroville,2021-05-03,Regular
R003240,Metroville,2021-04-10,Regular
R003241,Metroville,2022-06-15,Occasional
R003242,Capital City,2021-09-20,Regular
R003243,Metroville,2022-09-14,Occasional
R003244,Capital City,2022-08-16,Regular
R003245,Metroville,2022-02-24,New
R003246,Capital City,2022-12-26,Regular
R003247,Metroville,2021-11-22,Regular
R003248,Capital City,2022-01-26,Regular
R003249,Metroville,2021-04-06,Regular
R003250,Metroville,2021-12-08,New
R003251,Metroville,2022-01-29,Regular
R003252,Metroville,2021-10-08,Regular
R003253,Metroville,2022-01-24,Power
R003254,Capital City,2021-10-18,Power
R003255,Capital City,2021-03-06,Occasional
R003256,Metroville,2021-05-03,New
R003257,Capital City,2022-08-15,New
R003258,Metroville,2022-02-28,Regular
R003259,Capital City,2022-02-07,New
R003260,Capital City,2021-04-24,Regular
R003261,Metroville,2021-01-20,Regular
R003262,Capital City,2022-06-10,Regular
R003263,Metroville,2021-08-29,Power
R003264,Metroville,2022-02-14,Power
R003265,Metroville,2022-07-04,Power
R003266,Metroville,2021-11-20,Power
R003267,Capital City,2022-02-09,Regular
R003268,Metroville,2022-03-09,Regular
R003269,Capital City,2021-01-20,Power
R003270,Metroville,2021-03-24,Occasional
R003271,Metroville,2021-08-17,Power
R003272,Capital City,2021-05-22,Regular
R003273,Metroville,2022-04-28,Regular
R003274,Metroville,2022-02-02,Occasional
R003275,Metroville,2021-12-12,Occasional
R003276,Metroville,2022-03-20,Occasional
R003277,Metroville,2021-11-25,Regular
R003278,Capital City,2021-12-24,New
R003279,Metroville,2022-09-07,Regular
R003280,Capital City,2021-06-03,Power
R003281,Metroville,2022-06-11,Regular
R003282,Metroville,2021-05-05,Occasional
R003283,Metroville,2021-06-22,Regular
R003284,Capital City,2022-07-01,Occasional
R003285,Metroville,2021-02-02,Occasional
R003286,Metroville,2021-06-17,Regular
R003287,Metroville,2022-12-05,Power
R003288,Metroville,2021-09-16,New
R003289,Capital City,2021-01-06,Regular
R003290,Metroville,2022-06-01,Occasional
R003291,Capital City,2021-10-10,Power
R003292,Capital City,2022-03-09,Regular
R003293,Capital City,2021-01-22,Occasional
R003294,Metroville,2022-10-23,Regular
R003295,Metroville,2021-11-09,New
R003296,Metroville,2021-02-11,Regular
R003297,Metroville,2021-08-08,Power
R003298,Capital City,2022-08-12,Regular
R003299,Metroville,2021-03-24,Regular
R003300,Capital City,2022-02-25,Occasional
R003301,Metroville,2022-04-29,Occasional
R003302,Metroville,2022-04-18,Power
R003303,Metroville,2021-02-26,Regular
R003304,Metroville,2022-07-28,Occasional
R003305,Capital City,2021-10-25,Regular
R003306,Capital City,2021-12-11,New
R003307,Metroville,2022-10-18,Regular
R003308,Metroville,2021-09-29,New
R003309,Metroville,2021-04-29,Regular
R003310,Metroville,2021-08-29,New
R003311,Metroville,2021-05-15,Occasional
R003312,Metroville,2021-11-17,Occasional
R003313,Capital City,2021-07-03,Regular
R003314,Capital City,2021-08-01,Occasional
R003315,Metroville,2021-01-23,Occasional
R003316,Metroville,2021-10-30,Regular
R003317,Capital City,2021-06-24,Occasional
R003318,Capital City,2022-11-25,Regular
R003319,Capital City,2021-12-29,Occasional
R003320,Metroville,2021-01-13,Occasional
R003321,Capital City,2021-07-01,New
R003322,Metroville,2021-05-03,Power
R003323,Metroville,2021-03-19,Occasional
R003324,Capital City,2022-10-06,Power
R003325,Capital City,2022-09-12,Power
R003326,Metroville,2022-04-22,Power
R003327,Metroville,2021-02-27,Regular
R003328,Metroville,2021-02-20,Occasional
R003329,Metroville,2022-01-03,Regular
R003330,Metroville,2022-07-15,Regular
R003331,Metroville,2021-03-10,Occasional
R003332,Metroville,2021-04-14,New
R003333,Capital City,2022-11-17,New
R003334,Metroville,2021-06-04,New
R003335,Metroville,2021-03-12,Regular
R003336,Metroville,2021-02-07,Power
R003337,Metroville,2021-03-10,Regular
R003338,Metroville,2021-11-18,Power
R003339,Capital City,2022-01-27,Regular
R003340,Metroville,2021-10-18,Occasional
R003341,Capital City,2022-09-15,Regular
R003342,Capital City,2022-12-22,Regular
R003343,Capital City,2022-09-23,Regular
R003344,Metroville,2022-04-12,Regular
R003345,Metroville,2022-05-19,Regular
R003346,Capital City,2021-07-28,Regular
R003347,Capital City,2021-07-19,Power
R003348,Metroville,2021-06-09,New
R003349,Capital City,2021-05-17,Regular
R003350,Capital City,2021-01-27,Regular
R003351,Metroville,2021-05-22,New
R003352,Metroville,2022-05-20,Regular
R003353,Metroville,2021-10-02,Power
R003354,Capital City,2021-12-14,Occasional
R003355,Capital City,2021-11-27,Power
R003356,Metroville,2021-09-14,Regular
R003357,Capital City,2021-02-05,Power
R003358,Capital City,2021-05-09,Occasional
R003359,Metroville,2021-01-24,Occasional
R003360,Metroville,2021-08-07,Regular
R003361,Capital City,2022-07-31,Regular
R003362,Capital City,2022-01-13,Occasional
R003363,Metroville,2022-12-07,Regular
R003364,Metroville,2021-08-25,Regular
R003365,Capital City,2022-09-16,Power
R003366,Metroville,2022-03-05,Regular
R003367,Capital City,2021-11-02,Regular
R003368,Metroville,2022-10-06,Occasional
R003369,Capital City,2022-09-05,Regular
R003370,Metroville,2022-08-09,Power
R003371,Metroville,2022-01-10,Regular
R003372,Metroville,2022-02-16,Power
R003373,Metroville,2022-01-15,Power
R003374,Capital City,2021-09-22,Regular
R003375,Capital City,2022-06-04,Occasional
R003376,Metroville,2021-07-17,Occasional
R003377,Metroville,2021-08-25,Regular
R003378,Metroville,2022-01-10,Occasional
R003379,Capital City,2021-09-01,Occasional
R003380,Capital City,2022-09-24,Regular
R003381,Metroville,2021-10-10,Regular
R003382,Metroville,2021-01-18,Regular
R003383,Capital City,2021-09-25,Power
R003384,Capital City,2022-02-09,Regular
R003385,Capital City,2022-10-25,Regular
R003386,Metroville,2022-02-28,Power
R003387,Capital City,2022-11-17,Regular
R003388,Metroville,2021-01-04,Regular
R003389,Capital City,2022-09-06,Occasional
R003390,Capital City,2022-12-09,Regular
R003391,Metroville,2022-01-15,Occasional
R003392,Metroville,2021-03-09,Regular
R003393,Capital City,2022-09-12,Power
R003394,Capital City,2021-02-07,Power
R003395,Capital City,2022-07-17,Occasional
R003396,Capital City,2022-04-27,Regular
R003397,Metroville,2021-07-22,Regular
R003398,Metroville,2022-07-07,Regular
R003399,Capital City,2021-06-15,Regular
R003400,Metroville,2022-07-22,Occasional
R003401,Metroville,2022-01-28,Regular
R003402,Metroville,2021-06-07,Occasional
R003403,Metroville,2021-10-22,New
R003404,Capital City,2021-09-15,Occasional
R003405,Metroville,2022-05-09,Regular
R003406,Capital City,2021-11-13,Regular
R003407,Metroville,2021-03-28,New
R003408,Metroville,2022-06-27,Regular
R003409,Metroville,2022-06-25,Power
R003410,Capital City,2021-03-17,New
R003411,Metroville,2021-02-27,Occasional
R003412,Capital City,2021-10-16,Power
R003413,Metroville,2021-11-22,Power
R003414,Metroville,2022-12-03,Regular
R003415,Capital City,2021-04-13,Occasional
R003416,Capital City,2022-06-13,Regular
R003417,Metroville,2021-09-28,Power
R003418,Capital City,2021-05-05,Regular
R003419,Metroville,2021-10-19,Occasional
R003420,Metroville,2021-11-29,Power
R003421,Capital City,2022-12-28,Regular
R003422,Metroville,2021-01-10,Regular
R003423,Capital City,2022-05-27,Regular
R003424,Metroville,2022-06-05,Occasional
R003425,Metroville,2022-03-22,Regular
R003426,Metroville,2021-01-11,Power
R003427,Capital City,2022-10-29,New
R003428,Metroville,2021-05-20,Regular
R003429,Capital City,2022-09-19,Regular
R003430,Capital City,2021-07-01,Occasional
R003431,Metroville,2022-06-24,Power
R003432,Capital City,2021-12-23,Regular
R003433,Metroville,2022-02-02,Regular
R003434,Metroville,2022-06-14,Regular
R003435,Metroville,2021-09-20,Power
R003436,Metroville,2022-09-07,Regular
R003437,Capital City,2022-04-08,Regular
R003438,Capital City,2021-02-14,Occasional
R003439,Metroville,2021-08-18,Regular
R003440,Capital City,2021-07-10,Regular
R003441,Capital City,2021-03-18,Regular
R003442,Metroville,2022-02-15,Occasional
R003443,Capital City,2021-04-30,Power
R003444,Metroville,2021-11-30,Regular
R003445,Metroville,2021-04-16,Occasional
R003446,Metroville,2021-11-26,Power
R003447,Capital City,2021-05-10,Regular
R003448,Metroville,2022-09-07,Power
R003449,Capital City,2022-01-10,Regular
R003450,Metroville,2022-01-06,Occasional
R003451,Metroville,2021-09-20,Regular
R003452,Metroville,2021-04-09,Occasional
R003453,Metroville,2022-07-09,Regular
R003454,Metroville,2021-02-11,Power
R003455,Capital City,2021-01-09,Occasional
R003456,Metroville,2022-03-03,Power
R003457,Metroville,2021-04-12,Regular
R003458,Metroville,2021-05-07,Regular
R003459,Metroville,2022-10-07,Power
R003460,Capital City,2021-02-12,Occasional
R003461,Capital City,2022-08-17,Regular
R003462,Metroville,2022-02-15,Occasional
R003463,Capital City,2022-09-03,Regular
R003464,Metroville,2022-05-02,Occasional
R003465,Capital City,2022-02-23,Occasional
R003466,Metroville,2022-09-04,Regular
R003467,Metroville,2022-06-28,Regular
R003468,Capital City,2021-12-15,Occasional
R003469,Metroville,2021-01-21,New
R003470,Metroville,2022-08-10,Regular
R003471,Capital City,2021-07-27,Power
R003472,Capital City,2021-11-30,Regular
R003473,Metroville,2021-10-30,New
R003474,Metroville,2021-05-01,Regular
R003475,Capital City,2022-08-13,Regular
R003476,Capital City,2021-05-23,Occasional
R003477,Metroville,2021-12-05,Regular
R003478,Capital City,2021-10-25,Regular
R003479,Metroville,2022-06-25,Occasional
R003480,Capital City,2021-08-21,Power
R003481,Metroville,2021-03-22,Regular
R003482,Capital City,2021-06-30,Occasional
R003483,Metroville,2021-01-21,Regular
R003484,Capital City,2021-03-12,Regular
R003485,Capital City,2022-07-08,Occasional
R003486,Metroville,2021-06-12,Occasional
R003487,Metroville,2022-07-15,Occasional
R003488,Metroville,2021-08-18,Occasional
R003489,Capital City,2022-03-12,Power
R003490,Capital City,2022-08-11,Regular
R003491,Metroville,2022-06-24,Occasional
R003492,Capital City,2022-02-13,Power
R003493,Capital City,2021-09-27,Regular
R003494,Metroville,2021-04-07,Occasional
R003495,Metroville,2022-11-08,Regular
R003496,Capital City,2021-12-30,Regular
R003497,Metroville,2022-12-23,Regular
R003498,Capital City,2021-08-23,Occasional
R003499,Capital City,2022-08-15,Power
R003500,Metroville,2022-06-16,Occasional
R003501,Metroville,2021-12-04,Regular
R003502,Capital City,2021-06-05,New
R003503,Metroville,2021-08-02,Regular
R003504,Metroville,2021-03-04,Regular
R003505,Metroville,2021-08-13,Regular
R003506,Metroville,2021-11-09,Power
R003507,Metroville,2021-01-30,Regular
R003508,Metroville,2021-08-16,Power
R003509,Metroville,2021-11-02,Regular
R003510,Metroville,2021-01-04,New
R003511,Metroville,2021-10-04,Power
R003512,Capital City,2021-08-19,New
R003513,Capital City,2022-07-14,Occasional
R003514,Metroville,2022-10-09,Power
R003515,Metroville,2021-06-02,Regular
R003516,Capital City,2022-12-01,Regular
R003517,Metroville,2022-05-21,Occasional
R003518,Metroville,2022-03-08,Power
R003519,Metroville,2022-11-29,Occasional
R003520,Metroville,2022-03-26,Occasional
R003521,Capital City,2022-05-16,Regular
R003522,Capital City,2021-06-30,Regular
R003523,Capital City,2022-03-12,Regular
R003524,Capital City,2022-07-13,Regular
R003525,Metroville,2021-09-20,Occasional
R003526,Capital City,2021-06-01,Occasional
R003527,Capital City,2021-08-12,Occasional
R003528,Metroville,2021-06-18,Regular
R003529,Capital City,2021-07-27,Regular
R003530,Capital City,2022-09-08,Power
R003531,Capital City,2021-05-25,Occasional
R003532,Capital City,2022-09-07,New
R003533,Metroville,2022-04-02,Occasional
R003534,Metroville,2021-06-24,Occasional
R003535,Metroville,2021-12-22,Regular
R003536,Metroville,2021-06-25,Occasional
R003537,Capital City,2022-11-20,Regular
R003538,Metroville,2021-10-07,Regular
R003539,Metroville,2021-06-21,Occasional
R003540,Metroville,2022-05-23,New
R003541,Metroville,2021-10-23,New
R003542,Metroville,2022-09-19,Occasional
R003543,Capital City,2021-03-03,Regular
R003544,Capital City,2022-04-23,Occasional
R003545,Metroville,2022-03-03,Regular
R003546,Metroville,2022-11-29,Power
R003547,Capital City,2021-09-28,Regular
R003548,Metroville,2022-04-07,Occasional
R003549,Capital City,2022-01-10,Regular
R003550,Metroville,2022-10-04,Power
R003551,Metroville,2021-10-09,Regular
R003552,Capital City,2022-09-03,Occasional
R003553,Metroville,2022-05-04,Regular
R003554,Metroville,2022-06-01,Regular
R003555,Capital City,2021-05-09,Occasional
R003556,Capital City,2021-01-26,Power
R003557,Metroville,2022-01-07,Regular
R003558,Metroville,2021-01-04,Power
R003559,Capital City,2021-04-17,Regular
R003560,Capital City,2021-03-25,Occasional
R003561,Capital City,2021-10-20,Regular
R003562,Metroville,2022-07-16,Power
R003563,Metroville,2021-04-11,Occasional
R003564,Metroville,2022-08-12,Regular
R003565,Metroville,2022-06-04,Power
R003566,Metroville,2022-06-04,Occasional
R003567,Capital City,2022-11-02,Regular
R003568,Metroville,2021-05-28,New
R003569,Capital City,2022-01-07,Occasional
R003570,Capital City,2021-07-05,Regular
R003571,Capital City,2022-03-20,Regular
R003572,Capital City,2021-04-30,Regular
R003573,Capital City,2021-06-29,New
R003574,Capital City,2022-07-13,Regular
R003575,Metroville,2022-02-04,Occasional
R003576,Capital City,2021-01-11,Regular
R003577,Capital City,2022-03-08,Power
R003578,Metroville,2022-03-11,Power
R003579,Metroville,2021-05-25,Occasional
R003580,Metroville,2022-04-03,Occasional
R003581,Capital City,2021-07-24,Occasional
R003582,Capital City,2021-02-05,Occasional
R003583,Capital City,2022-09-26,Regular
R003584,Capital City,2022-08-16,Occasional
R003585,Metroville,2021-11-06,Regular
R003586,Metroville,2022-11-02,Power
R003587,Metroville,2022-03-24,New
R003588,Metroville,2021-03-01,Occasional
R003589,Capital City,2022-08-25,New
R003590,Metroville,2021-01-13,Occasional
R003591,Metroville,2022-08-19,Occasional
R003592,Capital City,2022-04-21,New
R003593,Metroville,2022-08-05,Power
R003594,Metroville,2021-01-03,Regular
R003595,Metroville,2022-02-06,Occasional
R003596,Metroville,2022-04-23,Occasional
R003597,Metroville,2021-02-08,Regular
R003598,Capital City,2021-11-25,Occasional
R003599,Metroville,2021-08-18,New
R003600,Capital City,2022-08-09,Power
R003601,Metroville,2021-05-20,Regular
R003602,Metroville,2021-03-25,Regular
R003603,Capital City,2022-04-01,Regular
R003604,Metroville,2021-03-30,Occasional
R003605,Metroville,2021-11-03,New
R003606,Metroville,2021-12-13,Regular
R003607,Metroville,2021-09-26,Occasional
R003608,Metroville,2022-10-16,Occasional
R003609,Metroville,2021-03-24,New
R003610,Capital City,2022-09-28,Power
R003611,Capital City,2021-11-15,Regular
R003612,Metroville,2021-07-23,Regular
R003613,Capital City,2022-03-23,Power
R003614,Capital City,2021-01-20,Regular
R003615,Capital City,2021-12-20,Occasional
R003616,Metroville,2021-09-23,Occasional
R003617,Metroville,2021-08-20,Occasional
R003618,Metroville,2022-01-31,Occasional
R003619,Capital City,2021-05-16,Power
R003620,Capital City,2022-12-30,Occasional
R003621,Capital City,2022-09-28,Power
R003622,Metroville,2021-09-19,Occasional
R003623,Metroville,2021-03-22,Regular
R003624,Capital City,2021-02-20,Power
R003625,Metroville,2021-01-17,Power
R003626,Capital City,2021-12-31,Power
R003627,Metroville,2022-10-29,Power
R003628,Metroville,2021-07-03,Occasional
R003629,Metroville,2021-11-20,Regular
R003630,Capital City,2022-05-23,Occasional
R003631,Metroville,2021-10-19,Regular
R003632,Capital City,2022-05-30,Regular
R003633,Capital City,2021-08-13,Regular
R003634,Metroville,2022-04-02,Regular
R003635,Metroville,2022-02-05,Regular
R003636,Metroville,2022-03-17,Power
R003637,Capital City,2022-01-21,Regular
R003638,Metroville,2021-06-20,Power
R003639,Metroville,2021-05-20,Regular
R003640,Capital City,2022-08-21,Occasional
R003641,Metroville,2021-06-01,Regular
R003642,Metroville,2021-08-23,Occasional
R003643,Metroville,2022-01-15,Occasional
R003644,Metroville,2021-02-02,Regular
R003645,Capital City,2022-11-13,Power
R003646,Capital City,2022-11-15,Regular
R003647,Metroville,2022-09-22,Occasional
R003648,Metroville,2021-03-31,Power
R003649,Metroville,2021-09-18,Occasional
R003650,Metroville,2022-12-16,Occasional
R003651,Metroville,2022-08-27,Occasional
R003652,Metroville,2022-07-24,Power
R003653,Metroville,2021-10-07,Power
R003654,Capital City,2021-09-21,Regular
R003655,Capital City,2023-01-01,Regular
R003656,Capital City,2021-10-20,Occasional
R003657,Metroville,2022-06-08,Regular
R003658,Metroville,2021-01-26,Power
R003659,Metroville,2022-08-19,Occasional
R003660,Metroville,2021-03-07,Power
R003661,Metroville,2022-02-26,Occasional
R003662,Metroville,2022-07-23,New
R003663,Metroville,2022-03-27,Regular
R003664,Metroville,2022-09-28,New
R003665,Metroville,2021-03-02,Occasional
R003666,Metroville,2021-12-28,Power
R003667,Capital City,2022-04-20,Occasional
R003668,Metroville,2022-10-09,Regular
R003669,Metroville,2021-12-17,Regular
R003670,Capital City,2021-02-20,Occasional
R003671,Capital City,2021-03-08,Regular
R003672,Capital City,2022-07-16,Occasional
R003673,Metroville,2022-11-09,Regular
R003674,Metroville,2021-11-22,Occasional
R003675,Capital City,2021-04-01,Power
R003676,Metroville,2022-02-23,Regular
R003677,Metroville,2021-01-15,Occasional
R003678,Metroville,2022-05-07,New
R003679,Capital City,2021-10-19,Power
R003680,Metroville,2021-03-01,Power
R003681,Capital City,2022-09-30,Occasional
R003682,Metroville,2021-01-11,Power
R003683,Metroville,2022-09-26,Regular
R003684,Metroville,2022-12-31,Occasional
R003685,Metroville,2022-05-28,Power
R003686,Capital City,2021-08-31,Occasional
R003687,Metroville,2022-10-14,Occasional
R003688,Metroville,2022-08-19,Regular
R003689,Metroville,2021-05-04,Occasional
R003690,Metroville,2022-05-15,Regular
R003691,Metroville,2021-07-19,Regular
R003692,Capital City,2021-02-04,Occasional
R003693,Capital City,2021-10-03,Regular
R003694,Metroville,2022-12-23,Power
R003695,Metroville,2022-12-24,Occasional
R003696,Capital City,2021-01-19,Regular
R003697,Capital City,2022-01-15,Occasional
R003698,Metroville,2022-08-31,Regular
R003699,Metroville,2021-10-26,Power
R003700,Capital City,2021-01-21,Regular
R003701,Metroville,2022-08-19,Occasional
R003702,Metroville,2021-08-30,Occasional
R003703,Metroville,2022-10-21,Regular
R003704,Capital City,2022-05-12,Power
R003705,Metroville,2021-12-05,Occasional
R003706,Metroville,2022-10-02,Occasional
R003707,Metroville,2022-09-19,Power
R003708,Metroville,2022-09-18,Occasional
R003709,Metroville,2022-02-15,Regular
R003710,Metroville,2021-12-21,New
R003711,Metroville,2022-03-01,Occasional
R003712,Metroville,2022-08-14,Occasional
R003713,Metroville,2021-12-06,Regular
R003714,Metroville,2022-08-18,Regular
R003715,Capital City,2021-03-16,Occasional
R003716,Metroville,2021-02-07,Occasional
R003717,Metroville,2022-08-08,Regular
R003718,Metroville,2022-10-23,Power
R003719,Metroville,2021-07-07,Regular
R003720,Metroville,2021-06-04,Regular
R003721,Capital City,2022-12-24,Regular
R003722,Metroville,2021-04-17,Occasional
R003723,Metroville,2021-03-07,New
R003724,Metroville,2022-07-17,Regular
R003725,Capital City,2021-10-08,Regular
R003726,Metroville,2022-01-07,Occasional
R003727,Metroville,2022-05-28,Occasional
R003728,Capital City,2021-03-29,Power
R003729,Capital City,2022-07-30,Occasional
R003730,Metroville,2021-11-06,Regular
R003731,Metroville,2021-04-11,Regular
R003732,Capital City,2021-01-28,Regular
R003733,Metroville,2021-10-05,Regular
R003734,Capital City,2022-05-24,Occasional
R003735,Capital City,2022-10-05,Regular
R003736,Capital City,2022-09-21,Regular
R003737,Capital City,2022-08-11,Occasional
R003738,Metroville,2022-08-28,Occasional
R003739,Capital City,2021-05-08,Regular
R003740,Capital City,2021-12-04,Occasional
R003741,Metroville,2022-01-07,Regular
R003742,Metroville,2021-10-19,Occasional
R003743,Metroville,2022-02-13,Occasional
R003744,Metroville,2022-08-11,Power
R003745,Metroville,2022-04-23,Power
R003746,Metroville,2022-03-24,Regular
R003747,Metroville,2021-03-12,Occasional
R003748,Capital City,2022-10-07,Regular
R003749,Metroville,2022-04-22,Power
R003750,Metroville,2021-06-14,Occasional
R003751,Metroville,2021-04-26,Power
R003752,Metroville,2021-04-27,Regular
R003753,Metroville,2021-04-19,Power
R003754,Metroville,2022-03-16,Regular
R003755,Capital City,2021-01-24,Power
R003756,Capital City,2022-12-05,Power
R003757,Metroville,2021-02-26,Regular
R003758,Capital City,2022-02-27,Power
R003759,Metroville,2022-06-05,Regular
R003760,Capital City,2021-07-20,Regular
R003761,Metroville,2021-04-20,Occasional
R003762,Metroville,2021-07-29,New
R003763,Metroville,2022-06-22,Occasional
R003764,Metroville,2021-11-26,Occasional
R003765,Capital City,2022-03-05,Regular
R003766,Metroville,2021-03-11,Regular
R003767,Metroville,2022-11-07,Occasional
R003768,Capital City,2022-05-01,New
R003769,Capital City,2021-08-13,Regular
R003770,Metroville,2021-12-02,Regular
R003771,Metroville,2022-09-08,Regular
R003772,Metroville,2022-04-30,Power
R003773,Metroville,2021-08-08,Regular
R003774,Capital City,2021-03-19,Regular
R003775,Capital City,2021-05-03,New
R003776,Capital City,2022-10-21,Occasional
R003777,Capital City,2021-07-10,Occasional
R003778,Capital City,2022-12-20,Occasional
R003779,Metroville,2021-12-28,Occasional
R003780,Metroville,2022-02-11,Power
R003781,Capital City,2022-08-19,Occasional
R003782,Metroville,2021-12-01,New
R003783,Metroville,2021-05-29,Power
R003784,Capital City,2021-10-28,Regular
R003785,Capital City,2021-12-23,Regular
R003786,Metroville,2021-06-21,Occasional
R003787,Metroville,2021-02-01,New
R003788,Metroville,2022-07-09,Regular
R003789,Metroville,2021-09-06,New
R003790,Capital City,2022-10-19,New
R003791,Capital City,2022-12-15,Regular
R003792,Metroville,2021-05-10,Regular
R003793,Metroville,2022-10-24,Occasional
R003794,Metroville,2022-12-18,New
R003795,Metroville,2022-04-08,Regular
R003796,Metroville,2022-05-26,Power
R003797,Capital City,2022-11-22,Power
R003798,Metroville,2022-11-01,Power
R003799,Metroville,2021-11-20,Regular
R003800,Capital City,2021-08-01,Regular
R003801,Capital City,2022-03-14,Regular
R003802,Metroville,2021-03-29,Power
R003803,Metroville,2021-01-02,Occasional
R003804,Metroville,2021-08-06,Occasional
R003805,Metroville,2021-11-02,Regular
R003806,Metroville,2021-10-25,Regular
R003807,Capital City,2021-01-13,Regular
R003808,Metroville,2021-11-16,Occasional
R003809,Metroville,2022-10-09,New
R003810,Capital City,2021-03-17,Occasional
R003811,Capital City,2021-07-01,Occasional
R003812,Metroville,2021-06-30,Occasional
R003813,Metroville,2021-04-11,Occasional
R003814,Capital City,2022-07-29,Occasional
R003815,Capital City,2022-03-23,New
R003816,Metroville,2022-10-08,Occasional
R003817,Metroville,2022-02-18,Power
R003818,Capital City,2022-10-13,Regular
R003819,Metroville,2021-07-27,Occasional
R003820,Metroville,2022-06-07,Regular
R003821,Metroville,2022-07-26,Regular
R003822,Metroville,2021-07-01,Regular
R003823,Metroville,2022-02-01,Occasional
R003824,Metroville,2021-11-27,Regular
R003825,Metroville,2021-05-11,Occasional
R003826,Metroville,2021-03-23,Regular
R003827,Metroville,2021-03-07,Power
R003828,Capital City,2021-02-03,New
R003829,Capital City,2021-03-14,Occasional
R003830,Metroville,2022-10-26,Occasional
R003831,Metroville,2022-02-18,Occasional
R003832,Capital City,2021-01-16,Occasional
R003833,Metroville,2021-10-11,Regular
R003834,Capital City,2022-05-02,Occasional
R003835,Capital City,2022-11-03,Regular
R003836,Capital City,2022-04-26,Occasional
R003837,Capital City,2022-10-05,Occasional
R003838,Metroville,2021-10-14,Occasional
R003839,Capital City,2022-09-05,Power
R003840,Metroville,2021-09-24,Regular
R003841,Capital City,2021-04-15,Occasional
R003842,Capital City,2021-04-18,Occasional
R003843,Metroville,2022-11-06,New
R003844,Capital City,2022-02-19,Regular
R003845,Metroville,2021-02-18,Power
R003846,Metroville,2021-02-27,Power
R003847,Metroville,2022-07-06,Occasional
R003848,Capital City,2022-09-01,Occasional
R003849,Metroville,2022-12-20,Occasional
R003850,Metroville,2021-01-07,Regular
R003851,Capital City,2022-08-14,New
R003852,Capital City,2021-01-13,Regular
R003853,Metroville,2022-12-21,Regular
R003854,Metroville,2022-07-18,New
R003855,Metroville,2021-08-11,Power
R003856,Metroville,2022-01-11,Regular
R003857,Metroville,2021-07-15,Occasional
R003858,Metroville,2021-07-21,Power
R003859,Metroville,2022-04-11,Power
R003860,Metroville,2022-07-15,Power
R003861,Metroville,2021-12-17,Power
R003862,Metroville,2022-08-25,New
R003863,Capital City,2022-04-01,Regular
R003864,Metroville,2022-09-03,Occasional
R003865,Capital City,2022-12-02,Occasional
R003866,Metroville,2022-01-23,Regular
R003867,Metroville,2021-10-19,Power
R003868,Metroville,2022-03-29,Occasional
R003869,Capital City,2021-07-14,Regular
R003870,Capital City,2022-10-28,Regular
R003871,Capital City,2022-04-07,Regular
R003872,Capital City,2021-01-02,Regular
R003873,Metroville,2021-05-21,Occasional
R003874,Metroville,2021-03-30,New
R003875,Metroville,2022-10-15,Occasional
R003876,Metroville,2021-08-11,Occasional
R003877,Metroville,2021-09-22,Occasional
R003878,Metroville,2021-07-27,New
R003879,Metroville,2021-12-29,Power
R003880,Capital City,2022-11-06,Regular
R003881,Capital City,2021-08-08,Regular
R003882,Metroville,2021-05-31,New
R003883,Capital City,2022-07-15,Occasional
R003884,Metroville,2021-12-21,Regular
R003885,Metroville,2022-07-24,New
R003886,Metroville,2022-04-15,New
R003887,Metroville,2022-09-18,Regular
R003888,Metroville,2021-05-24,Regular
R003889,Metroville,2021-02-10,Power
R003890,Capital City,2022-09-05,Occasional
R003891,Metroville,2022-05-13,Regular
R003892,Capital City,2021-07-29,Regular
R003893,Capital City,2022-12-30,Occasional
R003894,Metroville,2022-11-17,Power
R003895,Metroville,2022-12-20,Occasional
R003896,Metroville,2022-04-26,Regular
R003897,Metroville,2022-11-15,Occasional
R003898,Capital City,2021-09-05,Regular
R003899,Capital City,2021-12-25,Regular
R003900,Metroville,2021-12-05,Regular
R003901,Metroville,2022-08-01,Regular
R003902,Capital City,2022-07-02,Regular
R003903,Metroville,2022-11-26,Regular
R003904,Capital City,2021-06-14,Power
R003905,Metroville,2021-03-01,Regular
R003906,Metroville,2021-10-29,Regular
R003907,Metroville,2022-05-17,Occasional
R003908,Metroville,2022-02-06,Occasional
R003909,Metroville,2022-04-22,Power
R003910,Capital City,2021-11-01,Occasional
R003911,Metroville,2022-02-08,Regular
R003912,Metroville,2022-03-30,New
R003913,Metroville,2022-10-14,Power
R003914,Capital City,2021-05-26,Regular
R003915,Metroville,2021-12-16,Regular
R003916,Metroville,2022-09-01,Occasional
R003917,Metroville,2021-08-05,Power
R003918,Metroville,2021-02-11,Occasional
R003919,Capital City,2022-11-09,Occasional
R003920,Metroville,2022-07-02,Power
R003921,Metroville,2022-05-18,Occasional
R003922,Metroville,2021-07-22,Occasional
R003923,Capital City,2022-11-15,Occasional
R003924,Capital City,2021-11-17,Occasional
R003925,Metroville,2022-10-23,Regular
R003926,Metroville,2021-09-12,Occasional
R003927,Capital City,2022-03-18,Regular
R003928,Metroville,2022-02-17,Occasional
R003929,Metroville,2022-01-31,Regular
R003930,Metroville,2022-10-05,Regular
R003931,Metroville,2021-06-14,Regular
R003932,Metroville,2021-09-21,Occasional
R003933,Metroville,2022-12-24,Power
R003934,Metroville,2021-12-20,Regular
R003935,Metroville,2022-06-10,Regular
R003936,Capital City,2022-03-09,Regular
R003937,Capital City,2021-06-03,Power
R003938,Metroville,2022-02-24,Occasional
R003939,Capital City,2021-04-04,Regular
R003940,Capital City,2022-04-28,Regular
R003941,Metroville,2021-09-13,Occasional
R003942,Metroville,2021-12-20,Power
R003943,Metroville,2021-05-06,Power
R003944,Metroville,2021-08-14,Regular
R003945,Metroville,2022-06-15,Occasional
R003946,Metroville,2021-06-21,Occasional
R003947,Capital City,2022-04-25,Occasional
R003948,Metroville,2022-07-31,Power
R003949,Capital City,2022-12-26,Occasional
R003950,Metroville,2021-11-08,Power
R003951,Metroville,2022-12-08,Regular
R003952,Metroville,2022-05-08,Power
R003953,Metroville,2021-06-26,Power
R003954,Metroville,2022-01-12,New
R003955,Metroville,2021-03-21,Occasional
R003956,Capital City,2021-01-21,Occasional
R003957,Metroville,2022-12-23,Regular
R003958,Metroville,2022-01-23,Regular
R003959,Capital City,2022-12-31,Regular
R003960,Metroville,2021-02-27,Occasional
R003961,Capital City,2021-12-12,New
R003962,Metroville,2022-02-21,Regular
R003963,Capital City,2022-09-17,Regular
R003964,Capital City,2022-06-05,Power
R003965,Capital City,2021-07-08,Regular
R003966,Capital City,2022-05-03,New
R003967,Metroville,2021-10-29,Regular
R003968,Metroville,2021-08-16,Regular
R003969,Metroville,2022-11-01,Occasional
R003970,Metroville,2022-08-09,Occasional
R003971,Metroville,2021-01-03,Occasional
R003972,Capital City,2022-03-21,Regular
R003973,Metroville,2022-09-28,Regular
R003974,Capital City,2022-11-18,New
R003975,Capital City,2022-05-09,Regular
R003976,Capital City,2021-07-18,Regular
R003977,Capital City,2021-11-05,Regular
R003978,Capital City,2021-01-14,Occasional
R003979,Capital City,2021-12-16,Power
R003980,Metroville,2021-09-19,Regular
R003981,Capital City,2022-10-07,Regular
R003982,Metroville,2021-05-17,Occasional
R003983,Metroville,2022-09-26,Regular
R003984,Metroville,2021-08-02,Regular
R003985,Metroville,2022-08-18,Power
R003986,Capital City,2021-03-20,Occasional
R003987,Metroville,2021-11-24,Power
R003988,Metroville,2022-10-17,Regular
R003989,Capital City,2021-05-05,New
R003990,Capital City,2021-05-30,New
R003991,Metroville,2022-10-30,Regular
R003992,Capital City,2021-10-13,Regular
R003993,Metroville,2021-02-22,New
R003994,Capital City,2022-08-21,Occasional
R003995,Capital City,2022-05-04,Power
R003996,Capital City,2022-03-09,Regular
R003997,Metroville,2022-04-09,Regular
R003998,Metroville,2022-02-13,Regular
R003999,Metroville,2021-11-25,Occasional
R004000,Capital City,2021-01-14,Regular
R004001,Capital City,2022-02-01,Occasional
R004002,Metroville,2022-02-10,Power
R004003,Metroville,2021-09-25,Regular
R004004,Capital City,2022-03-29,Regular
R004005,Capital City,2022-05-07,Regular
R004006,Capital City,2022-10-17,Occasional
R004007,Capital City,2022-06-08,Regular
R004008,Capital City,2022-08-15,New
R004009,Metroville,2021-05-13,Occasional
R004010,Metroville,2022-09-12,Power
R004011,Metroville,2022-07-26,Power
R004012,Capital City,2022-09-15,Occasional
R004013,Metroville,2022-07-17,Occasional
R004014,Capital City,2021-09-28,Regular
R004015,Metroville,2021-09-11,Power
R004016,Metroville,2022-02-14,Occasional
R004017,Metroville,2021-11-11,Regular
R004018,Capital City,2022-08-31,Regular
R004019,Metroville,2021-07-02,Power
R004020,Metroville,2021-12-31,Power
R004021,Capital City,2022-06-03,Regular
R004022,Metroville,2021-09-26,New
R004023,Metroville,2022-02-20,Regular
R004024,Capital City,2021-09-14,Regular
R004025,Capital City,2022-04-05,Regular
R004026,Metroville,2022-09-01,Regular
R004027,Capital City,2022-10-01,Occasional
R004028,Capital City,2022-07-24,Regular
R004029,Metroville,2021-01-29,Regular
R004030,Metroville,2022-02-24,Occasional
R004031,Capital City,2021-01-10,Regular
R004032,Capital City,2021-01-18,Regular
R004033,Capital City,2021-04-24,Regular
R004034,Metroville,2022-11-21,Regular
R004035,Metroville,2022-05-26,Occasional
R004036,Metroville,2022-01-31,Occasional
R004037,Capital City,2022-08-03,Occasional
R004038,Capital City,2022-09-30,Regular
R004039,Capital City,2021-01-03,Occasional
R004040,Metroville,2022-04-22,Occasional
R004041,Metroville,2022-01-02,Regular
R004042,Metroville,2021-11-22,Regular
R004043,Capital City,2021-07-25,Occasional
R004044,Capital City,2022-11-12,New
R004045,Metroville,2021-02-07,Power
R004046,Capital City,2022-03-01,Occasional
R004047,Metroville,2022-04-10,Power
R004048,Metroville,2022-07-07,Power
R004049,Metroville,2022-12-01,Regular
R004050,Metroville,2021-11-13,Occasional
R004051,Capital City,2021-09-25,Power
R004052,Metroville,2021-06-11,Regular
R004053,Capital City,2021-06-17,Occasional
R004054,Metroville,2022-04-21,Occasional
R004055,Capital City,2022-09-27,New
R004056,Metroville,2021-09-15,Regular
R004057,Capital City,2022-09-19,Occasional
R004058,Metroville,2022-08-11,Regular
R004059,Capital City,2022-08-30,Regular
R004060,Metroville,2022-12-20,Occasional
R004061,Metroville,2022-10-30,Occasional
R004062,Metroville,2022-05-19,Occasional
R004063,Metroville,2022-08-21,Regular
R004064,Metroville,2022-06-13,Power
R004065,Capital City,2021-11-17,Regular
R004066,Capital City,2021-12-16,Occasional
R004067,Capital City,2021-01-29,Regular
R004068,Capital City,2021-03-27,Regular
R004069,Metroville,2021-03-12,Power
R004070,Metroville,2022-10-07,Regular
R004071,Metroville,2021-05-15,New
R004072,Capital City,2021-05-11,Regular
R004073,Capital City,2022-04-11,Regular
R004074,Metroville,2022-10-17,Power
R004075,Metroville,2022-12-10,Regular
R004076,Metroville,2022-10-27,Power
R004077,Metroville,2022-06-13,Power
R004078,Capital City,2021-03-11,Regular
R004079,Capital City,2021-10-04,Regular
R004080,Metroville,2022-08-23,New
R004081,Capital City,2022-09-29,Regular
R004082,Metroville,2022-01-27,Occasional
R004083,Metroville,2022-08-29,Regular
R004084,Metroville,2022-11-19,Occasional
R004085,Metroville,2021-09-16,Regular
R004086,Capital City,2022-11-11,Power
R004087,Metroville,2022-07-13,Regular
R004088,Capital City,2021-05-24,Regular
R004089,Metroville,2021-10-15,New
R004090,Metroville,2021-11-23,Regular
R004091,Metroville,2021-08-11,Regular
R004092,Metroville,2022-12-02,Power
R004093,Metroville,2021-12-06,Regular
R004094,Metroville,2021-02-01,Power
R004095,Metroville,2021-10-22,Regular
R004096,Capital City,2022-07-09,Regular
R004097,Metroville,2022-01-04,Regular
R004098,Metroville,2022-05-27,Regular
R004099,Capital City,2022-06-24,Regular
R004100,Metroville,2022-03-26,Regular
R004101,Metroville,2022-03-21,Occasional
R004102,Capital City,2021-10-02,Regular
R004103,Capital City,2022-08-02,Regular
R004104,Metroville,2022-11-27,Regular
R004105,Metroville,2021-04-13,Regular
R004106,Metroville,2021-04-07,New
R004107,Metroville,2021-04-10,Occasional
R004108,Metroville,2022-04-25,Occasional
R004109,Metroville,2021-03-10,Regular
R004110,Metroville,2022-03-05,New
R004111,Capital City,2021-08-09,Regular
R004112,Metroville,2021-11-06,Power
R004113,Metroville,2021-06-17,Occasional
R004114,Metroville,2021-08-29,Regular
R004115,Metroville,2022-10-31,Occasional
R004116,Metroville,2022-10-04,Occasional
R004117,Capital City,2022-03-21,Occasional
R004118,Metroville,2021-12-05,Occasional
R004119,Capital City,2022-08-14,New
R004120,Capital City,2021-10-29,Regular
R004121,Capital City,2022-06-11,Occasional
R004122,Metroville,2021-03-14,Occasional
R004123,Metroville,2021-07-12,Occasional
R004124,Metroville,2022-04-21,Occasional
R004125,Capital City,2021-03-27,New
R004126,Capital City,2021-06-24,Power
R004127,Metroville,2022-12-13,Occasional
R004128,Metroville,2021-12-06,Power
R004129,Metroville,2021-01-01,Power
R004130,Capital City,2021-12-30,New
R004131,Metroville,2021-08-28,Regular
R004132,Capital City,2021-06-23,Regular
R004133,Capital City,2021-08-23,Regular
R004134,Capital City,2022-01-14,Regular
R004135,Capital City,2021-06-01,Occasional
R004136,Metroville,2021-08-05,Regular
R004137,Metroville,2022-02-06,Occasional
R004138,Metroville,2021-11-30,New
R004139,Metroville,2022-03-31,Occasional
R004140,Metroville,2022-07-01,Regular
R004141,Metroville,2022-12-06,Power
R004142,Capital City,2022-02-09,Regular
R004143,Metroville,2021-04-30,Power
R004144,Metroville,2022-05-22,Regular
R004145,Metroville,2022-12-02,Occasional
R004146,Capital City,2022-03-20,Occasional
R004147,Metroville,2022-11-03,Regular
R004148,Capital City,2021-09-05,Power
R004149,Capital City,2021-07-08,Occasional
R004150,Metroville,2021-12-31,Power
R004151,Capital City,2021-05-13,Regular
R004152,Capital City,2022-05-08,Regular
R004153,Metroville,2022-07-22,Regular
R004154,Metroville,2022-09-21,Regular
R004155,Metroville,2022-04-23,Occasional
R004156,Metroville,2021-02-28,Regular
R004157,Metroville,2022-04-30,Occasional
R004158,Metroville,2022-04-04,Regular
R004159,Capital City,2021-07-04,New
R004160,Capital City,2022-11-05,Occasional
R004161,Metroville,2022-05-22,Occasional
R004162,Metroville,2021-05-22,Occasional
R004163,Metroville,2021-11-30,Power
R004164,Metroville,2022-01-03,Power
R004165,Capital City,2022-07-08,Occasional
R004166,Capital City,2022-07-05,Occasional
R004167,Capital City,2022-05-04,Occasional
R004168,Capital City,2021-05-05,Occasional
R004169,Capital City,2022-02-10,Occasional
R004170,Metroville,2021-01-17,New
R004171,Capital City,2021-12-30,Occasional
R004172,Metroville,2021-05-06,Occasional
R004173,Capital City,2022-12-04,New
R004174,Capital City,2021-01-11,Regular
R004175,Metroville,2021-01-14,Occasional
R004176,Capital City,2022-01-06,Regular
R004177,Capital City,2021-05-30,Occasional
R004178,Metroville,2021-06-03,Regular
R004179,Metroville,2022-08-09,Occasional
R004180,Metroville,2021-06-04,Regular
R004181,Capital City,2022-06-23,Regular
R004182,Metroville,2021-08-15,Occasional
R004183,Metroville,2021-06-25,New
R004184,Metroville,2022-02-19,New
R004185,Capital City,2022-07-06,Regular
R004186,Metroville,2021-08-17,Occasional
R004187,Metroville,2022-11-24,New
R004188,Metroville,2022-10-01,Regular
R004189,Metroville,2022-11-05,Regular
R004190,Metroville,2022-05-08,Occasional
R004191,Metroville,2021-04-25,Regular
R004192,Capital City,2022-05-22,Power
R004193,Metroville,2022-12-12,Occasional
R004194,Capital City,2021-07-11,Regular
R004195,Metroville,2021-08-30,Regular
R004196,Capital City,2023-01-01,Regular
R004197,Capital City,2022-01-27,New
R004198,Capital City,2021-04-13,New
R004199,Metroville,2022-06-09,Occasional
R004200,Capital City,2022-08-21,Power
R004201,Metroville,2022-01-18,Power
R004202,Metroville,2022-07-04,Occasional
R004203,Metroville,2022-02-04,Regular
R004204,Metroville,2022-11-02,Regular
R004205,Metroville,2022-12-10,Regular
R004206,Metroville,2022-08-03,Power
R004207,Metroville,2021-05-11,Occasional
R004208,Metroville,2021-01-10,Regular
R004209,Capital City,2022-08-09,Occasional
R004210,Capital City,2022-09-10,Regular
R004211,Metroville,2021-07-12,Regular
R004212,Metroville,2021-12-24,Regular
R004213,Metroville,2022-10-19,Regular
R004214,Metroville,2021-12-15,Power
R004215,Metroville,2021-01-10,Regular
R004216,Metroville,2021-02-22,Occasional
R004217,Metroville,2021-11-22,Power
R004218,Capital City,2021-05-11,Regular
R004219,Metroville,2022-09-20,Regular
R004220,Capital City,2022-01-22,Occasional
R004221,Metroville,2022-02-26,Regular
R004222,Capital City,2022-02-05,Occasional
R004223,Metroville,2022-08-15,Occasional
R004224,Metroville,2022-07-24,Power
R004225,Metroville,2021-10-11,New
R004226,Capital City,2021-03-18,Regular
R004227,Capital City,2021-08-21,Occasional
R004228,Capital City,2021-03-08,Regular
R004229,Capital City,2022-02-11,Regular
R004230,Capital City,2022-07-07,Regular
R004231,Capital City,2021-01-07,Power
R004232,Metroville,2021-06-05,Power
R004233,Capital City,2021-01-21,Regular
R004234,Metroville,2021-04-13,Occasional
R004235,Metroville,2022-01-01,Regular
R004236,Metroville,2022-05-18,Regular
R004237,Metroville,2021-02-19,Regular
R004238,Capital City,2021-05-08,New
R004239,Metroville,2022-07-06,Occasional
R004240,Capital City,2021-12-10,Power
R004241,Metroville,2022-02-21,Regular
R004242,Capital City,2021-01-26,Power
R004243,Capital City,2022-03-06,New
R004244,Metroville,2022-08-24,Occasional
R004245,Metroville,2022-07-04,Regular
R004246,Capital City,2022-12-31,Regular
R004247,Metroville,2021-01-13,Power
R004248,Metroville,2021-05-25,Power
R004249,Capital City,2021-11-27,Occasional
R004250,Metroville,2021-05-30,Regular
R004251,Metroville,2022-11-29,Regular
R004252,Metroville,2022-06-29,Power
R004253,Metroville,2021-04-25,New
R004254,Metroville,2022-02-10,Occasional
R004255,Capital City,2021-04-15,Regular
R004256,Metroville,2022-05-20,Occasional
R004257,Capital City,2021-03-18,Occasional
R004258,Metroville,2021-06-01,Regular
R004259,Capital City,2022-09-17,Power
R004260,Metroville,2021-08-11,Power
R004261,Metroville,2022-08-10,Occasional
R004262,Metroville,2022-01-27,Occasional
R004263,Metroville,2022-10-14,Regular
R004264,Metroville,2022-05-03,New
R004265,Capital City,2022-01-11,Occasional
R004266,Capital City,2022-02-08,Regular
R004267,Metroville,2022-07-14,New
R004268,Metroville,2021-03-21,Regular
R004269,Metroville,2022-10-03,Power
R004270,Metroville,2021-01-06,Power
R004271,Metroville,2021-02-14,Occasional
R004272,Capital City,2021-03-18,Occasional
R004273,Metroville,2022-01-23,Occasional
R004274,Capital City,2021-10-01,Regular
R004275,Metroville,2022-12-21,Regular
R004276,Capital City,2022-04-05,Regular
R004277,Capital City,2022-06-01,Occasional
R004278,Metroville,2022-04-21,Occasional
R004279,Metroville,2021-01-22,Occasional
R004280,Capital City,2022-10-24,Power
R004281,Metroville,2022-01-08,Power
R004282,Capital City,2022-04-14,Power
R004283,Metroville,2022-09-13,Occasional
R004284,Capital City,2022-12-31,Power
R004285,Metroville,2022-11-13,Regular
R004286,Metroville,2021-12-02,Regular
R004287,Metroville,2021-10-10,Regular
R004288,Capital City,2021-10-29,Regular
R004289,Capital City,2022-07-15,Regular
R004290,Metroville,2021-11-04,Regular
R004291,Metroville,2021-08-15,New
R004292,Capital City,2021-12-10,Regular
R004293,Metroville,2022-01-07,Occasional
R004294,Capital City,2021-06-21,New
R004295,Metroville,2021-12-13,Occasional
R004296,Capital City,2022-09-20,Regular
R004297,Metroville,2021-08-29,Power
R004298,Capital City,2021-05-20,Occasional
R004299,Metroville,2021-03-06,Regular
R004300,Metroville,2021-01-28,Occasional
R004301,Metroville,2022-05-16,New
R004302,Capital City,2022-07-19,Regular
R004303,Metroville,2021-09-26,Occasional
R004304,Capital City,2022-10-18,Regular
R004305,Capital City,2022-11-28,Power
R004306,Metroville,2022-03-06,Power
R004307,Capital City,2022-12-12,Regular
R004308,Metroville,2022-02-09,Power
R004309,Capital City,2022-04-09,Regular
R004310,Metroville,2022-09-16,Regular
R004311,Capital City,2022-10-18,Regular
R004312,Metroville,2022-01-16,Power
R004313,Metroville,2022-07-11,Occasional
R004314,Metroville,2021-12-13,Power
R004315,Metroville,2022-07-21,Occasional
R004316,Capital City,2022-10-17,Regular
R004317,Metroville,2021-06-20,Occasional
R004318,Metroville,2022-09-28,Power
R004319,Capital City,2022-01-20,Occasional
R004320,Capital City,2021-05-03,Occasional
R004321,Capital City,2021-04-13,Occasional
R004322,Metroville,2021-08-25,Regular
R004323,Metroville,2021-01-10,Occasional
R004324,Metroville,2022-12-01,Regular
R004325,Capital City,2021-10-17,Regular
R004326,Metroville,2021-03-03,Occasional
R004327,Metroville,2022-07-17,Occasional
R004328,Metroville,2021-04-20,Occasional
R004329,Metroville,2021-10-14,Regular
R004330,Metroville,2022-07-25,Power
R004331,Metroville,2022-11-08,Occasional
R004332,Metroville,2022-09-20,Occasional
R004333,Metroville,2022-01-27,Occasional
R004334,Capital City,2022-06-05,Regular
R004335,Metroville,2022-06-21,Power
R004336,Capital City,2021-11-08,Regular
R004337,Metroville,2021-01-18,Regular
R004338,Metroville,2021-06-13,Regular
R004339,Metroville,2021-06-27,New
R004340,Metroville,2022-04-05,Regular
R004341,Metroville,2021-02-24,Power
R004342,Metroville,2022-03-19,Occasional
R004343,Metroville,2022-03-03,Occasional
R004344,Metroville,2022-05-03,Regular
R004345,Metroville,2022-09-25,Regular
R004346,Metroville,2022-11-12,Occasional
R004347,Metroville,2021-11-25,Regular
R004348,Metroville,2021-05-26,Occasional
R004349,Capital City,2021-06-18,Occasional
R004350,Metroville,2021-08-17,Occasional
R004351,Capital City,2022-07-28,Power
R004352,Metroville,2022-11-07,Regular
R004353,Metroville,2021-12-28,Occasional
R004354,Capital City,2022-12-29,Occasional
R004355,Metroville,2021-10-21,New
R004356,Capital City,2022-10-04,Regular
R004357,Capital City,2022-03-06,Occasional
R004358,Capital City,2021-02-23,Power
R004359,Metroville,2021-04-01,Occasional
R004360,Capital City,2021-04-27,Occasional
R004361,Metroville,2021-08-28,New
R004362,Metroville,2022-06-11,Regular
R004363,Capital City,2022-09-24,New
R004364,Metroville,2022-12-06,Regular
R004365,Metroville,2022-06-04,Regular
R004366,Metroville,2022-07-11,New
R004367,Metroville,2021-03-19,Occasional
R004368,Metroville,2022-03-09,Power
R004369,Metroville,2022-10-10,Regular
R004370,Metroville,2021-09-04,Occasional
R004371,Metroville,2022-09-05,Occasional
R004372,Metroville,2022-02-20,Regular
R004373,Metroville,2021-11-20,Occasional
R004374,Metroville,2021-09-06,Regular
R004375,Metroville,2021-08-19,Regular
R004376,Capital City,2021-02-24,Regular
R004377,Metroville,2022-04-05,Regular
R004378,Capital City,2022-09-30,Power
R004379,Metroville,2021-03-15,Regular
R004380,Metroville,2021-06-23,Occasional
R004381,Metroville,2021-12-01,Occasional
R004382,Metroville,2022-06-26,Power
R004383,Metroville,2021-12-18,Power
R004384,Capital City,2021-12-07,Regular
R004385,Metroville,2021-12-19,Regular
R004386,Metroville,2022-06-24,Regular
R004387,Metroville,2021-10-02,Occasional
R004388,Capital City,2022-11-17,Regular
R004389,Capital City,2022-04-07,Regular
R004390,Capital City,2021-10-08,Regular
R004391,Metroville,2021-09-12,Power
R004392,Metroville,2022-04-07,Occasional
R004393,Metroville,2022-05-15,Occasional
R004394,Metroville,2022-04-01,New
R004395,Metroville,2021-06-03,Occasional
R004396,Capital City,2022-10-30,Regular
R004397,Metroville,2022-07-31,New
R004398,Metroville,2021-01-18,Occasional
R004399,Metroville,2021-02-17,Occasional
R004400,Metroville,2022-09-24,Occasional
R004401,Capital City,2022-10-06,Regular
R004402,Metroville,2021-02-16,Power
R004403,Capital City,2022-01-14,Power
R004404,Metroville,2021-06-26,New
R004405,Metroville,2021-11-04,Regular
R004406,Metroville,2021-05-08,Occasional
R004407,Capital City,2022-05-14,Regular
R004408,Capital City,2021-06-14,New
R004409,Metroville,2022-10-31,Regular
R004410,Metroville,2021-12-01,Regular
R004411,Metroville,2021-07-15,Power
R004412,Metroville,2021-10-30,Regular
R004413,Capital City,2021-07-02,Regular
R004414,Capital City,2021-01-28,Regular
R004415,Metroville,2021-09-02,Regular
R004416,Metroville,2021-05-25,Occasional
R004417,Capital City,2022-05-05,Occasional
R004418,Capital City,2021-09-01,Regular
R004419,Metroville,2022-03-01,Occasional
R004420,Capital City,2022-10-13,Regular
R004421,Metroville,2021-11-23,Power
R004422,Metroville,2022-11-27,Power
R004423,Metroville,2021-08-05,New
R004424,Capital City,2021-05-27,Occasional
R004425,Metroville,2021-07-21,Regular
R004426,Capital City,2021-05-26,Occasional
R004427,Metroville,2021-02-07,Occasional
R004428,Metroville,2021-04-06,Regular
R004429,Metroville,2022-08-04,Regular
R004430,Metroville,2022-08-31,Occasional
R004431,Metroville,2021-09-29,Power
R004432,Capital City,2022-07-08,Occasional
R004433,Metroville,2022-07-14,Occasional
R004434,Metroville,2022-05-30,Occasional
R004435,Capital City,2022-06-18,Regular
R004436,Capital City,2022-08-25,Regular
R004437,Capital City,2022-11-19,Regular
R004438,Capital City,2021-10-25,Regular
R004439,Metroville,2022-10-13,Regular
R004440,Metroville,2021-02-01,Regular
R004441,Metroville,2021-10-13,Occasional
R004442,Metroville,2022-06-09,Regular
R004443,Capital City,2021-03-30,Occasional
R004444,Capital City,2022-08-03,Occasional
R004445,Metroville,2021-05-02,Regular
R004446,Metroville,2022-04-12,Power
R004447,Capital City,2022-02-08,Occasional
R004448,Metroville,2022-10-25,Regular
R004449,Metroville,2022-10-04,Occasional
R004450,Metroville,2021-11-30,Power
R004451,Metroville,2021-06-11,Power
R004452,Capital City,2021-11-21,New
R004453,Capital City,2021-06-15,Occasional
R004454,Capital City,2022-02-02,Occasional
R004455,Metroville,2022-03-25,Power
R004456,Capital City,2021-07-18,New
R004457,Capital City,2021-09-19,Regular
R004458,Metroville,2022-12-20,Occasional
R004459,Metroville,2021-01-14,Power
R004460,Metroville,2021-04-03,Occasional
R004461,Metroville,2021-05-10,Regular
R004462,Capital City,2021-07-15,Power
R004463,Metroville,2021-10-29,Occasional
R004464,Metroville,2022-09-08,Regular
R004465,Metroville,2021-11-03,Power
R004466,Metroville,2022-08-01,Regular
R004467,Metroville,2022-08-03,Occasional
R004468,Capital City,2021-05-31,Occasional
R004469,Metroville,2021-05-09,Power
R004470,Metroville,2021-05-15,Regular
R004471,Metroville,2022-09-21,Regular
R004472,Capital City,2022-09-15,Power
R004473,Metroville,2021-06-04,Power
R004474,Capital City,2022-09-20,Power
R004475,Metroville,2022-03-15,Occasional
R004476,Metroville,2021-07-02,Power
R004477,Metroville,2022-01-14,Occasional
R004478,Metroville,2021-11-07,Regular
R004479,Capital City,2022-04-06,Power
R004480,Capital City,2021-12-05,Power
R004481,Metroville,2021-03-02,Occasional
R004482,Metroville,2021-08-22,Regular
R004483,Metroville,2021-05-26,Occasional
R004484,Metroville,2021-04-18,New
R004485,Metroville,2021-09-04,Regular
R004486,Metroville,2022-11-24,Occasional
R004487,Metroville,2022-07-09,Regular
R004488,Metroville,2022-03-25,Occasional
R004489,Metroville,2021-11-15,New
R004490,Capital City,2022-08-07,Regular
R004491,Capital City,2021-04-08,Occasional
R004492,Capital City,2021-04-18,Occasional
R004493,Metroville,2021-02-03,Occasional
R004494,Metroville,2021-01-21,Power
R004495,Capital City,2021-11-16,Occasional
R004496,Metroville,2022-11-23,Regular
R004497,Metroville,2021-11-22,Occasional
R004498,Metroville,2022-01-27,Occasional
R004499,Metroville,2021-01-24,Power
R004500,Metroville,2022-05-03,Power
R004501,Capital City,2022-11-12,Occasional
R004502,Capital City,2021-09-02,Occasional
R004503,Capital City,2022-04-01,Regular
R004504,Metroville,2021-12-16,Occasional
R004505,Metroville,2022-12-12,Occasional
R004506,Metroville,2022-01-21,Regular
R004507,Metroville,2022-02-25,Regular
R004508,Metroville,2022-02-17,Regular
R004509,Metroville,2022-03-20,Power
R004510,Metroville,2021-08-16,Occasional
R004511,Metroville,2021-01-19,Power
R004512,Metroville,2021-01-30,Regular
R004513,Metroville,2022-09-23,Regular
R004514,Metroville,2022-05-13,Regular
R004515,Capital City,2022-08-17,Occasional
R004516,Metroville,2022-02-28,New
R004517,Metroville,2021-10-05,Power
R004518,Metroville,2022-02-07,New
R004519,Metroville,2022-04-01,Power
R004520,Capital City,2021-11-01,Regular
R004521,Metroville,2021-04-22,Regular
R004522,Capital City,2021-03-11,Regular
R004523,Metroville,2022-10-02,Regular
R004524,Metroville,2022-06-23,Occasional
R004525,Capital City,2021-10-06,Occasional
R004526,Capital City,2022-05-30,Occasional
R004527,Metroville,2021-11-11,Regular
R004528,Metroville,2021-08-23,Power
R004529,Capital City,2021-07-22,Regular
R004530,Metroville,2021-12-15,Regular
R004531,Capital City,2022-11-05,Power
R004532,Capital City,2021-07-23,Regular
R004533,Metroville,2022-07-23,Occasional
R004534,Metroville,2022-10-26,Occasional
R004535,Metroville,2022-02-17,Regular
R004536,Capital City,2021-01-05,New
R004537,Metroville,2021-08-01,Occasional
R004538,Metroville,2021-11-14,New
R004539,Capital City,2022-08-16,New
R004540,Capital City,2021-07-14,Regular
R004541,Metroville,2021-05-29,Occasional
R004542,Metroville,2022-12-03,New
R004543,Metroville,2022-07-08,Regular
R004544,Metroville,2022-06-18,Power
R004545,Metroville,2022-06-10,Occasional
R004546,Metroville,2022-11-03,Regular
R004547,Metroville,2022-04-21,New
R004548,Metroville,2022-11-29,Power
R004549,Metroville,2021-09-21,Regular
R004550,Capital City,2022-11-11,Regular
R004551,Metroville,2021-12-28,New
R004552,Metroville,2021-01-10,New
R004553,Metroville,2022-06-12,Regular
R004554,Metroville,2022-03-27,Power
R004555,Metroville,2021-12-20,New
R004556,Capital City,2021-09-13,Occasional
R004557,Metroville,2021-08-02,Occasional
R004558,Metroville,2021-11-21,Occasional
R004559,Capital City,2021-03-22,Power
R004560,Capital City,2022-08-28,Power
R004561,Capital City,2021-02-03,Occasional
R004562,Capital City,2022-12-01,Power
R004563,Metroville,2022-04-29,Power
R004564,Metroville,2021-12-16,Occasional
R004565,Capital City,2021-08-19,Power
R004566,Metroville,2021-05-03,New
R004567,Metroville,2021-10-02,Regular
R004568,Capital City,2022-07-04,Occasional
R004569,Capital City,2021-09-03,Regular
R004570,Metroville,2021-05-11,Occasional
R004571,Metroville,2021-06-16,Regular
R004572,Capital City,2022-01-08,Occasional
R004573,Capital City,2022-01-14,Occasional
R004574,Metroville,2022-07-18,Occasional
R004575,Metroville,2022-04-12,Occasional
R004576,Metroville,2021-01-26,Occasional
R004577,Metroville,2022-10-01,Occasional
R004578,Metroville,2022-03-16,Regular
R004579,Capital City,2022-12-04,Occasional
R004580,Capital City,2021-12-02,Occasional
R004581,Capital City,2022-11-12,Occasional
R004582,Capital City,2022-07-19,Regular
R004583,Capital City,2021-05-26,Power
R004584,Capital City,2022-05-27,Regular
R004585,Metroville,2022-05-20,Regular
R004586,Metroville,2021-03-10,Power
R004587,Metroville,2022-05-16,Regular
R004588,Metroville,2021-02-07,Regular
R004589,Metroville,2022-06-04,New
R004590,Metroville,2022-04-01,Regular
R004591,Metroville,2021-03-05,Occasional
R004592,Metroville,2021-11-08,Occasional
R004593,Capital City,2021-07-25,New
R004594,Capital City,2022-12-12,Regular
R004595,Capital City,2021-02-02,Power
R004596,Capital City,2022-12-23,Regular
R004597,Capital City,2021-09-03,Power
R004598,Capital City,2022-08-19,Regular
R004599,Capital City,2021-03-10,Power
R004600,Capital City,2022-07-08,Occasional
R004601,Capital City,2021-04-26,Occasional
R004602,Metroville,2022-12-24,Occasional
R004603,Capital City,2022-05-17,Regular
R004604,Metroville,2022-04-18,Occasional
R004605,Capital City,2021-04-19,Occasional
R004606,Capital City,2022-02-23,Power
R004607,Metroville,2021-01-02,Occasional
R004608,Metroville,2021-01-05,Regular
R004609,Metroville,2021-03-14,Power
R004610,Capital City,2022-03-26,Regular
R004611,Metroville,2021-10-25,Occasional
R004612,Metroville,2021-12-12,Regular
R004613,Capital City,2022-01-09,Power
R004614,Metroville,2021-09-18,Power
R004615,Metroville,2022-04-18,New
R004616,Metroville,2022-05-23,Regular
R004617,Capital City,2021-09-11,Occasional
R004618,Capital City,2022-02-26,Regular
R004619,Metroville,2021-02-07,Regular
R004620,Metroville,2021-07-17,Occasional
R004621,Metroville,2021-04-03,Occasional
R004622,Capital City,2021-11-21,New
R004623,Metroville,2021-05-13,Power
R004624,Metroville,2022-09-19,Occasional
R004625,Metroville,2022-12-25,Regular
R004626,Metroville,2021-07-27,Occasional
R004627,Metroville,2021-02-22,Regular
R004628,Capital City,2021-12-14,Regular
R004629,Metroville,2021-06-06,Regular
R004630,Capital City,2021-03-10,Regular
R004631,Metroville,2021-05-03,Occasional
R004632,Capital City,2021-04-18,Occasional
R004633,Capital City,2022-03-18,Regular
R004634,Metroville,2022-03-02,Regular
R004635,Metroville,2021-01-31,Regular
R004636,Metroville,2022-09-13,Occasional
R004637,Capital City,2021-08-26,Regular
R004638,Capital City,2022-10-28,Regular
R004639,Metroville,2022-01-22,Occasional
R004640,Metroville,2022-03-24,Regular
R004641,Metroville,2021-03-17,Power
R004642,Capital City,2022-02-03,Regular
R004643,Capital City,2022-03-24,New
R004644,Capital City,2022-04-09,Power
R004645,Metroville,2021-03-01,Regular
R004646,Metroville,2021-01-03,Occasional
R004647,Metroville,2021-03-05,Occasional
R004648,Capital City,2022-03-02,Power
R004649,Capital City,2022-06-23,Power
R004650,Capital City,2022-08-01,Regular
R004651,Metroville,2021-07-21,Occasional
R004652,Capital City,2022-04-30,Occasional
R004653,Capital City,2022-11-04,Regular
R004654,Metroville,2021-04-27,New
R004655,Metroville,2021-11-14,Regular
R004656,Metroville,2021-02-24,Regular
R004657,Capital City,2022-02-08,Regular
R004658,Metroville,2021-02-03,Regular
R004659,Capital City,2022-08-11,Regular
R004660,Capital City,2022-12-06,New
R004661,Metroville,2021-03-01,Power
R004662,Capital City,2021-08-10,Occasional
R004663,Metroville,2022-03-05,Power
R004664,Capital City,2022-04-11,Regular
R004665,Metroville,2021-10-30,Power
R004666,Capital City,2021-11-13,New
R004667,Metroville,2021-11-30,New
R004668,Metroville,2022-11-26,Regular
R004669,Capital City,2021-05-14,Power
R004670,Metroville,2021-01-06,Occasional
R004671,Capital City,2021-05-26,Occasional
R004672,Capital City,2022-06-21,New
R004673,Metroville,2022-01-15,Power
R004674,Capital City,2021-01-01,Power
R004675,Capital City,2022-05-19,Power
R004676,Metroville,2021-01-29,Regular
R004677,Capital City,2021-07-03,Regular
R004678,Metroville,2021-03-19,New
R004679,Capital City,2021-09-01,Regular
R004680,Capital City,2021-02-13,Occasional
R004681,Metroville,2021-12-30,Power
R004682,Metroville,2021-07-31,Regular
R004683,Metroville,2022-02-28,Occasional
R004684,Metroville,2022-07-11,Power
R004685,Capital City,2021-02-27,Occasional
R004686,Capital City,2021-06-09,Regular
R004687,Metroville,2022-06-30,Power
R004688,Metroville,2022-03-07,Regular
R004689,Capital City,2022-09-24,Occasional
R004690,Capital City,2021-09-06,Regular
R004691,Metroville,2022-08-23,Regular
R004692,Metroville,2022-04-12,Regular
R004693,Metroville,2021-06-08,Power
R004694,Capital City,2022-06-28,Regular
R004695,Metroville,2021-02-04,Occasional
R004696,Capital City,2022-01-23,Power
R004697,Metroville,2021-03-02,New
R004698,Metroville,2022-10-02,Regular
R004699,Metroville,2022-05-19,Occasional
R004700,Metroville,2022-01-03,Regular
R004701,Capital City,2022-05-18,Regular
R004702,Metroville,2022-02-21,Regular
R004703,Metroville,2021-10-28,Occasional
R004704,Metroville,2022-01-27,Occasional
R004705,Metroville,2021-12-17,Occasional
R004706,Metroville,2022-04-10,Occasional
R004707,Capital City,2021-05-12,Regular
R004708,Metroville,2022-03-06,Regular
R004709,Metroville,2021-09-14,Regular
R004710,Metroville,2022-09-03,Occasional
R004711,Capital City,2021-09-07,Occasional
R004712,Metroville,2022-11-08,Occasional
R004713,Capital City,2021-03-23,New
R004714,Metroville,2021-05-14,Power
R004715,Metroville,2021-05-17,Power
R004716,Capital City,2021-04-06,Regular
R004717,Capital City,2022-10-21,Regular
R004718,Metroville,2021-09-05,Regular
R004719,Capital City,2022-06-16,Regular
R004720,Metroville,2021-08-07,New
R004721,Metroville,2022-09-01,Regular
R004722,Metroville,2021-02-03,Regular
R004723,Metroville,2021-12-07,Regular
R004724,Capital City,2021-07-08,New
R004725,Metroville,2022-03-02,Regular
R004726,Metroville,2021-11-04,Occasional
R004727,Metroville,2022-11-07,Regular
R004728,Capital City,2022-07-31,Regular
R004729,Metroville,2022-08-14,Power
R004730,Capital City,2022-06-10,Regular
R004731,Capital City,2022-01-16,Regular
R004732,Capital City,2021-11-08,Occasional
R004733,Capital City,2021-05-28,Power
R004734,Capital City,2021-09-20,Power
R004735,Metroville,2022-08-08,Regular
R004736,Metroville,2022-02-12,Occasional
R004737,Capital City,2022-07-01,Regular
R004738,Capital City,2022-10-11,Power
R004739,Capital City,2021-08-20,Power
R004740,Metroville,2022-01-26,Regular
R004741,Metroville,2021-03-26,Regular
R004742,Capital City,2022-07-04,Power
R004743,Capital City,2022-02-15,Occasional
R004744,Metroville,2021-03-23,Regular
R004745,Metroville,2022-11-03,Regular
R004746,Metroville,2022-12-28,Regular
R004747,Metroville,2021-09-26,Regular
R004748,Capital City,2022-03-27,Occasional
R004749,Metroville,2022-06-01,Occasional
R004750,Capital City,2022-07-13,Regular
R004751,Metroville,2021-05-21,New
R004752,Metroville,2022-07-23,Power
R004753,Metroville,2021-08-18,Occasional
R004754,Metroville,2022-10-03,Occasional
R004755,Metroville,2022-08-22,Regular
R004756,Metroville,2021-04-12,Occasional
R004757,Metroville,2021-10-14,Occasional
R004758,Capital City,2021-03-24,Regular
R004759,Metroville,2021-10-19,New
R004760,Metroville,2021-11-14,Regular
R004761,Metroville,2021-10-19,Occasional
R004762,Capital City,2021-08-31,Occasional
R004763,Metroville,2021-12-05,Occasional
R004764,Capital City,2022-12-28,Regular
R004765,Capital City,2022-11-24,Power
R004766,Metroville,2021-07-04,Power
R004767,Metroville,2022-06-11,Power
R004768,Metroville,2021-12-15,Occasional
R004769,Capital City,2022-12-18,New
R004770,Metroville,2022-02-06,Occasional
R004771,Metroville,2021-07-07,Regular
R004772,Metroville,2022-06-20,Occasional
R004773,Metroville,2022-12-14,Regular
R004774,Metroville,2021-02-08,Regular
R004775,Metroville,2022-12-28,Power
R004776,Metroville,2021-03-31,Power
R004777,Capital City,2022-04-22,Occasional
R004778,Capital City,2022-05-15,Power
R004779,Metroville,2021-01-21,Occasional
R004780,Capital City,2022-01-14,Occasional
R004781,Capital City,2022-02-16,Regular
R004782,Capital City,2022-08-22,Occasional
R004783,Metroville,2022-09-18,Regular
R004784,Capital City,2021-12-05,Power
R004785,Metroville,2021-08-04,Power
R004786,Metroville,2021-05-09,Regular
R004787,Metroville,2022-02-22,Regular
R004788,Metroville,2022-07-14,Regular
R004789,Capital City,2022-10-27,New
R004790,Metroville,2022-11-16,Regular
R004791,Metroville,2022-03-02,Occasional
R004792,Metroville,2022-03-10,Regular
R004793,Capital City,2021-09-22,Power
R004794,Metroville,2021-07-18,Occasional
R004795,Metroville,2021-05-01,New
R004796,Metroville,2021-07-14,Regular
R004797,Capital City,2022-01-21,Regular
R004798,Metroville,2021-10-14,Regular
R004799,Metroville,2021-01-28,Regular
R004800,Metroville,2022-08-17,Regular
R004801,Metroville,2022-01-16,New
R004802,Metroville,2021-08-18,Regular
R004803,Capital City,2021-12-30,New
R004804,Capital City,2022-06-23,Occasional
R004805,Metroville,2022-07-17,New
R004806,Capital City,2021-11-14,Regular
R004807,Capital City,2022-12-13,Regular
R004808,Capital City,2022-05-13,Power
R004809,Capital City,2022-05-17,Power
R004810,Capital City,2022-08-20,Regular
R004811,Metroville,2022-05-30,Regular
R004812,Metroville,2022-12-10,New
R004813,Metroville,2021-05-08,Regular
R004814,Metroville,2021-08-03,Power
R004815,Metroville,2022-07-12,Regular
R004816,Metroville,2022-08-28,Occasional
R004817,Metroville,2021-12-22,Occasional
R004818,Metroville,2021-01-03,Regular
R004819,Capital City,2021-03-06,Regular
R004820,Metroville,2022-11-24,Regular
R004821,Metroville,2021-12-13,Occasional
R004822,Metroville,2021-03-17,Regular
R004823,Metroville,2022-04-15,Occasional
R004824,Capital City,2021-07-03,Occasional
R004825,Metroville,2021-04-03,Regular
R004826,Metroville,2022-11-13,Regular
R004827,Metroville,2021-05-03,Regular
R004828,Metroville,2022-11-13,Occasional
R004829,Capital City,2021-02-23,Regular
R004830,Capital City,2022-09-13,Power
R004831,Metroville,2021-03-03,Regular
R004832,Metroville,2022-12-12,Regular
R004833,Metroville,2022-11-13,New
R004834,Metroville,2021-01-25,Regular
R004835,Capital City,2022-09-05,New
R004836,Metroville,2021-11-01,Occasional
R004837,Metroville,2021-10-04,Regular
R004838,Metroville,2021-12-08,Occasional
R004839,Capital City,2022-08-28,Regular
R004840,Metroville,2021-06-20,Regular
R004841,Metroville,2022-04-18,Regular
R004842,Metroville,2021-09-03,Power
R004843,Metroville,2021-01-13,Occasional
R004844,Metroville,2022-07-29,Regular
R004845,Metroville,2022-06-05,Power
R004846,Capital City,2021-01-20,Occasional
R004847,Metroville,2021-01-29,Power
R004848,Metroville,2021-03-27,Occasional
R004849,Metroville,2022-12-23,New
R004850,Metroville,2022-02-27,Power
R004851,Capital City,2021-10-28,Regular
R004852,Capital City,2021-02-23,Power
R004853,Metroville,2022-09-20,Regular
R004854,Metroville,2021-02-22,Occasional
R004855,Metroville,2021-07-18,Occasional
R004856,Metroville,2022-03-31,Power
R004857,Metroville,2021-04-04,Regular
R004858,Metroville,2021-04-21,Occasional
R004859,Metroville,2021-01-14,Regular
R004860,Metroville,2022-08-14,New
R004861,Capital City,2021-10-30,Occasional
R004862,Capital City,2022-09-16,New
R004863,Metroville,2021-07-27,Power
R004864,Capital City,2021-04-09,Regular
R004865,Metroville,2022-09-03,Regular
R004866,Metroville,2022-03-18,New
R004867,Metroville,2022-09-07,New
R004868,Capital City,2022-09-15,Occasional
R004869,Capital City,2021-08-10,Regular
R004870,Metroville,2022-06-12,Occasional
R004871,Metroville,2021-04-18,Regular
R004872,Capital City,2022-06-11,Occasional
R004873,Metroville,2022-04-07,Occasional
R004874,Capital City,2021-07-15,Regular
R004875,Metroville,2022-06-09,Power
R004876,Metroville,2021-12-31,Regular
R004877,Metroville,2021-01-11,New
R004878,Metroville,2021-11-08,Regular
R004879,Metroville,2022-03-05,Power
R004880,Metroville,2022-07-21,Occasional
R004881,Capital City,2022-11-22,Regular
R004882,Capital City,2021-06-19,Power
R004883,Capital City,2021-08-11,Regular
R004884,Capital City,2022-06-03,New
R004885,Capital City,2021-01-27,Regular
R004886,Capital City,2021-08-27,Regular
R004887,Metroville,2022-01-28,Occasional
R004888,Capital City,2022-05-06,Occasional
R004889,Metroville,2022-12-30,Power
R004890,Metroville,2022-12-19,Occasional
R004891,Metroville,2021-02-13,Regular
R004892,Capital City,2022-10-02,Power
R004893,Metroville,2022-09-10,New
R004894,Metroville,2021-05-24,Regular
R004895,Metroville,2021-02-15,Regular
R004896,Metroville,2021-08-14,Occasional
R004897,Metroville,2022-08-02,Regular
R004898,Metroville,2022-10-01,Occasional
R004899,Capital City,2021-07-27,Occasional
R004900,Metroville,2022-10-17,Power
R004901,Capital City,2022-09-20,Regular
R004902,Metroville,2022-04-14,Occasional
R004903,Metroville,2021-03-13,New
R004904,Capital City,2022-05-10,Occasional
R004905,Capital City,2021-09-21,Occasional
R004906,Metroville,2022-03-04,Power
R004907,Metroville,2022-04-06,New
R004908,Capital City,2021-09-13,Occasional
R004909,Metroville,2022-11-11,Occasional
R004910,Metroville,2022-09-21,Regular
R004911,Capital City,2022-07-07,New
R004912,Capital City,2022-11-22,Regular
R004913,Metroville,2022-03-10,New
R004914,Metroville,2021-12-29,Occasional
R004915,Capital City,2021-02-07,Occasional
R004916,Metroville,2022-02-15,Power
R004917,Metroville,2021-10-22,Power
R004918,Metroville,2022-09-05,Regular
R004919,Capital City,2022-09-26,Regular
R004920,Capital City,2022-11-16,Power
R004921,Capital City,2022-12-23,Power
R004922,Metroville,2022-08-13,New
R004923,Metroville,2021-02-21,Occasional
R004924,Capital City,2021-03-10,Regular
R004925,Metroville,2022-07-11,Occasional
R004926,Capital City,2022-01-30,Power
R004927,Metroville,2021-12-31,Occasional
R004928,Capital City,2021-10-10,Occasional
R004929,Metroville,2021-04-05,Occasional
R004930,Metroville,2022-04-02,Regular
R004931,Capital City,2022-09-28,Occasional
R004932,Capital City,2021-12-16,Power
R004933,Capital City,2022-01-16,Regular
R004934,Metroville,2022-06-28,Regular
R004935,Capital City,2022-09-07,Regular
R004936,Metroville,2021-11-17,Occasional
R004937,Metroville,2021-11-18,Regular
R004938,Metroville,2021-09-21,Regular
R004939,Metroville,2022-03-29,Regular
R004940,Capital City,2021-12-03,Occasional
R004941,Metroville,2021-01-25,Occasional
R004942,Metroville,2021-08-30,Power
R004943,Metroville,2021-10-27,Occasional
R004944,Capital City,2021-03-08,Power
R004945,Metroville,2022-07-15,Regular
R004946,Capital City,2022-09-08,Regular
R004947,Capital City,2022-08-19,New
R004948,Capital City,2021-01-19,Regular
R004949,Capital City,2022-11-02,Occasional
R004950,Capital City,2022-07-22,Regular
R004951,Metroville,2022-09-17,Regular
R004952,Metroville,2021-11-01,Occasional
R004953,Capital City,2021-05-07,Regular
R004954,Capital City,2021-08-25,Regular
R004955,Metroville,2021-05-29,Regular
R004956,Metroville,2021-02-06,Power
R004957,Metroville,2021-10-10,Occasional
R004958,Metroville,2022-06-30,Power
R004959,Metroville,2021-04-16,Regular
R004960,Metroville,2021-12-09,Occasional
R004961,Metroville,2021-12-30,Power
R004962,Capital City,2021-04-15,Occasional
R004963,Metroville,2022-12-03,Regular
R004964,Metroville,2021-01-31,Power
R004965,Capital City,2022-08-21,Power
R004966,Capital City,2021-08-25,Regular
R004967,Metroville,2021-08-20,Regular
R004968,Metroville,2022-09-08,Regular
R004969,Metroville,2021-11-06,Occasional
R004970,Capital City,2021-10-07,New
R004971,Capital City,2022-11-15,Regular
R004972,Metroville,2022-10-29,Occasional
R004973,Metroville,2022-04-09,Regular
R004974,Metroville,2021-03-02,Regular
R004975,Metroville,2022-02-14,Occasional
R004976,Metroville,2022-12-20,Occasional
R004977,Metroville,2021-01-10,Regular
R004978,Metroville,2021-02-06,Regular
R004979,Capital City,2021-07-13,New
R004980,Capital City,2021-05-21,Regular
R004981,Metroville,2021-06-02,Occasional
R004982,Metroville,2022-05-17,Occasional
R004983,Metroville,2021-02-15,Occasional
R004984,Capital City,2022-01-20,Regular
R004985,Capital City,2021-07-19,Regular
R004986,Metroville,2021-07-15,Power
R004987,Capital City,2021-01-27,Regular
R004988,Metroville,2021-01-14,Regular
R004989,Metroville,2021-04-08,Power
R004990,Capital City,2022-09-26,Occasional
R004991,Metroville,2021-10-15,Occasional
R004992,Metroville,2021-02-23,Power
R004993,Capital City,2022-04-22,Occasional
R004994,Metroville,2021-08-26,Regular
R004995,Metroville,2022-01-12,Power
R004996,Metroville,2021-02-21,Regular
R004997,Metroville,2021-02-08,Power
R004998,Metroville,2021-03-16,Power
R004999,Capital City,2021-12-03,Power
R005000,Metroville,2022-08-02,Regular
R005001,Metroville,2021-06-09,Regular
R005002,Metroville,2021-04-14,Occasional
R005003,Metroville,2022-11-07,Power
R005004,Metroville,2022-12-21,Occasional
R005005,Capital City,2021-03-14,New
R005006,Capital City,2022-07-25,New
R005007,Capital City,2021-08-02,Regular
R005008,Metroville,2021-09-08,Regular
R005009,Metroville,2021-08-12,Regular
R005010,Metroville,2022-07-16,Regular
R005011,Metroville,2022-10-17,Regular
R005012,Capital City,2021-08-16,Regular
R005013,Capital City,2022-02-07,Regular
R005014,Capital City,2022-04-30,Power
R005015,Capital City,2022-01-28,Occasional
R005016,Metroville,2022-03-23,Power
R005017,Capital City,2022-11-11,Power
R005018,Capital City,2021-07-31,Regular
R005019,Capital City,2022-05-18,Regular
R005020,Metroville,2021-06-17,Regular
R005021,Capital City,2021-03-14,Regular
R005022,Metroville,2021-12-10,Occasional
R005023,Capital City,2021-11-15,Occasional
R005024,Metroville,2022-05-06,Regular
R005025,Capital City,2022-10-13,Power
R005026,Capital City,2021-09-18,Occasional
R005027,Capital City,2021-10-04,Occasional
R005028,Metroville,2021-05-25,Occasional
R005029,Metroville,2021-09-30,New
R005030,Metroville,2022-10-03,Regular
R005031,Metroville,2021-08-09,Regular
R005032,Metroville,2021-10-01,Regular
R005033,Metroville,2022-02-12,Occasional
R005034,Capital City,2022-09-02,New
R005035,Metroville,2021-08-10,Power
R005036,Capital City,2021-03-03,Power
R005037,Capital City,2022-12-14,Regular
R005038,Capital City,2022-09-18,Regular
R005039,Metroville,2021-11-14,Occasional
R005040,Metroville,2021-11-05,Power
R005041,Metroville,2022-11-26,Occasional
R005042,Capital City,2021-06-10,Occasional
R005043,Metroville,2021-06-18,Occasional
R005044,Capital City,2023-01-01,Occasional
R005045,Capital City,2022-09-30,Regular
R005046,Metroville,2021-04-23,Regular
R005047,Metroville,2021-04-08,Power
R005048,Capital City,2021-03-20,Regular
R005049,Metroville,2022-02-24,New
R005050,Metroville,2021-07-30,Regular
R005051,Capital City,2021-06-05,Occasional
R005052,Capital City,2022-06-04,Regular
R005053,Capital City,2021-03-02,Regular
R005054,Metroville,2021-02-13,Occasional
R005055,Metroville,2021-09-21,Regular
R005056,Metroville,2022-01-17,Regular
R005057,Capital City,2021-12-25,Occasional
R005058,Metroville,2022-11-07,Regular
R005059,Metroville,2022-05-18,Occasional
R005060,Metroville,2021-09-23,New
R005061,Metroville,2022-01-27,Regular
R005062,Capital City,2021-06-07,New
R005063,Metroville,2021-04-07,Power
R005064,Metroville,2021-04-27,Power
R005065,Capital City,2021-09-04,Occasional
R005066,Capital City,2021-02-28,Regular
R005067,Capital City,2021-12-25,Occasional
R005068,Metroville,2021-09-25,Regular
R005069,Metroville,2022-09-07,Occasional
R005070,Metroville,2022-09-24,Occasional
R005071,Metroville,2021-02-26,Occasional
R005072,Capital City,2022-05-19,Regular
R005073,Capital City,2022-12-30,New
R005074,Capital City,2022-01-17,Occasional
R005075,Capital City,2022-01-03,Regular
R005076,Capital City,2021-03-24,Regular
R005077,Metroville,2022-03-09,Regular
R005078,Capital City,2021-06-20,Occasional
R005079,Metroville,2021-07-16,Regular
R005080,Capital City,2021-12-15,Power
R005081,Metroville,2021-01-13,Occasional
R005082,Metroville,2022-09-15,Regular
R005083,Capital City,2022-11-16,Regular
R005084,Metroville,2022-07-17,Regular
R005085,Metroville,2021-08-15,Occasional
R005086,Metroville,2022-08-11,Regular
R005087,Metroville,2021-11-08,Regular
R005088,Metroville,2022-09-14,Regular
R005089,Capital City,2022-04-16,Occasional
R005090,Capital City,2021-04-16,New
R005091,Capital City,2022-06-15,Occasional
R005092,Metroville,2022-06-23,Regular
R005093,Capital City,2022-08-31,Occasional
R005094,Capital City,2021-11-25,Power
R005095,Metroville,2022-05-26,Regular
R005096,Capital City,2021-09-20,Regular
R005097,Metroville,2022-06-20,Power
R005098,Metroville,2022-01-20,Power
R005099,Capital City,2022-09-13,New
R005100,Metroville,2021-11-03,Regular
R005101,Metroville,2022-11-15,Regular
R005102,Metroville,2021-03-24,Regular
R005103,Metroville,2021-02-12,Regular
R005104,Capital City,2021-05-09,Regular
R005105,Metroville,2022-08-28,Occasional
R005106,Capital City,2021-09-27,Regular
R005107,Metroville,2021-09-20,Occasional
R005108,Capital City,2021-02-26,New
R005109,Capital City,2021-05-08,Regular
R005110,Metroville,2021-08-03,Regular
R005111,Capital City,2022-08-17,New
R005112,Capital City,2021-08-09,Regular
R005113,Metroville,2022-12-28,Occasional
R005114,Capital City,2021-07-07,New
R005115,Metroville,2022-11-13,Regular
R005116,Metroville,2021-06-14,Regular
R005117,Capital City,2021-10-15,Occasional
R005118,Capital City,2021-05-12,Occasional
R005119,Capital City,2021-08-25,Regular
R005120,Capital City,2021-07-30,Regular
R005121,Metroville,2022-07-04,Regular
R005122,Metroville,2021-01-23,Regular
R005123,Metroville,2021-05-19,Power
R005124,Metroville,2022-07-08,New
R005125,Capital City,2022-08-23,Regular
R005126,Capital City,2022-09-17,Regular
R005127,Metroville,2021-12-01,Occasional
R005128,Capital City,2021-02-27,Regular
R005129,Metroville,2021-04-27,Occasional
R005130,Capital City,2021-04-21,Regular
R005131,Capital City,2022-02-06,Occasional
R005132,Capital City,2021-08-03,Power
R005133,Capital City,2021-12-04,Regular
R005134,Metroville,2021-10-30,Regular
R005135,Metroville,2021-04-18,Occasional
R005136,Metroville,2021-01-22,Occasional
R005137,Capital City,2022-04-22,Regular
R005138,Capital City,2022-03-27,Occasional
R005139,Capital City,2021-11-20,Power
R005140,Metroville,2022-01-15,Occasional
R005141,Metroville,2022-03-06,Regular
R005142,Capital City,2021-09-25,Power
R005143,Metroville,2022-08-18,Regular
R005144,Metroville,2022-08-13,Regular
R005145,Capital City,2021-11-05,Regular
R005146,Metroville,2021-04-25,Regular
R005147,Metroville,2021-01-15,Occasional
R005148,Metroville,2021-07-26,Power
R005149,Capital City,2022-03-01,Regular
R005150,Metroville,2021-01-13,Power
R005151,Capital City,2021-06-20,Power
R005152,Metroville,2022-02-14,Power
R005153,Metroville,2021-01-03,New
R005154,Capital City,2021-06-14,Regular
R005155,Capital City,2021-03-25,Regular
R005156,Capital City,2022-05-24,Regular
R005157,Capital City,2022-06-10,Regular
R005158,Capital City,2022-06-01,Occasional
R005159,Metroville,2021-04-02,Regular
R005160,Capital City,2022-03-10,Regular
R005161,Metroville,2021-01-28,Regular
R005162,Capital City,2022-01-13,Regular
R005163,Metroville,2021-02-12,Regular
R005164,Metroville,2022-08-19,Regular
R005165,Metroville,2021-01-04,Power
R005166,Capital City,2021-03-07,Occasional
R005167,Metroville,2022-07-03,Occasional
R005168,Metroville,2021-08-04,New
R005169,Metroville,2021-06-25,Occasional
R005170,Metroville,2021-01-21,Power
R005171,Metroville,2021-03-20,Occasional
R005172,Metroville,2022-02-05,New
R005173,Capital City,2021-01-04,Occasional
R005174,Metroville,2022-09-05,Power
R005175,Metroville,2022-01-06,Occasional
R005176,Metroville,2021-06-05,Occasional
R005177,Metroville,2021-08-28,Power
R005178,Metroville,2021-05-15,Regular
R005179,Capital City,2021-05-27,Regular
R005180,Metroville,2021-02-17,Occasional
R005181,Capital City,2021-01-04,Power
R005182,Capital City,2021-10-31,Power
R005183,Metroville,2021-02-10,Regular
R005184,Capital City,2021-07-04,Regular
R005185,Capital City,2022-03-15,Occasional
R005186,Metroville,2021-10-26,Power
R005187,Metroville,2022-12-19,Occasional
R005188,Capital City,2021-07-15,Occasional
R005189,Metroville,2022-09-14,Occasional
R005190,Capital City,2022-12-07,New
R005191,Capital City,2021-12-07,New
R005192,Metroville,2022-08-06,Power
R005193,Capital City,2022-11-08,Regular
R005194,Metroville,2021-02-14,Power
R005195,Capital City,2022-11-05,Power
R005196,Capital City,2022-06-11,Occasional
R005197,Capital City,2022-04-03,Occasional
R005198,Metroville,2022-07-21,New
R005199,Metroville,2022-03-14,Occasional
R005200,Metroville,2021-02-01,Occasional
R005201,Metroville,2022-04-20,Regular
R005202,Metroville,2022-08-05,Regular
R005203,Capital City,2022-10-30,Regular
R005204,Metroville,2021-01-24,Occasional
R005205,Capital City,2022-03-05,Regular
R005206,Capital City,2022-06-07,New
R005207,Metroville,2021-06-26,Regular
R005208,Capital City,2022-11-29,Power
R005209,Capital City,2021-12-30,Regular
R005210,Metroville,2021-09-25,Occasional
R005211,Metroville,2022-09-19,Occasional
R005212,Capital City,2021-04-11,Regular
R005213,Capital City,2021-02-09,Power
R005214,Metroville,2021-06-05,Power
R005215,Metroville,2022-05-17,Power
R005216,Metroville,2021-03-10,Regular
R005217,Capital City,2021-06-06,Occasional
R005218,Capital City,2021-11-29,Regular
R005219,Metroville,2022-05-03,Occasional
R005220,Metroville,2021-07-27,Regular
R005221,Capital City,2021-01-19,New
R005222,Capital City,2022-03-13,Power
R005223,Metroville,2021-01-22,New
R005224,Metroville,2021-02-20,Occasional
R005225,Metroville,2022-11-14,Power
R005226,Capital City,2021-12-07,Power
R005227,Capital City,2021-12-01,Power
R005228,Capital City,2021-11-01,Occasional
R005229,Metroville,2021-01-30,Regular
R005230,Metroville,2022-02-15,Occasional
R005231,Metroville,2021-06-15,Occasional
R005232,Capital City,2022-11-07,Power
R005233,Metroville,2022-12-19,Regular
R005234,Metroville,2022-04-19,Regular
R005235,Capital City,2022-06-08,Occasional
R005236,Metroville,2021-04-06,Power
R005237,Capital City,2021-10-05,Regular
R005238,Capital City,2022-05-16,Occasional
R005239,Metroville,2021-03-24,Regular
R005240,Metroville,2021-01-10,Regular
R005241,Metroville,2021-01-05,Occasional
R005242,Capital City,2021-03-09,Regular
R005243,Metroville,2021-12-21,Power
R005244,Metroville,2021-05-09,Power
R005245,Capital City,2021-06-21,Regular
R005246,Metroville,2021-04-24,Regular
R005247,Metroville,2022-06-14,Regular
R005248,Capital City,2022-06-17,Regular
R005249,Metroville,2022-03-06,Occasional
R005250,Metroville,2021-09-29,Regular
R005251,Metroville,2022-07-04,Regular
R005252,Capital City,2021-02-01,Regular
R005253,Capital City,2022-10-17,Occasional
R005254,Metroville,2022-06-24,Occasional
R005255,Capital City,2022-07-08,Regular
R005256,Metroville,2021-07-24,Occasional
R005257,Metroville,2022-09-01,Occasional
R005258,Capital City,2021-12-11,Occasional
R005259,Capital City,2022-11-21,Occasional
R005260,Capital City,2021-10-20,New
R005261,Metroville,2022-03-22,Occasional
R005262,Capital City,2021-06-11,Occasional
R005263,Metroville,2022-04-06,New
R005264,Metroville,2022-08-21,Regular
R005265,Capital City,2022-07-21,Regular
R005266,Capital City,2021-05-13,New
R005267,Capital City,2022-04-15,Regular
R005268,Metroville,2022-12-27,Occasional
R005269,Metroville,2022-01-28,Regular
R005270,Metroville,2021-09-11,Occasional
R005271,Metroville,2021-01-05,Occasional
R005272,Capital City,2022-07-27,New
R005273,Capital City,2022-11-22,Occasional
R005274,Capital City,2022-07-28,Power
R005275,Metroville,2022-02-05,Regular
R005276,Metroville,2021-04-30,Occasional
R005277,Metroville,2022-11-10,Occasional
R005278,Capital City,2021-04-01,Occasional
R005279,Metroville,2021-04-11,Power
R005280,Metroville,2021-02-23,Power
R005281,Metroville,2022-02-27,Power
R005282,Metroville,2021-08-17,Regular
R005283,Metroville,2021-05-25,New
R005284,Capital City,2021-06-17,Occasional
R005285,Capital City,2021-12-31,Occasional
R005286,Capital City,2022-10-19,Power
R005287,Metroville,2021-01-07,Regular
R005288,Capital City,2022-02-10,Power
R005289,Capital City,2021-07-12,Power
R005290,Metroville,2022-05-21,Power
R005291,Metroville,2022-06-27,Power
R005292,Metroville,2021-07-17,Occasional
R005293,Metroville,2022-10-24,Regular
R005294,Metroville,2021-08-02,Power
R005295,Capital City,2022-07-22,Regular
R005296,Capital City,2021-11-02,Occasional
R005297,Metroville,2021-06-24,Regular
R005298,Capital City,2021-07-01,New
R005299,Metroville,2021-11-14,Occasional
R005300,Metroville,2022-09-29,Occasional
R005301,Metroville,2022-01-09,Regular
R005302,Capital City,2022-05-20,Power
R005303,Metroville,2022-05-28,Regular
R005304,Capital City,2021-02-21,Power
R005305,Capital City,2022-01-27,Power
R005306,Metroville,2022-01-27,New
R005307,Metroville,2021-12-28,Regular
R005308,Metroville,2022-03-07,Occasional
R005309,Capital City,2022-05-23,Power
R005310,Metroville,2021-04-08,Regular
R005311,Metroville,2021-07-07,Regular
R005312,Capital City,2021-09-02,Power
R005313,Capital City,2021-06-06,Occasional
R005314,Capital City,2021-03-08,Occasional
R005315,Metroville,2022-12-23,Occasional
R005316,Metroville,2022-09-06,New
R005317,Metroville,2021-02-16,Regular
R005318,Metroville,2022-01-12,Power
R005319,Metroville,2021-10-02,New
R005320,Capital City,2022-04-30,Regular
R005321,Metroville,2021-03-15,Power
R005322,Metroville,2021-04-13,Power
R005323,Metroville,2021-04-05,Regular
R005324,Capital City,2022-04-27,Power
R005325,Capital City,2022-11-22,Occasional
R005326,Capital City,2021-02-02,Power
R005327,Capital City,2022-02-07,Occasional
R005328,Metroville,2021-12-07,Power
R005329,Metroville,2022-09-07,Occasional
R005330,Metroville,2021-12-02,Occasional
R005331,Metroville,2022-04-14,Regular
R005332,Capital City,2021-06-27,Occasional
R005333,Metroville,2022-03-18,Regular
R005334,Metroville,2022-12-07,Regular
R005335,Capital City,2021-07-21,Regular
R005336,Capital City,2021-12-14,Regular
R005337,Metroville,2021-07-24,Regular
R005338,Metroville,2021-07-30,New
R005339,Capital City,2021-10-02,Occasional
R005340,Metroville,2021-08-21,Regular
R005341,Metroville,2022-11-18,Power
R005342,Metroville,2022-03-04,New
R005343,Metroville,2021-03-05,Regular
R005344,Metroville,2022-06-18,Regular
R005345,Capital City,2022-02-07,Regular
R005346,Capital City,2021-07-24,Regular
R005347,Capital City,2022-10-09,Regular
R005348,Capital City,2022-09-25,Power
R005349,Capital City,2022-07-14,Occasional
R005350,Capital City,2021-06-30,Regular
R005351,Metroville,2021-07-04,Occasional
R005352,Metroville,2022-12-25,Power
R005353,Metroville,2021-03-31,Occasional
R005354,Capital City,2022-10-26,Occasional
R005355,Capital City,2022-05-31,Regular
R005356,Metroville,2021-02-14,Regular
R005357,Capital City,2021-03-28,New
R005358,Capital City,2022-05-28,Regular
R005359,Metroville,2021-01-30,Regular
R005360,Metroville,2021-10-24,Regular
R005361,Capital City,2022-09-17,Regular
R005362,Metroville,2022-06-05,Power
R005363,Capital City,2021-06-30,Regular
R005364,Metroville,2021-01-12,Occasional
R005365,Metroville,2021-10-13,Occasional
R005366,Metroville,2021-03-10,Power
R005367,Capital City,2022-10-20,Occasional
R005368,Metroville,2021-01-29,Regular
R005369,Capital City,2022-07-28,Occasional
R005370,Metroville,2022-12-08,Regular
R005371,Metroville,2021-09-18,New
R005372,Metroville,2022-01-27,Occasional
R005373,Metroville,2022-11-24,Occasional
R005374,Capital City,2022-10-04,Power
R005375,Metroville,2022-10-18,Regular
R005376,Metroville,2022-11-07,Occasional
R005377,Metroville,2022-07-03,Occasional
R005378,Metroville,2022-04-19,Occasional
R005379,Metroville,2021-06-09,New
R005380,Metroville,2022-10-21,New
R005381,Metroville,2021-05-23,Occasional
R005382,Capital City,2022-05-13,Regular
R005383,Capital City,2022-04-12,Occasional
R005384,Metroville,2021-11-10,Regular
R005385,Metroville,2021-11-30,Occasional
R005386,Metroville,2021-09-27,Occasional
R005387,Metroville,2021-03-27,Regular
R005388,Metroville,2021-11-13,Regular
R005389,Metroville,2021-10-15,New
R005390,Capital City,2022-02-12,Regular
R005391,Capital City,2022-12-15,Occasional
R005392,Capital City,2021-11-29,New
R005393,Capital City,2021-02-11,Regular
R005394,Metroville,2022-09-02,Regular
R005395,Capital City,2021-07-03,Regular
R005396,Capital City,2022-12-26,Regular
R005397,Capital City,2021-03-16,Regular
R005398,Metroville,2021-04-08,Regular
R005399,Metroville,2022-10-29,Regular
R005400,Capital City,2021-05-12,Regular
R005401,Metroville,2022-11-16,Power
R005402,Metroville,2021-01-14,Power
R005403,Capital City,2022-10-19,Regular
R005404,Metroville,2021-12-31,Regular
R005405,Capital City,2021-08-05,Occasional
R005406,Capital City,2022-09-15,New
R005407,Metroville,2022-03-11,Power
R005408,Capital City,2021-01-29,Occasional
R005409,Capital City,2022-02-27,New
R005410,Metroville,2021-04-20,Occasional
R005411,Metroville,2022-10-05,Regular
R005412,Capital City,2022-03-19,Regular
R005413,Capital City,2021-10-10,Occasional
R005414,Metroville,2021-12-07,Power
R005415,Capital City,2021-11-23,Occasional
R005416,Metroville,2021-02-24,Regular
R005417,Metroville,2022-12-01,Regular
R005418,Metroville,2021-09-03,Power
R005419,Metroville,2022-07-25,Power
R005420,Capital City,2021-07-04,Occasional
R005421,Capital City,2022-05-21,Occasional
R005422,Capital City,2022-08-15,Regular
R005423,Metroville,2021-11-27,Power
R005424,Metroville,2021-06-22,Power
R005425,Capital City,2022-03-05,Regular
R005426,Metroville,2021-03-23,Regular
R005427,Capital City,2022-08-07,New
R005428,Metroville,2022-03-02,Occasional
R005429,Capital City,2021-02-07,Regular
R005430,Capital City,2021-03-09,Occasional
R005431,Capital City,2021-12-15,Regular
R005432,Metroville,2022-12-21,Occasional
R005433,Metroville,2021-06-14,Power
R005434,Metroville,2021-06-12,New
R005435,Metroville,2022-08-10,Regular
R005436,Metroville,2022-08-28,Occasional
R005437,Metroville,2022-11-20,Regular
R005438,Capital City,2022-12-27,Regular
R005439,Metroville,2021-05-25,Occasional
R005440,Metroville,2021-05-01,Power
R005441,Metroville,2021-11-24,Regular
R005442,Metroville,2021-06-30,Occasional
R005443,Metroville,2021-06-20,Occasional
R005444,Metroville,2022-10-06,Regular
R005445,Capital City,2022-02-23,Regular
R005446,Capital City,2022-05-31,Regular
R005447,Capital City,2022-01-14,Regular
R005448,Capital City,2022-05-30,Regular
R005449,Metroville,2021-11-05,Regular
R005450,Metroville,2021-03-11,Regular
R005451,Metroville,2021-07-26,Occasional
R005452,Capital City,2022-08-09,Occasional
R005453,Capital City,2022-07-21,Occasional
R005454,Metroville,2022-06-27,Occasional
R005455,Capital City,2022-05-20,Regular
R005456,Metroville,2021-04-10,Occasional
R005457,Metroville,2022-04-18,Power
R005458,Capital City,2022-06-17,Regular
R005459,Metroville,2022-09-06,Occasional
R005460,Capital City,2022-06-30,Regular
R005461,Capital City,2021-02-13,Occasional
R005462,Metroville,2021-05-31,Regular
R005463,Capital City,2022-11-07,Regular
R005464,Capital City,2021-06-18,Occasional
R005465,Metroville,2021-09-16,Power
R005466,Capital City,2021-03-12,Regular
R005467,Metroville,2021-06-18,New
R005468,Metroville,2022-10-19,Regular
R005469,Capital City,2022-03-10,Regular
R005470,Metroville,2021-02-13,Regular
R005471,Capital City,2022-10-25,Occasional
R005472,Metroville,2022-04-20,Regular
R005473,Metroville,2022-09-23,Occasional
R005474,Metroville,2022-06-13,Power
R005475,Metroville,2021-05-17,Power
R005476,Metroville,2021-08-21,New
R005477,Metroville,2022-01-28,Regular
R005478,Capital City,2022-01-01,Power
R005479,Metroville,2022-08-23,New
R005480,Metroville,2021-02-13,Power
R005481,Metroville,2021-03-01,Occasional
R005482,Metroville,2022-05-06,Regular
R005483,Capital City,2022-09-21,Regular
R005484,Metroville,2022-03-16,Occasional
R005485,Capital City,2021-04-07,Regular
R005486,Metroville,2022-10-22,Power
R005487,Metroville,2022-06-17,Occasional
R005488,Capital City,2022-02-10,Occasional
R005489,Capital City,2021-08-22,New
R005490,Metroville,2021-09-27,Occasional
R005491,Capital City,2022-01-30,Occasional
R005492,Capital City,2021-04-10,Regular
R005493,Metroville,2021-02-25,Regular
R005494,Metroville,2022-02-22,Regular
R005495,Capital City,2021-01-21,Occasional
R005496,Capital City,2021-05-13,Occasional
R005497,Capital City,2022-07-29,Occasional
R005498,Capital City,2021-06-01,Regular
R005499,Capital City,2021-05-31,Occasional
R005500,Metroville,2021-12-24,Occasional
R005501,Metroville,2022-02-12,Regular
R005502,Metroville,2021-10-20,Regular
R005503,Metroville,2022-07-13,Power
R005504,Capital City,2022-12-28,Power
R005505,Capital City,2022-02-15,Regular
R005506,Metroville,2022-04-24,Occasional
R005507,Capital City,2022-05-20,Regular
R005508,Capital City,2021-01-02,Power
R005509,Capital City,2021-03-16,Power
R005510,Metroville,2021-10-12,Power
R005511,Capital City,2022-03-24,Regular
R005512,Capital City,2021-12-29,Occasional
R005513,Metroville,2022-08-17,Occasional
R005514,Metroville,2021-02-05,Occasional
R005515,Capital City,2022-01-27,Regular
R005516,Metroville,2021-08-28,Regular
R005517,Metroville,2021-09-15,New
R005518,Capital City,2021-10-02,Power
R005519,Capital City,2021-12-30,Regular
R005520,Capital City,2022-02-23,New
R005521,Metroville,2021-08-21,Occasional
R005522,Capital City,2021-06-16,New
R005523,Metroville,2022-09-12,New
R005524,Metroville,2022-07-06,Regular
R005525,Metroville,2021-03-11,Regular
R005526,Metroville,2021-04-20,Regular
R005527,Capital City,2022-10-10,Power
R005528,Capital City,2022-03-20,Regular
R005529,Metroville,2022-08-11,Power
R005530,Metroville,2021-06-29,New
R005531,Capital City,2022-06-14,Regular
R005532,Capital City,2022-04-07,Power
R005533,Metroville,2021-03-31,Regular
R005534,Metroville,2022-10-15,Regular
R005535,Metroville,2022-10-16,Occasional
R005536,Metroville,2022-12-13,Power
R005537,Metroville,2021-07-31,Regular
R005538,Metroville,2021-03-26,Occasional
R005539,Metroville,2022-12-01,Regular
R005540,Metroville,2021-05-16,Power
R005541,Capital City,2021-05-19,Regular
R005542,Metroville,2021-11-13,Occasional
R005543,Capital City,2021-05-07,Regular
R005544,Capital City,2022-05-29,Occasional
R005545,Metroville,2022-11-25,Occasional
R005546,Capital City,2021-06-16,New
R005547,Metroville,2022-04-10,Regular
R005548,Metroville,2021-06-24,Regular
R005549,Capital City,2021-06-28,Power
R005550,Capital City,2021-09-05,Power
R005551,Metroville,2021-03-03,Power
R005552,Capital City,2022-08-02,Regular
R005553,Capital City,2021-12-23,Regular
R005554,Capital City,2021-11-26,Occasional
R005555,Metroville,2022-05-18,Occasional
R005556,Capital City,2021-05-08,Regular
R005557,Metroville,2022-03-10,Occasional
R005558,Metroville,2022-08-17,Power
R005559,Capital City,2021-09-13,Occasional
R005560,Capital City,2021-08-06,Occasional
R005561,Capital City,2021-07-28,Regular
R005562,Metroville,2022-10-01,Occasional
R005563,Metroville,2021-11-21,New
R005564,Capital City,2021-12-25,Regular
R005565,Metroville,2021-08-05,Power
R005566,Capital City,2022-12-22,Regular
R005567,Metroville,2021-02-22,Occasional
R005568,Metroville,2022-05-02,Regular
R005569,Metroville,2021-04-13,Power
R005570,Capital City,2021-01-31,Power
R005571,Capital City,2022-07-16,Power
R005572,Metroville,2021-07-24,New
R005573,Metroville,2022-08-11,Occasional
R005574,Metroville,2021-10-02,Regular
R005575,Capital City,2022-07-22,Power
R005576,Metroville,2022-07-02,Occasional
R005577,Metroville,2021-06-01,Occasional
R005578,Capital City,2021-06-01,Regular
R005579,Capital City,2021-02-25,Regular
R005580,Capital City,2022-08-05,Occasional
R005581,Metroville,2021-08-24,Regular
R005582,Capital City,2021-12-30,New
R005583,Metroville,2022-11-21,Occasional
R005584,Metroville,2022-05-22,Regular
R005585,Metroville,2021-08-20,Regular
R005586,Capital City,2022-05-09,New
R005587,Capital City,2022-10-29,Occasional
R005588,Capital City,2022-04-06,Occasional
R005589,Capital City,2021-12-19,Power
R005590,Capital City,2022-05-07,Regular
R005591,Capital City,2022-11-19,Power
R005592,Capital City,2021-02-16,Occasional
R005593,Capital City,2022-06-04,Power
R005594,Metroville,2021-07-20,Occasional
R005595,Metroville,2021-12-28,Occasional
R005596,Capital City,2021-11-30,Regular
R005597,Metroville,2021-09-08,Occasional
R005598,Metroville,2021-09-23,Regular
R005599,Capital City,2022-11-15,Regular
R005600,Metroville,2022-11-22,Power
R005601,Metroville,2021-03-08,Regular
R005602,Capital City,2022-02-04,New
R005603,Capital City,2022-09-18,Power
R005604,Capital City,2021-01-11,Regular
R005605,Metroville,2021-07-17,Regular
R005606,Metroville,2021-03-24,New
R005607,Capital City,2022-03-27,Regular
R005608,Capital City,2022-04-07,Regular
R005609,Metroville,2021-05-19,Occasional
R005610,Metroville,2021-06-23,Occasional
R005611,Metroville,2021-05-28,Occasional
R005612,Capital City,2022-07-07,Power
R005613,Metroville,2021-12-12,Occasional
R005614,Capital City,2021-03-03,Power
R005615,Metroville,2021-12-10,Occasional
R005616,Capital City,2021-12-23,Occasional
R005617,Metroville,2021-05-10,Occasional
R005618,Metroville,2021-03-03,Occasional
R005619,Metroville,2022-10-14,Power
R005620,Metroville,2021-07-21,Regular
R005621,Metroville,2022-04-19,Power
R005622,Metroville,2021-12-12,Occasional
R005623,Metroville,2022-05-18,New
R005624,Metroville,2021-07-22,Regular
R005625,Metroville,2021-11-12,Power
R005626,Metroville,2022-01-05,New
R005627,Capital City,2022-01-13,Power
R005628,Metroville,2021-08-21,Power
R005629,Metroville,2021-08-26,Regular
R005630,Capital City,2021-04-23,Regular
R005631,Metroville,2022-12-26,Regular
R005632,Capital City,2021-08-06,Occasional
R005633,Capital City,2022-08-12,Power
R005634,Capital City,2021-10-08,Regular
R005635,Capital City,2022-07-16,Regular
R005636,Metroville,2022-05-11,Regular
R005637,Metroville,2022-10-15,Regular
R005638,Metroville,2021-07-24,Regular
R005639,Metroville,2021-03-14,Occasional
R005640,Capital City,2022-03-20,New
R005641,Metroville,2022-05-30,Regular
R005642,Capital City,2022-08-01,Regular
R005643,Capital City,2022-06-24,Regular
R005644,Capital City,2022-07-24,Regular
R005645,Metroville,2021-12-27,New
R005646,Metroville,2021-04-25,Regular
R005647,Metroville,2022-09-02,New
R005648,Metroville,2021-02-24,Regular
R005649,Metroville,2022-05-11,Regular
R005650,Capital City,2021-11-03,Regular
R005651,Metroville,2022-01-28,Regular
R005652,Metroville,2022-09-07,Regular
R005653,Metroville,2021-08-26,Regular
R005654,Capital City,2021-02-09,Regular
R005655,Capital City,2021-08-29,Regular
R005656,Metroville,2021-08-29,Occasional
R005657,Metroville,2022-05-31,Power
R005658,Capital City,2021-05-07,New
R005659,Capital City,2022-07-20,Occasional
R005660,Metroville,2021-03-10,Power
R005661,Capital City,2021-11-07,Occasional
R005662,Metroville,2022-12-10,Regular
R005663,Capital City,2022-04-27,Regular
R005664,Metroville,2022-11-18,Regular
R005665,Capital City,2022-08-24,Regular
R005666,Capital City,2021-05-24,Regular
R005667,Capital City,2021-05-05,New
R005668,Metroville,2022-07-21,Occasional
R005669,Metroville,2022-08-17,Regular
R005670,Capital City,2021-03-28,Occasional
R005671,Metroville,2021-07-26,Regular
R005672,Metroville,2022-11-22,Power
R005673,Metroville,2021-05-25,Power
R005674,Capital City,2022-08-04,Regular
R005675,Metroville,2022-11-05,Power
R005676,Metroville,2022-07-15,Regular
R005677,Metroville,2022-04-12,Occasional
R005678,Capital City,2022-07-01,Regular
R005679,Metroville,2021-07-21,Power
R005680,Capital City,2021-11-12,Occasional
R005681,Capital City,2021-04-28,Occasional
R005682,Capital City,2021-06-03,Regular
R005683,Metroville,2021-03-20,New
R005684,Metroville,2022-12-13,Power
R005685,Metroville,2021-02-23,Power
R005686,Capital City,2022-03-17,Regular
R005687,Capital City,2022-10-06,Occasional
R005688,Capital City,2022-05-25,Occasional
R005689,Capital City,2021-09-29,Occasional
R005690,Metroville,2021-04-20,Regular
R005691,Metroville,2021-09-06,New
R005692,Capital City,2021-08-26,Occasional
R005693,Metroville,2022-07-11,Occasional
R005694,Metroville,2022-05-22,Power
R005695,Capital City,2021-11-07,Occasional
R005696,Metroville,2021-04-26,Regular
R005697,Capital City,2022-08-08,Occasional
R005698,Capital City,2021-05-15,Regular
R005699,Capital City,2022-06-29,Occasional
R005700,Metroville,2021-04-03,Occasional
R005701,Metroville,2021-02-25,Occasional
R005702,Capital City,2021-07-27,Occasional
R005703,Capital City,2022-04-06,Occasional
R005704,Metroville,2022-07-14,Occasional
R005705,Metroville,2021-01-29,Regular
R005706,Metroville,2022-01-16,Occasional
R005707,Metroville,2021-09-24,Regular
R005708,Metroville,2021-05-01,Regular
R005709,Capital City,2021-05-07,Regular
R005710,Capital City,2022-10-23,Occasional
R005711,Capital City,2022-05-11,Regular
R005712,Capital City,2021-12-10,Occasional
R005713,Capital City,2021-12-03,Regular
R005714,Metroville,2022-08-19,Occasional
R005715,Metroville,2022-09-12,Occasional
R005716,Metroville,2022-12-16,Occasional
R005717,Capital City,2022-06-08,Occasional
R005718,Capital City,2021-07-15,Occasional
R005719,Metroville,2021-08-03,Power
R005720,Capital City,2021-01-31,New
R005721,Metroville,2021-10-29,Occasional
R005722,Metroville,2022-08-01,Occasional
R005723,Metroville,2021-04-21,Power
R005724,Capital City,2022-09-25,Occasional
R005725,Metroville,2022-07-04,Power
R005726,Metroville,2021-09-01,Occasional
R005727,Metroville,2021-04-12,Regular
R005728,Capital City,2021-04-27,Regular
R005729,Metroville,2022-11-23,Regular
R005730,Capital City,2021-07-06,Power
R005731,Metroville,2021-08-04,Regular
R005732,Capital City,2022-09-03,Regular
R005733,Capital City,2022-09-28,Regular
R005734,Metroville,2021-08-26,Occasional
R005735,Metroville,2021-02-25,Power
R005736,Metroville,2022-08-21,Regular
R005737,Capital City,2021-04-24,Occasional
R005738,Capital City,2021-06-28,Regular
R005739,Capital City,2022-12-31,New
R005740,Metroville,2021-02-06,Power
R005741,Capital City,2021-03-08,Regular
R005742,Metroville,2021-10-17,Occasional
R005743,Metroville,2021-07-16,Occasional
R005744,Metroville,2021-10-28,Occasional
R005745,Capital City,2021-12-18,Occasional
R005746,Capital City,2022-11-18,Regular
R005747,Metroville,2021-01-17,New
R005748,Metroville,2021-07-08,Occasional
R005749,Metroville,2021-10-19,Regular
R005750,Metroville,2022-05-12,Power
R005751,Metroville,2021-08-26,Power
R005752,Capital City,2021-12-07,Regular
R005753,Metroville,2022-01-08,Power
R005754,Capital City,2021-05-08,Regular
R005755,Metroville,2021-01-18,Regular
R005756,Metroville,2021-05-22,Occasional
R005757,Capital City,2022-09-23,Regular
R005758,Capital City,2021-10-23,Occasional
R005759,Metroville,2022-08-17,Regular
R005760,Capital City,2022-04-16,Power
R005761,Capital City,2021-08-31,Regular
R005762,Metroville,2022-05-08,Regular
R005763,Metroville,2022-10-08,New
R005764,Metroville,2022-03-17,Power
R005765,Metroville,2021-04-29,Occasional
R005766,Capital City,2021-06-24,Regular
R005767,Capital City,2021-11-09,Regular
R005768,Metroville,2022-04-13,Power
R005769,Capital City,2022-06-22,Occasional
R005770,Metroville,2022-12-27,New
R005771,Capital City,2021-01-05,Regular
R005772,Capital City,2022-12-25,Occasional
R005773,Metroville,2021-05-20,Occasional
R005774,Metroville,2021-07-15,Power
R005775,Metroville,2022-09-03,Power
R005776,Metroville,2021-07-18,New
R005777,Capital City,2022-12-25,Occasional
R005778,Capital City,2021-12-13,Occasional
R005779,Capital City,2021-03-02,Power
R005780,Metroville,2022-06-05,Power
R005781,Metroville,2021-01-27,Regular
R005782,Capital City,2022-02-12,Occasional
R005783,Capital City,2021-11-09,Regular
R005784,Metroville,2021-12-27,Occasional
R005785,Metroville,2022-09-14,New
R005786,Metroville,2022-07-27,Occasional
R005787,Metroville,2021-10-22,Regular
R005788,Capital City,2021-03-05,Regular
R005789,Capital City,2021-05-12,Power
R005790,Capital City,2022-04-17,Power
R005791,Metroville,2022-04-09,Regular
R005792,Capital City,2021-07-02,New
R005793,Capital City,2021-10-25,Occasional
R005794,Metroville,2021-06-02,Regular
R005795,Capital City,2021-12-23,Occasional
R005796,Metroville,2021-04-15,Power
R005797,Metroville,2022-03-25,Regular
R005798,Capital City,2021-02-04,New
R005799,Metroville,2021-11-21,Regular
R005800,Metroville,2022-06-07,Occasional
R005801,Metroville,2021-11-04,Power
R005802,Capital City,2021-06-15,Power
R005803,Metroville,2021-06-10,New
R005804,Metroville,2021-08-25,Regular
R005805,Metroville,2022-07-02,Regular
R005806,Capital City,2021-12-18,Regular
R005807,Metroville,2021-06-08,Power
R005808,Metroville,2021-06-12,New
R005809,Metroville,2021-08-24,Regular
R005810,Capital City,2022-04-17,Regular
R005811,Metroville,2022-02-21,Regular
R005812,Metroville,2021-05-20,Regular
R005813,Metroville,2022-01-14,Regular
R005814,Capital City,2021-01-09,Occasional
R005815,Metroville,2021-11-20,Occasional
R005816,Capital City,2022-08-13,Power
R005817,Capital City,2021-02-25,Power
R005818,Metroville,2022-09-02,Regular
R005819,Capital City,2022-05-11,Occasional
R005820,Metroville,2021-10-01,Occasional
R005821,Capital City,2021-01-15,Power
R005822,Metroville,2022-07-20,New
R005823,Metroville,2022-09-21,Regular
R005824,Metroville,2022-05-27,Occasional
R005825,Metroville,2021-07-30,Power
R005826,Metroville,2021-11-17,Occasional
R005827,Metroville,2022-01-20,Regular
R005828,Capital City,2021-06-17,Occasional
R005829,Capital City,2021-04-13,Power
R005830,Metroville,2021-01-18,Regular
R005831,Capital City,2021-01-31,Power
R005832,Capital City,2021-01-08,New
R005833,Capital City,2022-11-09,Regular
R005834,Metroville,2022-07-21,Power
R005835,Capital City,2021-11-29,Regular
R005836,Metroville,2021-03-21,Regular
R005837,Metroville,2022-12-27,Power
R005838,Metroville,2022-09-30,Regular
R005839,Metroville,2022-08-06,Occasional
R005840,Metroville,2021-09-06,Regular
R005841,Metroville,2021-04-27,Regular
R005842,Metroville,2021-10-13,Regular
R005843,Capital City,2022-10-03,Occasional
R005844,Metroville,2022-10-28,New
R005845,Metroville,2022-04-07,Occasional
R005846,Metroville,2022-05-19,Occasional
R005847,Capital City,2021-12-18,Power
R005848,Metroville,2022-10-12,Regular
R005849,Metroville,2021-04-18,Power
R005850,Capital City,2022-11-24,Regular
R005851,Metroville,2021-12-04,Occasional
R005852,Metroville,2021-11-17,Regular
R005853,Metroville,2021-04-13,Occasional
R005854,Capital City,2021-03-01,Power
R005855,Metroville,2021-07-17,Occasional
R005856,Capital City,2022-03-14,Regular
R005857,Capital City,2021-01-03,Occasional
R005858,Metroville,2021-04-30,Occasional
R005859,Metroville,2022-11-04,Occasional
R005860,Metroville,2022-07-06,Regular
R005861,Metroville,2021-03-17,Power
R005862,Metroville,2021-08-13,Occasional
R005863,Metroville,2021-10-09,Occasional
R005864,Metroville,2022-12-22,New
R005865,Metroville,2022-06-09,Regular
R005866,Capital City,2021-02-28,Regular
R005867,Metroville,2021-07-20,Occasional
R005868,Metroville,2022-03-15,New
R005869,Capital City,2022-06-16,Occasional
R005870,Capital City,2022-11-28,Regular
R005871,Metroville,2021-04-28,Occasional
R005872,Metroville,2021-07-28,Power
R005873,Capital City,2021-07-22,Regular
R005874,Metroville,2021-01-16,Regular
R005875,Metroville,2022-05-09,Regular
R005876,Metroville,2021-04-12,Power
R005877,Capital City,2022-07-12,Regular
R005878,Metroville,2021-02-10,Occasional
R005879,Capital City,2022-11-26,Power
R005880,Capital City,2021-12-29,Occasional
R005881,Capital City,2022-05-02,Regular
R005882,Metroville,2021-03-02,Regular
R005883,Metroville,2023-01-01,Occasional
R005884,Metroville,2022-07-24,Regular
R005885,Metroville,2022-10-05,Regular
R005886,Metroville,2022-03-25,Regular
R005887,Metroville,2021-11-18,Regular
R005888,Capital City,2022-01-05,Regular
R005889,Metroville,2021-02-15,Occasional
R005890,Capital City,2021-11-23,Occasional
R005891,Metroville,2021-11-12,Occasional
R005892,Capital City,2021-05-11,New
R005893,Capital City,2022-06-10,Power
R005894,Capital City,2021-07-20,Occasional
R005895,Metroville,2022-12-17,Occasional
R005896,Capital City,2021-01-11,Regular
R005897,Capital City,2022-10-23,Regular
R005898,Metroville,2022-10-01,Power
R005899,Metroville,2021-06-18,Occasional
R005900,Metroville,2022-03-16,Regular
R005901,Metroville,2021-06-08,Regular
R005902,Metroville,2021-05-15,Power
R005903,Capital City,2022-01-10,Regular
R005904,Capital City,2022-01-11,Regular
R005905,Metroville,2022-03-24,Regular
R005906,Capital City,2022-05-15,Power
R005907,Metroville,2021-04-21,Regular
R005908,Metroville,2022-06-16,Occasional
R005909,Metroville,2021-09-23,Regular
R005910,Capital City,2021-11-14,Regular
R005911,Capital City,2021-05-23,Occasional
R005912,Metroville,2022-12-28,New
R005913,Capital City,2022-04-09,Regular
R005914,Metroville,2022-07-06,Power
R005915,Metroville,2021-11-11,Regular
R005916,Metroville,2021-08-01,Power
R005917,Capital City,2022-09-14,Power
R005918,Metroville,2021-06-08,Regular
R005919,Metroville,2022-10-19,New
R005920,Metroville,2021-08-04,Regular
R005921,Metroville,2022-03-06,Occasional
R005922,Capital City,2022-01-18,Occasional
R005923,Capital City,2022-09-04,Regular
R005924,Capital City,2021-07-25,Power
R005925,Metroville,2022-04-13,Power
R005926,Metroville,2021-06-30,Power
R005927,Capital City,2021-05-23,New
R005928,Metroville,2022-04-20,Regular
R005929,Metroville,2021-01-21,Regular
R005930,Capital City,2021-10-05,New
R005931,Capital City,2021-12-11,Regular
R005932,Capital City,2021-06-04,Power
R005933,Capital City,2021-08-24,Regular
R005934,Metroville,2022-04-27,Regular
R005935,Capital City,2022-01-19,Occasional
R005936,Capital City,2021-09-19,Regular
R005937,Metroville,2021-02-03,Occasional
R005938,Capital City,2021-09-17,Power
R005939,Capital City,2021-05-11,Occasional
R005940,Capital City,2022-12-04,Power
R005941,Metroville,2021-08-26,Regular
R005942,Metroville,2022-09-04,Regular
R005943,Capital City,2022-04-12,Regular
R005944,Metroville,2022-10-24,Regular
R005945,Metroville,2021-12-06,Regular
R005946,Capital City,2021-03-24,Regular
R005947,Metroville,2022-05-21,Occasional
R005948,Metroville,2021-02-07,Regular
R005949,Metroville,2021-01-13,Power
R005950,Capital City,2022-05-11,Regular
R005951,Metroville,2022-02-12,Power
R005952,Capital City,2021-11-05,Occasional
R005953,Capital City,2022-01-05,New
R005954,Capital City,2021-07-22,Occasional
R005955,Metroville,2021-07-02,Regular
R005956,Capital City,2022-12-23,Occasional
R005957,Metroville,2021-01-14,Power
R005958,Capital City,2022-04-07,Power
R005959,Capital City,2022-04-22,Power
R005960,Metroville,2022-03-13,Power
R005961,Capital City,2022-09-28,Regular
R005962,Metroville,2021-11-19,Power
R005963,Metroville,2021-02-11,Power
R005964,Metroville,2022-01-16,Regular
R005965,Metroville,2022-10-16,Regular
R005966,Capital City,2021-06-13,Occasional
R005967,Metroville,2022-07-03,Regular
R005968,Metroville,2021-09-01,Regular
R005969,Capital City,2022-02-14,Occasional
R005970,Metroville,2022-01-04,Occasional
R005971,Metroville,2022-05-23,Regular
R005972,Metroville,2021-05-24,Power
R005973,Capital City,2022-04-01,Power
R005974,Metroville,2022-06-28,Regular
R005975,Metroville,2021-02-01,New
R005976,Capital City,2022-06-21,Regular
R005977,Metroville,2021-08-09,Occasional
R005978,Capital City,2022-06-11,Power
R005979,Capital City,2022-05-06,Power
R005980,Metroville,2022-04-29,Power
R005981,Capital City,2022-04-05,Power
R005982,Metroville,2022-06-04,Regular
R005983,Metroville,2022-05-12,Occasional
R005984,Capital City,2022-06-08,Regular
R005985,Metroville,2022-04-21,New
R005986,Metroville,2021-04-08,Regular
R005987,Metroville,2022-01-02,Occasional
R005988,Metroville,2022-07-26,Power
R005989,Metroville,2022-09-14,Power
R005990,Metroville,2022-09-01,Regular
R005991,Metroville,2022-10-13,Regular
R005992,Metroville,2021-02-08,Regular
R005993,Metroville,2021-02-21,Occasional
R005994,Metroville,2021-08-15,Regular
R005995,Capital City,2021-04-13,Power
R005996,Metroville,2022-12-26,Regular
R005997,Capital City,2021-06-26,Regular
R005998,Capital City,2022-11-19,Regular
R005999,Capital City,2021-08-26,Regular
R006000,Capital City,2021-12-17,Regular
R006001,Capital City,2021-04-06,Regular
R006002,Metroville,2022-02-13,New
R006003,Metroville,2021-08-15,Power
R006004,Metroville,2021-05-23,Power
R006005,Metroville,2022-03-26,Power
R006006,Capital City,2021-08-17,Regular
R006007,Capital City,2022-06-28,Power
R006008,Metroville,2021-07-27,Occasional
R006009,Metroville,2022-03-21,Power
R006010,Metroville,2021-11-20,Regular
R006011,Metroville,2022-05-19,Occasional
R006012,Capital City,2021-05-21,Power
R006013,Metroville,2022-08-23,Regular
R006014,Capital City,2022-11-07,Occasional
R006015,Metroville,2021-07-12,Regular
R006016,Metroville,2021-10-25,Regular
R006017,Capital City,2021-08-30,Occasional
R006018,Capital City,2021-06-27,Occasional
R006019,Metroville,2022-11-29,Power
R006020,Metroville,2021-08-05,Regular
R006021,Capital City,2022-01-11,Regular
R006022,Capital City,2021-11-24,Occasional
R006023,Capital City,2021-01-29,Regular
R006024,Metroville,2022-07-07,Power
R006025,Capital City,2021-09-20,Regular
R006026,Metroville,2022-08-31,Regular
R006027,Capital City,2021-01-16,New
R006028,Capital City,2021-07-20,Occasional
R006029,Capital City,2021-09-17,Occasional
R006030,Metroville,2022-02-12,Occasional
R006031,Capital City,2021-01-26,New
R006032,Metroville,2022-12-24,Occasional
R006033,Capital City,2022-12-20,Occasional
R006034,Metroville,2021-02-10,Power
R006035,Capital City,2022-05-31,Regular
R006036,Metroville,2021-12-09,Occasional
R006037,Metroville,2021-05-17,Power
R006038,Metroville,2022-09-20,Power
R006039,Metroville,2022-02-02,Occasional
R006040,Metroville,2021-12-27,New
R006041,Metroville,2021-04-14,Occasional
R006042,Metroville,2022-04-11,Regular
R006043,Metroville,2022-06-24,Regular
R006044,Capital City,2021-06-19,Occasional
R006045,Capital City,2022-04-07,Occasional
R006046,Metroville,2022-05-04,Regular
R006047,Metroville,2022-04-01,Power
R006048,Capital City,2021-09-06,Regular
R006049,Metroville,2021-04-14,Power
R006050,Capital City,2022-01-15,Occasional
R006051,Metroville,2021-12-23,Regular
R006052,Capital City,2022-06-27,New
R006053,Metroville,2021-08-09,Power
R006054,Capital City,2021-10-24,Regular
R006055,Metroville,2022-05-31,Regular
R006056,Metroville,2021-10-29,New
R006057,Metroville,2021-01-14,Power
R006058,Capital City,2021-12-16,Regular
R006059,Metroville,2021-12-24,Power
R006060,Capital City,2021-11-17,New
R006061,Metroville,2022-03-21,Occasional
R006062,Metroville,2021-09-27,Power
R006063,Metroville,2022-07-01,Power
R006064,Metroville,2021-05-26,Power
R006065,Capital City,2022-08-20,Occasional
R006066,Capital City,2021-05-22,Regular
R006067,Metroville,2021-01-29,Regular
R006068,Metroville,2022-05-12,Regular
R006069,Capital City,2022-09-21,Occasional
R006070,Metroville,2022-03-31,Power
R006071,Capital City,2022-05-05,Power
R006072,Capital City,2021-06-12,Regular
R006073,Metroville,2021-10-16,Occasional
R006074,Metroville,2021-12-07,Regular
R006075,Metroville,2022-06-15,Regular
R006076,Metroville,2022-08-05,Occasional
R006077,Metroville,2022-08-01,Occasional
R006078,Metroville,2021-09-04,Regular
R006079,Metroville,2022-12-23,Regular
R006080,Metroville,2022-07-05,Regular
R006081,Metroville,2021-10-27,Occasional
R006082,Metroville,2021-08-08,Regular
R006083,Metroville,2022-08-17,Occasional
R006084,Capital City,2021-03-27,New
R006085,Metroville,2021-07-21,Regular
R006086,Metroville,2021-07-04,Power
R006087,Metroville,2022-02-12,Power
R006088,Capital City,2021-08-21,Occasional
R006089,Metroville,2022-02-28,Occasional
R006090,Metroville,2022-04-20,Regular
R006091,Metroville,2021-06-05,Power
R006092,Metroville,2021-05-30,Occasional
R006093,Metroville,2022-11-14,New
R006094,Capital City,2021-11-20,Occasional
R006095,Metroville,2022-09-22,Occasional
R006096,Metroville,2021-01-24,Regular
R006097,Capital City,2022-07-18,Occasional
R006098,Metroville,2022-11-01,Occasional
R006099,Capital City,2022-05-26,Regular
R006100,Metroville,2022-04-16,Occasional
R006101,Metroville,2021-09-01,New
R006102,Metroville,2021-03-28,New
R006103,Metroville,2022-09-25,Regular
R006104,Capital City,2021-09-28,Occasional
R006105,Metroville,2022-01-24,Regular
R006106,Capital City,2022-04-10,Occasional
R006107,Capital City,2021-12-28,Power
R006108,Capital City,2021-12-29,Occasional
R006109,Metroville,2021-06-07,Occasional
R006110,Metroville,2021-06-10,Regular
R006111,Metroville,2022-04-13,Regular
R006112,Metroville,2022-01-14,Occasional
R006113,Capital City,2022-12-12,Occasional
R006114,Metroville,2021-11-06,Regular
R006115,Metroville,2022-08-30,Regular
R006116,Capital City,2022-01-07,Power
R006117,Metroville,2021-02-05,Regular
R006118,Metroville,2021-04-21,Power
R006119,Capital City,2022-06-12,Power
R006120,Metroville,2021-05-21,Power
R006121,Metroville,2021-05-22,Regular
R006122,Capital City,2021-03-07,Power
R006123,Metroville,2021-03-08,Regular
R006124,Metroville,2021-06-29,Regular
R006125,Metroville,2022-07-07,Power
R006126,Capital City,2022-03-16,New
R006127,Capital City,2022-01-03,Occasional
R006128,Capital City,2022-02-03,Occasional
R006129,Metroville,2021-02-11,Occasional
R006130,Metroville,2021-07-28,Power
R006131,Capital City,2021-08-20,Occasional
R006132,Capital City,2021-10-01,Regular
R006133,Capital City,2022-10-13,Regular
R006134,Metroville,2021-12-07,Regular
R006135,Capital City,2021-04-13,Regular
R006136,Capital City,2022-03-14,Regular
R006137,Capital City,2021-09-14,New
R006138,Metroville,2021-03-26,Regular
R006139,Capital City,2022-08-06,Occasional
R006140,Capital City,2022-07-14,Regular
R006141,Metroville,2021-03-17,Power
R006142,Metroville,2022-01-21,Occasional
R006143,Metroville,2021-10-27,New
R006144,Capital City,2021-03-26,Regular
R006145,Metroville,2021-04-14,Regular
R006146,Metroville,2021-05-26,Occasional
R006147,Capital City,2021-11-13,Occasional
R006148,Metroville,2022-10-20,Power
R006149,Metroville,2022-10-12,Occasional
R006150,Metroville,2022-07-20,Regular
R006151,Capital City,2022-01-15,Occasional
R006152,Metroville,2022-05-13,Occasional
R006153,Capital City,2022-02-14,Regular
R006154,Metroville,2022-02-11,Power
R006155,Metroville,2021-03-04,New
R006156,Capital City,2022-03-09,Occasional
R006157,Metroville,2021-01-04,Regular
R006158,Capital City,2022-04-03,Regular
R006159,Metroville,2021-04-22,Regular
R006160,Metroville,2021-03-12,Power
R006161,Metroville,2021-11-23,Power
R006162,Metroville,2022-03-30,Occasional
R006163,Metroville,2021-10-03,New
R006164,Capital City,2021-12-26,Regular
R006165,Capital City,2021-05-10,Regular
R006166,Capital City,2021-07-17,Power
R006167,Capital City,2021-09-27,Power
R006168,Metroville,2021-11-04,Regular
R006169,Metroville,2022-07-14,Occasional
R006170,Capital City,2022-06-27,Regular
R006171,Capital City,2022-12-09,Regular
R006172,Metroville,2022-08-26,Occasional
R006173,Metroville,2022-05-06,Power
R006174,Metroville,2021-02-23,New
R006175,Metroville,2022-04-19,Regular
R006176,Capital City,2021-01-14,Power
R006177,Metroville,2022-10-12,Regular
R006178,Metroville,2022-05-31,Regular
R006179,Capital City,2022-07-15,New
R006180,Metroville,2021-11-21,Occasional
R006181,Capital City,2022-09-18,Regular
R006182,Capital City,2022-09-26,Regular
R006183,Capital City,2022-10-28,Regular
R006184,Capital City,2021-09-04,Regular
R006185,Metroville,2021-06-19,Power
R006186,Metroville,2022-11-07,Regular
R006187,Metroville,2022-12-06,Regular
R006188,Capital City,2021-11-21,New
R006189,Metroville,2021-07-14,New
R006190,Metroville,2022-10-08,Power
R006191,Metroville,2022-09-17,Occasional
R006192,Metroville,2022-04-08,Occasional
R006193,Metroville,2021-04-09,Regular
R006194,Capital City,2022-07-26,Occasional
R006195,Capital City,2022-10-07,Regular
R006196,Capital City,2021-03-02,Power
R006197,Capital City,2021-11-28,Power
R006198,Capital City,2022-02-19,Regular
R006199,Capital City,2022-05-12,Regular
R006200,Metroville,2022-04-23,Regular
R006201,Capital City,2022-03-17,Occasional
R006202,Metroville,2021-10-05,Regular
R006203,Capital City,2021-03-31,Regular
R006204,Metroville,2022-08-25,Regular
R006205,Capital City,2022-08-20,Power
R006206,Capital City,2021-07-11,Power
R006207,Metroville,2022-07-11,Power
R006208,Metroville,2022-12-03,Regular
R006209,Metroville,2022-11-27,Occasional
R006210,Capital City,2021-02-21,Regular
R006211,Capital City,2022-01-01,Occasional
R006212,Metroville,2022-02-02,Occasional
R006213,Capital City,2021-09-01,Power
R006214,Metroville,2021-09-10,Occasional
R006215,Metroville,2021-06-27,Occasional
R006216,Capital City,2022-03-29,Regular
R006217,Capital City,2021-06-19,Occasional
R006218,Metroville,2021-10-03,Power
R006219,Metroville,2022-08-16,Regular
R006220,Metroville,2021-01-17,Regular
R006221,Capital City,2021-06-28,Occasional
R006222,Capital City,2022-07-04,Regular
R006223,Metroville,2021-05-06,Regular
R006224,Metroville,2021-04-30,Power
R006225,Capital City,2021-09-21,Regular
R006226,Capital City,2021-03-26,New
R006227,Metroville,2021-03-21,Power
R006228,Metroville,2021-06-03,Regular
R006229,Metroville,2021-10-13,Occasional
R006230,Metroville,2021-07-14,Regular
R006231,Metroville,2021-03-17,New
R006232,Capital City,2021-03-18,New
R006233,Metroville,2021-07-04,Regular
R006234,Metroville,2022-02-18,Regular
R006235,Metroville,2022-01-11,Occasional
R006236,Capital City,2021-08-26,Occasional
R006237,Metroville,2021-06-28,Regular
R006238,Capital City,2022-05-14,Regular
R006239,Metroville,2022-10-02,Regular
R006240,Metroville,2021-10-06,Regular
R006241,Capital City,2022-02-20,Power
R006242,Metroville,2021-12-23,Regular
R006243,Capital City,2021-11-05,Regular
R006244,Metroville,2022-04-10,Regular
R006245,Metroville,2022-07-26,New
R006246,Capital City,2022-02-25,Regular
R006247,Metroville,2022-12-22,Regular
R006248,Metroville,2023-01-01,Power
R006249,Capital City,2021-07-15,Occasional
R006250,Capital City,2022-08-15,Power
R006251,Capital City,2022-01-14,Regular
R006252,Metroville,2022-03-14,Occasional
R006253,Metroville,2021-09-08,Power
R006254,Capital City,2021-07-03,Power
R006255,Metroville,2022-12-24,Power
R006256,Metroville,2021-01-27,Power
R006257,Metroville,2021-08-16,Occasional
R006258,Capital City,2021-08-31,Occasional
R006259,Metroville,2022-03-01,Power
R006260,Metroville,2022-12-23,Occasional
R006261,Metroville,2021-10-18,Power
R006262,Capital City,2022-03-08,Occasional
R006263,Metroville,2021-04-30,Occasional
R006264,Metroville,2022-05-10,Regular
R006265,Capital City,2022-12-25,Regular
R006266,Metroville,2021-06-19,Occasional
R006267,Metroville,2021-12-15,Regular
R006268,Metroville,2022-06-22,Occasional
R006269,Capital City,2021-11-06,New
R006270,Metroville,2021-06-06,Regular
R006271,Metroville,2021-10-11,Occasional
R006272,Capital City,2021-11-23,Regular
R006273,Metroville,2022-04-21,Regular
R006274,Capital City,2022-07-18,Occasional
R006275,Capital City,2021-03-11,Power
R006276,Metroville,2021-11-28,Regular
R006277,Metroville,2021-12-10,Occasional
R006278,Capital City,2022-05-21,Occasional
R006279,Capital City,2022-04-07,Occasional
R006280,Capital City,2022-10-12,Occasional
R006281,Capital City,2021-10-26,Regular
R006282,Capital City,2021-04-01,Power
R006283,Metroville,2022-05-01,New
R006284,Capital City,2021-07-21,Regular
R006285,Metroville,2021-04-14,Regular
R006286,Capital City,2021-01-21,Power
R006287,Metroville,2021-01-30,Regular
R006288,Metroville,2022-03-29,Regular
R006289,Metroville,2022-03-16,Occasional
R006290,Metroville,2021-03-08,Regular
R006291,Capital City,2021-07-06,Power
R006292,Capital City,2022-04-01,Power
R006293,Metroville,2021-11-05,Regular
R006294,Metroville,2022-06-23,New
R006295,Capital City,2022-10-23,New
R006296,Capital City,2022-06-29,Occasional
R006297,Metroville,2022-08-15,Occasional
R006298,Metroville,2022-03-11,Regular
R006299,Capital City,2022-09-10,Occasional
R006300,Metroville,2021-03-20,Occasional
R006301,Metroville,2021-09-22,Occasional
R006302,Metroville,2021-04-09,Regular
R006303,Capital City,2021-09-25,Occasional
R006304,Capital City,2022-03-29,Power
R006305,Capital City,2021-01-14,Power
R006306,Metroville,2021-04-04,Regular
R006307,Metroville,2021-08-16,Regular
R006308,Capital City,2022-06-23,Occasional
R006309,Metroville,2022-02-07,Regular
R006310,Metroville,2022-12-13,Occasional
R006311,Capital City,2022-07-30,Power
R006312,Capital City,2022-11-12,Regular
R006313,Metroville,2021-07-03,Regular
R006314,Metroville,2022-12-10,Power
R006315,Metroville,2022-06-25,New
R006316,Metroville,2022-09-19,Regular
R006317,Metroville,2022-03-19,Occasional
R006318,Capital City,2022-04-01,Regular
R006319,Capital City,2022-08-26,Power
R006320,Metroville,2021-10-10,New
R006321,Metroville,2022-12-24,Occasional
R006322,Capital City,2022-05-08,Power
R006323,Metroville,2022-10-01,Occasional
R006324,Metroville,2022-07-31,Regular
R006325,Capital City,2022-12-17,Power
R006326,Metroville,2021-08-14,Regular
R006327,Metroville,2022-05-24,Occasional
R006328,Metroville,2022-01-16,Regular
R006329,Capital City,2021-10-28,Regular
R006330,Metroville,2022-02-16,New
R006331,Metroville,2021-08-09,Occasional
R006332,Capital City,2021-12-17,Occasional
R006333,Metroville,2021-09-14,Regular
R006334,Capital City,2021-01-18,New
R006335,Metroville,2022-11-30,Regular
R006336,Metroville,2022-01-28,Regular
R006337,Metroville,2022-10-11,Regular
R006338,Metroville,2022-08-05,New
R006339,Metroville,2022-11-05,New
R006340,Capital City,2022-04-04,Regular
R006341,Capital City,2021-11-26,New
R006342,Metroville,2022-10-20,Regular
R006343,Metroville,2021-06-24,Power
R006344,Capital City,2021-09-07,Regular
R006345,Capital City,2022-06-30,Occasional
R006346,Metroville,2022-06-19,New
R006347,Metroville,2022-04-20,Power
R006348,Capital City,2021-12-07,Occasional
R006349,Metroville,2022-12-20,Power
R006350,Capital City,2022-08-30,Regular
R006351,Metroville,2022-04-22,Regular
R006352,Capital City,2021-12-03,New
R006353,Metroville,2021-10-05,Power
R006354,Metroville,2022-04-23,New
R006355,Metroville,2022-11-28,Regular
R006356,Metroville,2022-06-12,Regular
R006357,Capital City,2021-09-17,Occasional
R006358,Metroville,2022-09-27,Regular
R006359,Metroville,2021-07-17,New
R006360,Capital City,2021-02-19,Regular
R006361,Metroville,2022-06-02,Regular
R006362,Capital City,2021-09-04,Power
R006363,Capital City,2021-11-29,Power
R006364,Capital City,2021-02-03,Power
R006365,Metroville,2022-02-16,Regular
R006366,Metroville,2022-02-05,Regular
R006367,Capital City,2022-07-23,Regular
R006368,Metroville,2021-03-28,Occasional
R006369,Metroville,2022-11-19,Occasional
R006370,Capital City,2021-06-18,New
R006371,Capital City,2021-07-17,Occasional
R006372,Metroville,2022-08-29,Regular
R006373,Capital City,2022-04-17,Regular
R006374,Metroville,2021-08-27,New
R006375,Metroville,2021-03-19,Regular
R006376,Metroville,2022-03-02,Regular
R006377,Metroville,2022-06-12,Regular
R006378,Capital City,2021-12-28,Power
R006379,Metroville,2022-11-09,Power
R006380,Metroville,2021-02-18,Regular
R006381,Metroville,2022-05-23,Occasional
R006382,Metroville,2022-09-08,Occasional
R006383,Capital City,2022-05-05,Occasional
R006384,Capital City,2021-03-24,Power
R006385,Metroville,2021-10-14,Regular
R006386,Capital City,2022-02-03,Occasional
R006387,Metroville,2022-12-17,Regular
R006388,Metroville,2022-07-14,Occasional
R006389,Metroville,2022-03-25,Power
R006390,Capital City,2021-05-13,Occasional
R006391,Capital City,2022-09-01,Power
R006392,Metroville,2021-11-22,Regular
R006393,Metroville,2022-04-28,New
R006394,Metroville,2022-12-23,Power
R006395,Metroville,2022-11-19,Regular
R006396,Metroville,2021-05-16,Regular
R006397,Capital City,2021-01-24,Power
R006398,Metroville,2021-09-02,Power
R006399,Capital City,2021-01-27,Occasional
R006400,Capital City,2021-05-01,Occasional
R006401,Metroville,2022-07-27,Regular
R006402,Capital City,2021-12-17,Regular
R006403,Capital City,2022-10-02,Power
R006404,Metroville,2022-04-22,Regular
R006405,Metroville,2022-07-24,Occasional
R006406,Metroville,2021-08-08,Occasional
R006407,Metroville,2022-09-30,Regular
R006408,Metroville,2021-01-29,Regular
R006409,Capital City,2021-04-08,Power
R006410,Metroville,2022-01-20,Occasional
R006411,Metroville,2021-04-01,Occasional
R006412,Metroville,2022-11-01,Occasional
R006413,Capital City,2022-11-01,Regular
R006414,Capital City,2022-01-02,Regular
R006415,Metroville,2021-03-12,Regular
R006416,Metroville,2022-07-28,Regular
R006417,Metroville,2021-01-13,Occasional
R006418,Metroville,2021-07-01,Occasional
R006419,Capital City,2022-09-14,Occasional
R006420,Metroville,2022-08-26,Regular
R006421,Capital City,2021-08-20,Occasional
R006422,Metroville,2022-05-08,Regular
R006423,Metroville,2022-02-11,Regular
R006424,Capital City,2021-06-09,Power
R006425,Metroville,2021-03-12,Occasional
R006426,Metroville,2022-01-11,Occasional
R006427,Capital City,2021-10-09,Occasional
R006428,Metroville,2022-06-18,Regular
R006429,Capital City,2022-12-11,Occasional
R006430,Metroville,2021-01-26,Regular
R006431,Metroville,2021-12-11,Power
R006432,Metroville,2021-12-31,Occasional
R006433,Metroville,2022-08-17,New
R006434,Metroville,2022-04-20,Regular
R006435,Metroville,2022-11-22,Occasional
R006436,Capital City,2021-08-23,Power
R006437,Metroville,2021-01-08,Regular
R006438,Capital City,2021-10-10,Occasional
R006439,Capital City,2021-06-08,Occasional
R006440,Metroville,2022-03-06,Regular
R006441,Capital City,2021-06-25,Power
R006442,Metroville,2021-01-18,Occasional
R006443,Metroville,2021-08-18,Regular
R006444,Metroville,2022-06-21,Regular
R006445,Capital City,2021-05-31,New
R006446,Capital City,2022-06-24,Occasional
R006447,Metroville,2021-06-24,Power
R006448,Metroville,2022-01-10,Regular
R006449,Metroville,2022-02-04,Power
R006450,Capital City,2021-09-09,Regular
R006451,Capital City,2022-03-26,Regular
R006452,Metroville,2021-04-28,Power
R006453,Capital City,2021-06-13,Occasional
R006454,Metroville,2022-07-21,Power
R006455,Capital City,2022-10-23,Power
R006456,Metroville,2021-07-07,Power
R006457,Capital City,2022-07-27,Regular
R006458,Capital City,2021-09-28,Occasional
R006459,Metroville,2022-03-05,Occasional
R006460,Metroville,2022-04-07,Occasional
R006461,Capital City,2021-06-26,Regular
R006462,Metroville,2021-12-22,Power
R006463,Metroville,2021-09-24,Regular
R006464,Metroville,2023-01-01,Occasional
R006465,Capital City,2021-03-19,Power
R006466,Metroville,2021-08-01,Power
R006467,Metroville,2021-12-09,Regular
R006468,Capital City,2022-06-26,New
R006469,Metroville,2022-12-13,Regular
R006470,Metroville,2021-04-07,Regular
R006471,Metroville,2021-12-25,Occasional
R006472,Metroville,2021-04-06,New
R006473,Metroville,2022-05-02,Regular
R006474,Metroville,2022-02-07,Regular
R006475,Capital City,2022-10-29,Regular
R006476,Metroville,2021-02-26,Power
R006477,Capital City,2021-06-29,Regular
R006478,Metroville,2021-12-01,New
R006479,Capital City,2022-06-21,Power
R006480,Metroville,2021-07-14,Power
R006481,Metroville,2021-02-01,Regular
R006482,Capital City,2021-08-10,Regular
R006483,Metroville,2021-06-16,Regular
R006484,Metroville,2022-07-28,New
R006485,Capital City,2021-04-14,Regular
R006486,Metroville,2022-03-18,Power
R006487,Capital City,2022-02-05,Regular
R006488,Capital City,2021-11-08,New
R006489,Metroville,2021-03-16,Regular
R006490,Metroville,2022-02-06,New
R006491,Metroville,2022-09-10,Occasional
R006492,Metroville,2022-09-25,Power
R006493,Metroville,2021-07-15,Power
R006494,Capital City,2021-02-26,Regular
R006495,Metroville,2022-10-25,Regular
R006496,Capital City,2022-11-18,Occasional
R006497,Metroville,2022-08-22,Regular
R006498,Metroville,2022-07-03,Power
R006499,Capital City,2022-11-30,Power
R006500,Metroville,2022-06-09,Regular
R006501,Capital City,2022-09-14,Regular
R006502,Capital City,2021-08-22,Regular
R006503,Metroville,2022-06-19,Occasional
R006504,Capital City,2022-09-22,Power
R006505,Metroville,2022-11-30,Regular
R006506,Metroville,2021-05-27,Occasional
R006507,Capital City,2021-03-15,Regular
R006508,Capital City,2021-11-30,Occasional
R006509,Capital City,2021-02-27,Occasional
R006510,Metroville,2021-08-18,Power
R006511,Metroville,2021-07-12,Power
R006512,Capital City,2021-04-03,Occasional
R006513,Metroville,2021-01-13,Regular
R006514,Metroville,2021-05-07,Regular
R006515,Metroville,2022-04-14,Regular
R006516,Metroville,2022-11-12,Regular
R006517,Metroville,2021-12-22,Regular
R006518,Metroville,2022-05-20,Occasional
R006519,Metroville,2021-04-21,Occasional
R006520,Capital City,2022-10-21,Power
R006521,Metroville,2022-12-19,Occasional
R006522,Capital City,2022-06-02,Power
R006523,Metroville,2021-03-01,Occasional
R006524,Metroville,2021-08-16,Occasional
R006525,Capital City,2022-10-12,Occasional
R006526,Capital City,2021-09-09,Occasional
R006527,Capital City,2021-03-18,Occasional
R006528,Metroville,2022-10-31,Occasional
R006529,Metroville,2021-12-28,Regular
R006530,Capital City,2021-06-09,Regular
R006531,Capital City,2021-11-02,Regular
R006532,Metroville,2021-12-20,Power
R006533,Metroville,2021-01-06,Occasional
R006534,Capital City,2022-11-03,Occasional
R006535,Capital City,2021-04-10,Occasional
R006536,Metroville,2022-04-04,Power
R006537,Metroville,2021-07-09,Occasional
R006538,Capital City,2022-11-21,Occasional
R006539,Capital City,2022-10-21,Occasional
R006540,Capital City,2022-02-24,Power
R006541,Metroville,2022-10-14,Regular
R006542,Metroville,2022-05-25,New
R006543,Metroville,2021-07-19,Regular
R006544,Metroville,2022-09-24,Power
R006545,Capital City,2022-09-20,Occasional
R006546,Metroville,2022-05-10,Regular
R006547,Metroville,2021-07-06,Regular
R006548,Capital City,2021-12-03,Power
R006549,Metroville,2022-06-21,Regular
R006550,Metroville,2022-06-18,Occasional
R006551,Metroville,2021-07-12,Regular
R006552,Metroville,2021-02-28,New
R006553,Capital City,2022-04-22,Occasional
R006554,Metroville,2021-05-28,Power
R006555,Capital City,2021-04-01,Regular
R006556,Metroville,2022-07-02,Occasional
R006557,Metroville,2021-06-09,Occasional
R006558,Metroville,2021-06-09,Occasional
R006559,Metroville,2021-11-02,Occasional
R006560,Capital City,2022-09-15,Regular
R006561,Capital City,2021-03-19,Regular
R006562,Metroville,2021-05-21,Occasional
R006563,Metroville,2021-12-31,Regular
R006564,Metroville,2021-02-10,Occasional
R006565,Capital City,2021-09-19,Regular
R006566,Capital City,2021-01-12,Regular
R006567,Capital City,2021-02-19,Occasional
R006568,Capital City,2021-10-21,Power
R006569,Capital City,2022-09-17,Regular
R006570,Capital City,2022-07-15,Regular
R006571,Capital City,2022-07-01,Regular
R006572,Metroville,2021-06-17,Regular
R006573,Metroville,2021-11-16,New
R006574,Capital City,2021-08-03,Occasional
R006575,Capital City,2022-01-21,New
R006576,Metroville,2021-02-27,Regular
R006577,Metroville,2022-07-24,Regular
R006578,Metroville,2021-07-04,Regular
R006579,Metroville,2021-04-27,Regular
R006580,Capital City,2021-10-05,Regular
R006581,Metroville,2022-01-06,Occasional
R006582,Metroville,2022-02-13,Regular
R006583,Metroville,2021-06-17,Regular
R006584,Metroville,2022-02-03,Regular
R006585,Metroville,2021-12-17,Occasional
R006586,Metroville,2021-11-05,Occasional
R006587,Metroville,2021-03-24,Power
R006588,Metroville,2021-10-18,New
R006589,Capital City,2022-02-04,Occasional
R006590,Metroville,2021-04-18,Occasional
R006591,Metroville,2022-04-30,Regular
R006592,Metroville,2021-06-04,Regular
R006593,Metroville,2021-06-22,Power
R006594,Metroville,2022-05-27,Power
R006595,Capital City,2021-12-13,Power
R006596,Capital City,2021-06-17,Regular
R006597,Metroville,2022-04-16,Occasional
R006598,Metroville,2021-12-29,Power
R006599,Capital City,2021-09-25,Occasional
R006600,Metroville,2021-09-30,Regular
R006601,Metroville,2021-11-21,Occasional
R006602,Metroville,2023-01-01,Power
R006603,Metroville,2022-11-27,Power
R006604,Capital City,2022-03-16,Power
R006605,Metroville,2021-05-01,Power
R006606,Capital City,2022-12-16,Regular
R006607,Metroville,2021-07-20,Power
R006608,Metroville,2022-08-16,Occasional
R006609,Metroville,2022-02-26,Occasional
R006610,Capital City,2022-12-26,Regular
R006611,Metroville,2022-02-28,Power
R006612,Capital City,2022-05-19,Power
R006613,Metroville,2022-05-27,Regular
R006614,Metroville,2022-02-13,New
R006615,Metroville,2022-12-10,Regular
R006616,Metroville,2021-01-25,Occasional
R006617,Capital City,2022-03-25,Regular
R006618,Capital City,2021-06-14,Power
R006619,Metroville,2021-07-27,Occasional
R006620,Capital City,2021-06-11,Power
R006621,Metroville,2021-05-27,Regular
R006622,Metroville,2021-05-26,New
R006623,Capital City,2022-07-27,Occasional
R006624,Metroville,2022-09-27,Regular
R006625,Metroville,2022-11-24,Occasional
R006626,Capital City,2021-09-17,Occasional
R006627,Metroville,2022-01-02,Regular
R006628,Metroville,2022-07-26,Regular
R006629,Metroville,2022-08-13,Regular
R006630,Metroville,2022-04-05,Regular
R006631,Capital City,2021-12-22,Regular
R006632,Capital City,2021-05-15,New
R006633,Metroville,2022-04-21,Power
R006634,Metroville,2022-05-08,New
R006635,Capital City,2022-04-14,Power
R006636,Metroville,2022-02-28,Regular
R006637,Metroville,2022-09-29,Occasional
R006638,Capital City,2021-05-27,Regular
R006639,Metroville,2021-11-18,Occasional
R006640,Metroville,2021-05-29,Power
R006641,Capital City,2022-05-24,Regular
R006642,Capital City,2022-10-14,Regular
R006643,Metroville,2022-02-03,Power
R006644,Capital City,2021-08-25,Occasional
R006645,Metroville,2022-07-08,Regular
R006646,Metroville,2021-08-20,Regular
R006647,Metroville,2021-01-25,Regular
R006648,Metroville,2021-01-12,Regular
R006649,Capital City,2021-05-21,New
R006650,Metroville,2022-09-26,Regular
R006651,Metroville,2021-05-02,Regular
R006652,Metroville,2021-03-15,Power
R006653,Capital City,2022-02-28,Occasional
R006654,Metroville,2022-11-24,Power
R006655,Capital City,2021-05-21,Occasional
R006656,Metroville,2021-12-07,Occasional
R006657,Metroville,2022-10-13,Occasional
R006658,Metroville,2022-11-05,Regular
R006659,Metroville,2022-01-24,Occasional
R006660,Capital City,2022-01-10,Occasional
R006661,Capital City,2021-10-14,Regular
R006662,Metroville,2021-11-01,Occasional
R006663,Capital City,2022-08-31,Regular
R006664,Metroville,2022-05-14,Regular
R006665,Metroville,2021-03-04,Power
R006666,Metroville,2021-04-25,Regular
R006667,Metroville,2022-12-21,Power
R006668,Metroville,2021-03-23,New
R006669,Capital City,2021-03-25,Regular
R006670,Metroville,2021-12-06,Regular
R006671,Capital City,2022-11-07,Regular
R006672,Metroville,2022-02-23,Occasional
R006673,Metroville,2021-07-14,Occasional
R006674,Metroville,2022-11-20,Regular
R006675,Metroville,2022-02-09,Occasional
R006676,Capital City,2021-06-28,Regular
R006677,Capital City,2021-06-02,Occasional
R006678,Metroville,2022-08-01,New
R006679,Metroville,2022-02-01,Power
R006680,Capital City,2021-08-05,Regular
R006681,Metroville,2021-01-17,Regular
R006682,Metroville,2022-05-20,Regular
R006683,Metroville,2022-07-29,Occasional
R006684,Metroville,2022-11-11,Power
R006685,Capital City,2021-02-11,Occasional
R006686,Capital City,2021-11-25,Regular
R006687,Metroville,2021-10-02,Occasional
R006688,Metroville,2021-05-02,Occasional
R006689,Capital City,2021-05-22,Power
R006690,Capital City,2021-08-03,New
R006691,Metroville,2022-10-01,Regular
R006692,Capital City,2022-05-19,Occasional
R006693,Metroville,2021-10-16,Regular
R006694,Capital City,2022-03-11,Regular
R006695,Capital City,2021-11-24,Regular
R006696,Metroville,2022-08-03,Regular
R006697,Metroville,2022-08-19,Power
R006698,Metroville,2022-01-22,Regular
R006699,Metroville,2022-10-09,Occasional
R006700,Metroville,2021-09-01,Regular
R006701,Capital City,2021-05-26,Occasional
R006702,Metroville,2022-11-12,Occasional
R006703,Metroville,2021-06-19,Regular
R006704,Capital City,2021-11-19,Power
R006705,Metroville,2022-04-08,Power
R006706,Metroville,2022-10-06,Regular
R006707,Metroville,2021-11-19,Regular
R006708,Capital City,2021-08-06,Occasional
R006709,Metroville,2021-10-14,Power
R006710,Capital City,2021-01-17,New
R006711,Capital City,2022-08-21,Regular
R006712,Capital City,2022-08-16,Occasional
R006713,Capital City,2021-08-27,New
R006714,Metroville,2021-06-08,New
R006715,Metroville,2022-06-13,Regular
R006716,Metroville,2021-08-20,Power
R006717,Metroville,2021-11-23,Occasional
R006718,Metroville,2021-03-05,Power
R006719,Metroville,2021-05-26,New
R006720,Capital City,2022-06-15,Occasional
R006721,Metroville,2021-06-06,New
R006722,Capital City,2021-04-11,New
R006723,Metroville,2021-07-14,Power
R006724,Metroville,2022-04-24,Occasional
R006725,Capital City,2022-04-28,Regular
R006726,Capital City,2022-10-20,Occasional
R006727,Capital City,2022-04-04,Regular
R006728,Metroville,2021-10-18,Power
R006729,Metroville,2022-02-04,Regular
R006730,Capital City,2021-01-30,Regular
R006731,Capital City,2021-05-22,Regular
R006732,Metroville,2022-10-02,New
R006733,Capital City,2022-09-08,Occasional
R006734,Metroville,2021-02-13,Power
R006735,Metroville,2021-11-04,Occasional
R006736,Metroville,2021-10-25,Occasional
R006737,Metroville,2021-12-23,Regular
R006738,Metroville,2022-01-10,Regular
R006739,Metroville,2022-06-20,Occasional
R006740,Metroville,2022-02-07,Power
R006741,Capital City,2022-01-14,Regular
R006742,Capital City,2021-05-03,Regular
R006743,Capital City,2021-03-01,Power
R006744,Metroville,2022-12-08,Occasional
R006745,Metroville,2022-02-23,Occasional
R006746,Capital City,2022-07-12,Regular
R006747,Metroville,2022-01-08,Occasional
R006748,Capital City,2021-04-10,Regular
R006749,Capital City,2021-10-06,Regular
R006750,Metroville,2021-04-03,New
R006751,Metroville,2022-08-05,Occasional
R006752,Metroville,2021-10-07,Regular
R006753,Metroville,2022-11-17,Power
R006754,Metroville,2022-05-07,New
R006755,Metroville,2022-06-11,Occasional
R006756,Metroville,2021-01-30,Power
R006757,Capital City,2021-12-15,New
R006758,Metroville,2022-07-26,Occasional
R006759,Metroville,2022-10-06,Power
R006760,Metroville,2022-09-08,Regular
R006761,Metroville,2022-11-07,Regular
R006762,Metroville,2022-04-28,Power
R006763,Metroville,2021-04-06,Power
R006764,Capital City,2022-08-03,Regular
R006765,Metroville,2022-03-13,Regular
R006766,Capital City,2022-12-18,Occasional
R006767,Metroville,2022-01-15,Regular
R006768,Metroville,2021-01-21,Regular
R006769,Metroville,2022-09-10,New
R006770,Capital City,2022-02-23,Regular
R006771,Metroville,2021-09-28,Power
R006772,Metroville,2021-09-06,Power
R006773,Metroville,2022-12-09,Occasional
R006774,Metroville,2022-01-27,Occasional
R006775,Capital City,2022-06-01,Regular
R006776,Metroville,2021-06-30,Occasional
R006777,Capital City,2022-05-30,Regular
R006778,Capital City,2022-06-07,Regular
R006779,Metroville,2021-06-21,New
R006780,Metroville,2021-07-15,Occasional
R006781,Metroville,2022-04-12,Regular
R006782,Capital City,2021-06-19,Occasional
R006783,Metroville,2021-08-25,Occasional
R006784,Metroville,2021-04-04,Occasional
R006785,Capital City,2022-08-10,Power
R006786,Metroville,2021-01-20,Regular
R006787,Capital City,2021-01-16,Occasional
R006788,Metroville,2021-02-16,New
R006789,Metroville,2022-12-14,Occasional
R006790,Capital City,2021-12-12,Occasional
R006791,Metroville,2021-05-15,Regular
R006792,Metroville,2021-02-21,New
R006793,Metroville,2021-07-11,Regular
R006794,Capital City,2022-11-18,Regular
R006795,Metroville,2022-04-15,Regular
R006796,Metroville,2022-07-11,Occasional
R006797,Capital City,2022-11-01,Power
R006798,Metroville,2022-03-17,Occasional
R006799,Metroville,2022-06-10,Regular
R006800,Metroville,2021-01-18,Power
R006801,Metroville,2021-04-09,Regular
R006802,Metroville,2022-03-30,Occasional
R006803,Metroville,2022-11-08,Regular
R006804,Metroville,2021-09-12,Occasional
R006805,Metroville,2021-03-02,Occasional
R006806,Metroville,2022-12-24,Power
R006807,Metroville,2022-10-25,Regular
R006808,Metroville,2021-11-30,New
R006809,Metroville,2021-02-24,Occasional
R006810,Metroville,2022-03-30,Regular
R006811,Metroville,2021-02-22,Regular
R006812,Capital City,2021-02-25,Occasional
R006813,Metroville,2021-12-29,Occasional
R006814,Metroville,2022-09-13,Regular
R006815,Capital City,2022-12-13,Power
R006816,Metroville,2022-03-08,Regular
R006817,Metroville,2021-03-08,Occasional
R006818,Capital City,2021-12-02,Power
R006819,Capital City,2022-05-10,Occasional
R006820,Capital City,2021-12-08,Occasional
R006821,Metroville,2021-07-30,Occasional
R006822,Capital City,2021-01-05,Occasional
R006823,Capital City,2022-09-22,Occasional
R006824,Capital City,2022-02-12,Occasional
R006825,Metroville,2021-08-23,Occasional
R006826,Metroville,2021-04-30,Regular
R006827,Metroville,2021-07-06,Occasional
R006828,Metroville,2022-10-03,Power
R006829,Metroville,2022-06-25,Regular
R006830,Metroville,2022-06-12,Regular
R006831,Capital City,2021-08-07,Regular
R006832,Capital City,2021-09-20,Occasional
R006833,Metroville,2021-06-06,Power
R006834,Metroville,2021-01-02,Regular
R006835,Capital City,2022-12-10,Power
R006836,Metroville,2022-11-22,Regular
R006837,Metroville,2022-04-23,Regular
R006838,Capital City,2021-07-08,Occasional
R006839,Metroville,2022-02-23,Power
R006840,Metroville,2022-01-25,Regular
R006841,Capital City,2021-08-18,Power
R006842,Capital City,2021-11-25,Occasional
R006843,Capital City,2022-07-25,Regular
R006844,Metroville,2022-12-14,Power
R006845,Metroville,2022-01-11,New
R006846,Metroville,2021-01-31,Regular
R006847,Capital City,2022-01-06,Regular
R006848,Capital City,2022-01-03,Regular
R006849,Capital City,2021-04-01,Regular
R006850,Metroville,2022-02-26,Regular
R006851,Capital City,2022-05-05,New
R006852,Capital City,2021-08-06,Occasional
R006853,Metroville,2022-03-25,Regular
R006854,Metroville,2022-10-30,Regular
R006855,Capital City,2021-04-01,New
R006856,Metroville,2022-04-13,Regular
R006857,Capital City,2021-12-01,Regular
R006858,Metroville,2022-12-02,Regular
R006859,Metroville,2021-06-12,New
R006860,Metroville,2022-03-21,Regular
R006861,Metroville,2022-05-16,New
R006862,Metroville,2022-07-30,Regular
R006863,Capital City,2022-01-17,Power
R006864,Capital City,2021-11-25,Power
R006865,Metroville,2021-02-28,Regular
R006866,Metroville,2022-08-14,Regular
R006867,Capital City,2022-10-04,New
R006868,Capital City,2021-12-06,Regular
R006869,Capital City,2021-07-17,Power
R006870,Metroville,2021-02-06,Power
R006871,Metroville,2021-04-14,Regular
R006872,Capital City,2021-04-01,Occasional
R006873,Metroville,2021-01-29,Regular
R006874,Capital City,2022-05-14,Occasional
R006875,Capital City,2021-10-31,Regular
R006876,Metroville,2022-04-30,Regular
R006877,Metroville,2021-05-25,Regular
R006878,Metroville,2022-07-29,Occasional
R006879,Metroville,2021-10-22,Power
R006880,Metroville,2022-02-16,Occasional
R006881,Metroville,2021-04-22,Occasional
R006882,Metroville,2022-01-29,Power
R006883,Capital City,2021-09-29,Occasional
R006884,Metroville,2021-06-25,Occasional
R006885,Capital City,2022-08-20,Regular
R006886,Metroville,2022-06-04,Power
R006887,Capital City,2021-03-04,Power
R006888,Capital City,2022-08-13,Power
R006889,Metroville,2021-05-17,Occasional
R006890,Capital City,2021-06-26,Occasional
R006891,Capital City,2021-01-31,Regular
R006892,Metroville,2022-06-08,Regular
R006893,Metroville,2022-08-13,Regular
R006894,Capital City,2022-02-19,Regular
R006895,Capital City,2021-01-26,Occasional
R006896,Metroville,2021-01-09,Regular
R006897,Capital City,2021-07-14,New
R006898,Capital City,2022-08-16,Power
R006899,Capital City,2021-10-18,Occasional
R006900,Capital City,2022-08-06,Power
R006901,Capital City,2021-03-01,Regular
R006902,Capital City,2021-06-02,Occasional
R006903,Capital City,2022-07-24,Regular
R006904,Metroville,2022-02-10,Regular
R006905,Metroville,2022-10-24,Regular
R006906,Capital City,2021-06-10,Regular
R006907,Metroville,2021-07-05,Regular
R006908,Metroville,2022-09-02,Regular
R006909,Metroville,2022-06-27,Occasional
R006910,Capital City,2022-02-10,Regular
R006911,Metroville,2022-08-05,Regular
R006912,Capital City,2022-12-02,Regular
R006913,Metroville,2022-02-09,Regular
R006914,Metroville,2021-11-04,Regular
R006915,Metroville,2021-11-06,Occasional
R006916,Metroville,2022-02-25,Regular
R006917,Capital City,2021-10-05,Power
R006918,Metroville,2021-03-20,Occasional
R006919,Capital City,2022-03-27,Power
R006920,Metroville,2022-07-30,New
R006921,Metroville,2022-06-23,Occasional
R006922,Metroville,2022-09-14,Regular
R006923,Metroville,2022-08-20,Regular
R006924,Capital City,2022-06-26,Occasional
R006925,Metroville,2022-12-06,Regular
R006926,Metroville,2021-04-15,Occasional
R006927,Capital City,2021-04-10,Regular
R006928,Metroville,2022-04-03,Power
R006929,Metroville,2021-04-21,Power
R006930,Metroville,2021-05-31,Occasional
R006931,Metroville,2021-04-14,Regular
R006932,Metroville,2022-05-10,Power
R006933,Capital City,2021-05-01,Occasional
R006934,Capital City,2022-05-09,Regular
R006935,Capital City,2022-05-10,Occasional
R006936,Capital City,2021-01-28,Regular
R006937,Capital City,2022-12-06,Power
R006938,Metroville,2021-12-30,Regular
R006939,Metroville,2022-10-12,Regular
R006940,Capital City,2021-01-27,Power
R006941,Metroville,2021-08-31,Occasional
R006942,Capital City,2022-08-17,Regular
R006943,Metroville,2021-08-05,Power
R006944,Capital City,2021-04-22,Regular
R006945,Metroville,2021-09-08,Occasional
R006946,Capital City,2021-01-02,Power
R006947,Metroville,2021-03-07,Power
R006948,Metroville,2021-12-15,Occasional
R006949,Metroville,2022-06-27,Regular
R006950,Capital City,2021-12-01,Regular
R006951,Metroville,2021-08-16,Power
R006952,Capital City,2021-09-03,Power
R006953,Metroville,2022-08-14,Regular
R006954,Capital City,2022-07-18,Regular
R006955,Capital City,2022-06-18,Regular
R006956,Capital City,2022-05-15,Regular
R006957,Metroville,2022-11-29,Power
R006958,Metroville,2021-11-09,New
R006959,Capital City,2022-12-17,New
R006960,Capital City,2022-03-31,Occasional
R006961,Metroville,2021-11-05,Regular
R006962,Metroville,2022-05-19,Regular
R006963,Metroville,2021-02-13,Regular
R006964,Metroville,2022-06-08,Regular
R006965,Capital City,2022-06-06,Occasional
R006966,Metroville,2022-10-26,Power
R006967,Metroville,2022-07-04,Power
R006968,Capital City,2021-10-09,Regular
R006969,Capital City,2021-04-10,New
R006970,Metroville,2021-08-18,Power
R006971,Metroville,2021-01-27,Regular
R006972,Metroville,2022-02-03,Regular
R006973,Metroville,2021-09-20,Power
R006974,Metroville,2022-04-24,Occasional
R006975,Metroville,2021-10-21,Power
R006976,Capital City,2021-11-13,New
R006977,Capital City,2022-11-20,New
R006978,Capital City,2021-04-19,New
R006979,Metroville,2021-12-08,Occasional
R006980,Capital City,2022-02-15,Regular
R006981,Metroville,2021-11-24,Occasional
R006982,Capital City,2021-04-15,Regular
R006983,Capital City,2021-05-26,New
R006984,Capital City,2021-05-03,Power
R006985,Capital City,2021-07-01,Occasional
R006986,Metroville,2021-07-13,Occasional
R006987,Capital City,2021-03-16,Power
R006988,Capital City,2021-01-10,Regular
R006989,Metroville,2022-11-23,Regular
R006990,Metroville,2021-07-17,Regular
R006991,Metroville,2022-09-12,Power
R006992,Metroville,2021-09-26,Regular
R006993,Capital City,2021-09-21,Regular
R006994,Metroville,2022-11-19,Regular
R006995,Metroville,2022-04-25,Regular
R006996,Metroville,2021-07-19,Occasional
R006997,Metroville,2021-06-30,Regular
R006998,Capital City,2021-11-22,Occasional
R006999,Capital City,2022-11-22,Occasional
R007000,Metroville,2021-06-09,New
R007001,Metroville,2021-12-01,Regular
R007002,Capital City,2021-07-22,Occasional
R007003,Capital City,2021-03-27,Power
R007004,Metroville,2022-11-12,Occasional
R007005,Metroville,2022-06-21,Power
R007006,Capital City,2022-03-09,Power
R007007,Metroville,2021-10-08,New
R007008,Metroville,2021-11-20,Regular
R007009,Capital City,2022-02-24,Regular
R007010,Capital City,2022-03-15,Regular
R007011,Capital City,2021-09-16,Regular
R007012,Metroville,2022-07-15,Regular
R007013,Metroville,2021-10-26,Regular
R007014,Capital City,2022-03-06,Regular
R007015,Metroville,2021-04-14,Regular
R007016,Metroville,2022-11-07,Power
R007017,Capital City,2021-01-25,Regular
R007018,Metroville,2021-07-21,New
R007019,Metroville,2022-08-09,Occasional
R007020,Metroville,2021-09-14,Regular
R007021,Metroville,2021-03-11,Regular
R007022,Capital City,2021-09-26,Regular
R007023,Metroville,2022-10-01,Regular
R007024,Metroville,2021-08-07,Regular
R007025,Capital City,2022-09-08,Regular
R007026,Capital City,2022-07-01,Regular
R007027,Capital City,2021-05-12,Occasional
R007028,Metroville,2021-01-19,Power
R007029,Metroville,2021-06-21,Power
R007030,Metroville,2022-08-16,Power
R007031,Capital City,2021-11-25,Power
R007032,Metroville,2021-11-04,Occasional
R007033,Capital City,2022-02-04,Power
R007034,Capital City,2021-09-27,Regular
R007035,Capital City,2022-12-07,Regular
R007036,Metroville,2022-07-02,Regular
R007037,Metroville,2021-09-24,Power
R007038,Metroville,2021-05-07,Occasional
R007039,Metroville,2021-01-02,Regular
R007040,Metroville,2022-06-09,Occasional
R007041,Metroville,2021-09-23,Power
R007042,Capital City,2022-10-01,Regular
R007043,Metroville,2022-04-20,Occasional
R007044,Capital City,2022-02-04,Regular
R007045,Metroville,2021-01-23,Occasional
R007046,Capital City,2021-03-08,Regular
R007047,Metroville,2021-01-03,Power
R007048,Capital City,2022-07-18,New
R007049,Metroville,2022-08-28,Power
R007050,Capital City,2022-09-30,Power
R007051,Capital City,2022-09-07,New
R007052,Metroville,2021-01-08,Regular
R007053,Capital City,2021-09-28,Regular
R007054,Metroville,2021-03-23,Regular
R007055,Capital City,2021-12-26,Regular
R007056,Capital City,2022-10-06,Occasional
R007057,Metroville,2021-07-14,Occasional
R007058,Metroville,2021-01-07,Regular
R007059,Metroville,2021-12-04,Regular
R007060,Capital City,2021-07-27,Regular
R007061,Capital City,2021-04-15,Regular
R007062,Capital City,2022-07-22,Regular
R007063,Capital City,2021-12-10,New
R007064,Capital City,2021-06-17,Regular
R007065,Capital City,2021-12-08,Regular
R007066,Metroville,2022-11-18,Occasional
R007067,Metroville,2022-07-11,Occasional
R007068,Capital City,2022-01-23,Regular
R007069,Metroville,2021-06-01,Regular
R007070,Capital City,2021-02-25,Occasional
R007071,Metroville,2022-08-01,New
R007072,Metroville,2022-07-19,Occasional
R007073,Metroville,2022-08-06,Occasional
R007074,Capital City,2022-07-02,Regular
R007075,Metroville,2021-01-02,Regular
R007076,Capital City,2022-11-10,Power
R007077,Metroville,2021-10-29,Regular
R007078,Capital City,2022-02-20,Power
R007079,Capital City,2022-02-19,Occasional
R007080,Capital City,2021-10-02,Regular
R007081,Metroville,2022-03-12,Regular
R007082,Capital City,2021-03-31,Regular
R007083,Metroville,2022-06-30,Occasional
R007084,Metroville,2022-09-03,Power
R007085,Metroville,2022-08-20,Regular
R007086,Capital City,2022-06-08,Regular
R007087,Capital City,2022-12-29,Power
R007088,Capital City,2021-04-04,Power
R007089,Metroville,2022-04-17,Occasional
R007090,Metroville,2022-12-20,Regular
R007091,Metroville,2021-09-19,Regular
R007092,Capital City,2021-08-10,Regular
R007093,Metroville,2021-08-09,Occasional
R007094,Metroville,2021-06-24,Power
R007095,Metroville,2022-12-27,Occasional
R007096,Metroville,2021-04-19,Regular
R007097,Metroville,2021-08-14,Power
R007098,Metroville,2022-05-03,Regular
R007099,Metroville,2022-05-24,New
R007100,Capital City,2021-05-09,Occasional
R007101,Metroville,2021-02-25,Power
R007102,Capital City,2021-09-01,Power
R007103,Capital City,2021-09-24,Occasional
R007104,Metroville,2021-11-08,Power
R007105,Capital City,2021-10-06,Regular
R007106,Metroville,2022-10-12,Power
R007107,Metroville,2021-04-26,Power
R007108,Metroville,2021-04-27,Regular
R007109,Metroville,2022-12-26,Regular
R007110,Metroville,2022-04-26,Occasional
R007111,Capital City,2021-06-20,Power
R007112,Metroville,2022-03-23,Occasional
R007113,Metroville,2021-04-07,Occasional
R007114,Metroville,2021-03-29,Regular
R007115,Metroville,2021-06-10,Regular
R007116,Metroville,2022-06-03,New
R007117,Metroville,2022-11-12,Power
R007118,Capital City,2022-06-26,Power
R007119,Capital City,2022-08-03,Regular
R007120,Metroville,2022-11-06,Regular
R007121,Capital City,2021-03-04,Power
R007122,Capital City,2022-01-09,Occasional
R007123,Capital City,2022-11-25,Regular
R007124,Metroville,2022-08-06,New
R007125,Metroville,2022-11-29,Power
R007126,Metroville,2021-02-17,Power
R007127,Metroville,2021-05-20,Power
R007128,Capital City,2021-04-24,Power
R007129,Metroville,2022-03-02,Power
R007130,Metroville,2022-01-27,Regular
R007131,Metroville,2022-10-04,Power
R007132,Metroville,2022-11-12,Power
R007133,Capital City,2022-09-12,Regular
R007134,Capital City,2021-11-01,Regular
R007135,Capital City,2022-07-03,Regular
R007136,Metroville,2022-07-20,Occasional
R007137,Metroville,2021-02-12,Regular
R007138,Metroville,2022-03-16,Regular
R007139,Metroville,2021-04-16,Occasional
R007140,Capital City,2021-02-24,Occasional
R007141,Capital City,2021-01-23,Occasional
R007142,Capital City,2021-01-15,Occasional
R007143,Metroville,2021-05-02,Occasional
R007144,Metroville,2021-05-25,Power
R007145,Capital City,2021-06-05,Regular
R007146,Capital City,2022-07-04,Regular
R007147,Metroville,2021-09-22,Regular
R007148,Capital City,2021-05-19,New
R007149,Capital City,2021-12-29,Regular
R007150,Metroville,2022-11-26,New
R007151,Metroville,2022-09-28,Occasional
R007152,Metroville,2022-03-01,Regular
R007153,Metroville,2022-02-05,Occasional
R007154,Metroville,2021-12-20,Regular
R007155,Metroville,2021-12-09,Regular
R007156,Metroville,2022-10-24,Regular
R007157,Capital City,2021-10-21,Occasional
R007158,Capital City,2021-06-17,New
R007159,Metroville,2022-10-27,Regular
R007160,Capital City,2022-03-08,Regular
R007161,Metroville,2021-09-06,Regular
R007162,Capital City,2022-08-17,Occasional
R007163,Capital City,2022-08-30,Power
R007164,Metroville,2021-01-20,Regular
R007165,Metroville,2022-03-26,Regular
R007166,Metroville,2022-01-29,Regular
R007167,Metroville,2021-07-11,Regular
R007168,Metroville,2021-11-04,Power
R007169,Metroville,2021-07-13,Power
R007170,Metroville,2022-06-01,Occasional
R007171,Metroville,2021-01-19,Regular
R007172,Metroville,2022-06-01,Power
R007173,Capital City,2021-04-15,Regular
R007174,Metroville,2022-11-03,Occasional
R007175,Metroville,2022-09-12,Regular
R007176,Metroville,2021-05-26,Occasional
R007177,Metroville,2021-03-28,Regular
R007178,Metroville,2021-07-09,Occasional
R007179,Capital City,2022-10-04,Regular
R007180,Capital City,2021-08-24,Power
R007181,Capital City,2021-01-26,New
R007182,Capital City,2021-04-22,Power
R007183,Metroville,2021-01-08,Occasional
R007184,Capital City,2022-03-13,New
R007185,Capital City,2021-10-21,New
R007186,Capital City,2021-04-18,New
R007187,Capital City,2022-02-11,Occasional
R007188,Capital City,2022-04-11,Power
R007189,Capital City,2021-07-12,Occasional
R007190,Metroville,2021-05-23,Regular
R007191,Capital City,2021-04-03,Occasional
R007192,Metroville,2022-01-04,Regular
R007193,Capital City,2022-08-22,Power
R007194,Capital City,2021-04-12,Occasional
R007195,Metroville,2021-06-04,Regular
R007196,Metroville,2021-08-11,Power
R007197,Metroville,2021-07-18,Occasional
R007198,Metroville,2021-03-25,Occasional
R007199,Capital City,2021-08-10,Regular
R007200,Capital City,2021-08-15,Regular
R007201,Metroville,2022-07-01,Occasional
R007202,Metroville,2021-04-17,New
R007203,Metroville,2022-05-08,Regular
R007204,Metroville,2021-01-06,Occasional
R007205,Capital City,2022-03-10,Occasional
R007206,Metroville,2022-06-17,New
R007207,Capital City,2022-12-31,Regular
R007208,Capital City,2022-09-02,Occasional
R007209,Capital City,2022-12-08,Occasional
R007210,Capital City,2021-09-12,Regular
R007211,Capital City,2021-04-01,Occasional
R007212,Capital City,2022-09-03,Regular
R007213,Metroville,2022-06-03,New
R007214,Capital City,2021-04-11,Regular
R007215,Metroville,2021-11-03,Regular
R007216,Capital City,2021-11-04,Power
R007217,Metroville,2022-11-16,Power
R007218,Capital City,2022-01-25,Regular
R007219,Capital City,2022-01-08,Occasional
R007220,Capital City,2021-06-07,Regular
R007221,Metroville,2021-03-20,Occasional
R007222,Metroville,2022-05-29,Power
R007223,Metroville,2022-12-21,Occasional
R007224,Capital City,2021-03-17,Occasional
R007225,Metroville,2022-06-09,Power
R007226,Capital City,2021-01-25,Regular
R007227,Metroville,2022-03-19,Power
R007228,Metroville,2022-04-16,Regular
R007229,Metroville,2022-10-24,Regular
R007230,Capital City,2022-02-20,New
R007231,Capital City,2022-02-28,New
R007232,Metroville,2021-08-01,Regular
R007233,Capital City,2021-06-17,Regular
R007234,Metroville,2022-02-04,Power
R007235,Metroville,2022-12-26,Regular
R007236,Capital City,2022-09-07,Power
R007237,Metroville,2021-01-29,Power
R007238,Metroville,2022-01-25,Occasional
R007239,Capital City,2022-01-17,Power
R007240,Metroville,2021-11-22,Regular
R007241,Metroville,2021-05-29,Occasional
R007242,Metroville,2021-04-11,Occasional
R007243,Metroville,2022-12-03,Occasional
R007244,Metroville,2022-07-06,Power
R007245,Metroville,2022-06-17,Regular
R007246,Capital City,2022-01-28,New
R007247,Metroville,2022-01-20,Regular
R007248,Capital City,2021-02-12,Regular
R007249,Capital City,2021-08-29,Occasional
R007250,Metroville,2021-09-03,Occasional
R007251,Capital City,2022-11-26,Power
R007252,Metroville,2021-03-11,Occasional
R007253,Metroville,2022-08-15,Occasional
R007254,Capital City,2021-08-26,Regular
R007255,Capital City,2022-07-26,Occasional
R007256,Capital City,2021-03-30,New
R007257,Metroville,2021-09-17,Regular
R007258,Metroville,2021-07-01,Regular
R007259,Metroville,2022-01-23,Occasional
R007260,Capital City,2021-09-15,Occasional
R007261,Capital City,2021-11-04,Power
R007262,Capital City,2022-11-05,Regular
R007263,Metroville,2021-07-17,Regular
R007264,Metroville,2022-03-01,Regular
R007265,Capital City,2021-06-02,Occasional
R007266,Metroville,2021-02-06,Power
R007267,Metroville,2022-02-12,Occasional
R007268,Capital City,2021-06-12,Regular
R007269,Capital City,2021-07-02,Regular
R007270,Capital City,2022-12-13,Regular
R007271,Metroville,2022-06-02,Occasional
R007272,Metroville,2021-05-20,Regular
R007273,Metroville,2021-01-30,Regular
R007274,Metroville,2022-01-27,Occasional
R007275,Metroville,2022-01-04,Occasional
R007276,Metroville,2022-10-26,Regular
R007277,Capital City,2022-08-02,Power
R007278,Metroville,2022-03-20,Occasional
R007279,Metroville,2022-12-01,Occasional
R007280,Capital City,2022-01-19,Regular
R007281,Capital City,2021-12-13,Regular
R007282,Metroville,2021-03-31,Power
R007283,Metroville,2021-07-03,Regular
R007284,Capital City,2022-07-16,Power
R007285,Capital City,2021-05-27,Occasional
R007286,Metroville,2021-04-21,Power
R007287,Metroville,2021-11-29,Power
R007288,Metroville,2022-06-24,Regular
R007289,Capital City,2021-05-02,Occasional
R007290,Metroville,2022-09-04,Regular
R007291,Metroville,2022-02-20,Regular
R007292,Metroville,2021-01-09,Occasional
R007293,Capital City,2022-02-13,Regular
R007294,Capital City,2021-01-05,Regular
R007295,Metroville,2022-11-30,Regular
R007296,Capital City,2022-03-29,Power
R007297,Capital City,2021-11-04,Occasional
R007298,Metroville,2022-10-05,Power
R007299,Capital City,2021-08-11,Power
R007300,Metroville,2022-05-03,Power
R007301,Metroville,2021-12-17,Regular
R007302,Metroville,2021-09-26,Regular
R007303,Capital City,2022-02-26,Power
R007304,Capital City,2022-05-25,Occasional
R007305,Metroville,2021-07-13,New
R007306,Metroville,2022-02-26,Power
R007307,Capital City,2022-07-06,Occasional
R007308,Metroville,2022-09-09,Power
R007309,Metroville,2021-12-14,Regular
R007310,Capital City,2022-11-24,Occasional
R007311,Capital City,2022-06-09,Regular
R007312,Metroville,2022-09-29,Power
R007313,Metroville,2021-10-04,Occasional
R007314,Metroville,2021-08-01,Regular
R007315,Capital City,2022-12-07,Regular
R007316,Capital City,2021-08-25,New
R007317,Metroville,2021-08-07,Occasional
R007318,Capital City,2022-07-28,Regular
R007319,Metroville,2022-06-21,Occasional
R007320,Capital City,2022-01-18,Occasional
R007321,Metroville,2021-08-24,New
R007322,Capital City,2021-07-14,Occasional
R007323,Capital City,2022-02-18,Regular
R007324,Capital City,2022-01-31,Occasional
R007325,Capital City,2022-08-08,Occasional
R007326,Metroville,2022-09-23,Occasional
R007327,Metroville,2021-07-22,Occasional
R007328,Metroville,2021-02-08,Power
R007329,Capital City,2022-08-19,Occasional
R007330,Metroville,2022-06-05,Power
R007331,Capital City,2022-11-25,New
R007332,Metroville,2021-09-18,Occasional
R007333,Metroville,2021-12-01,Occasional
R007334,Metroville,2021-01-01,Occasional
R007335,Capital City,2021-07-16,Regular
R007336,Metroville,2022-09-05,Power
R007337,Metroville,2022-12-28,New
R007338,Metroville,2022-02-17,Regular
R007339,Metroville,2022-11-17,New
R007340,Metroville,2021-01-28,Power
R007341,Metroville,2021-05-03,Regular
R007342,Capital City,2022-10-04,Regular
R007343,Capital City,2022-01-25,Regular
R007344,Metroville,2021-09-10,New
R007345,Capital City,2022-11-15,Regular
R007346,Capital City,2022-09-18,Regular
R007347,Capital City,2021-07-17,Occasional
R007348,Metroville,2021-02-26,Regular
R007349,Metroville,2022-02-16,Regular
R007350,Metroville,2022-12-09,Occasional
R007351,Capital City,2021-05-20,Regular
R007352,Metroville,2022-02-16,Occasional
R007353,Capital City,2021-03-18,Occasional
R007354,Metroville,2022-06-01,Occasional
R007355,Metroville,2022-02-07,Regular
R007356,Metroville,2022-06-10,Regular
R007357,Metroville,2022-06-18,Regular
R007358,Metroville,2022-03-14,Regular
R007359,Capital City,2022-03-24,Power
R007360,Metroville,2021-07-05,Regular
R007361,Capital City,2022-02-09,Regular
R007362,Metroville,2021-10-07,Regular
R007363,Capital City,2021-02-13,Power
R007364,Metroville,2022-09-03,Occasional
R007365,Capital City,2022-03-28,Power
R007366,Capital City,2022-08-02,Regular
R007367,Metroville,2022-07-24,Occasional
R007368,Metroville,2022-03-27,Regular
R007369,Metroville,2022-09-06,Power
R007370,Capital City,2022-12-17,Regular
R007371,Capital City,2021-04-04,Occasional
R007372,Capital City,2021-06-07,Occasional
R007373,Metroville,2021-07-24,Occasional
R007374,Metroville,2022-09-19,Occasional
R007375,Metroville,2022-06-04,Power
R007376,Metroville,2021-06-25,Regular
R007377,Metroville,2022-01-08,Occasional
R007378,Metroville,2021-06-18,New
R007379,Metroville,2022-02-09,Occasional
R007380,Capital City,2022-03-30,Regular
R007381,Metroville,2022-08-10,Power
R007382,Metroville,2021-01-10,Occasional
R007383,Capital City,2022-03-17,Regular
R007384,Metroville,2021-05-24,Power
R007385,Metroville,2022-04-26,Regular
R007386,Capital City,2022-07-10,Power
R007387,Metroville,2022-10-21,Occasional
R007388,Capital City,2022-02-17,New
R007389,Metroville,2021-04-14,Regular
R007390,Metroville,2022-01-20,Power
R007391,Capital City,2021-06-27,Power
R007392,Capital City,2021-10-04,Occasional
R007393,Metroville,2022-11-11,New
R007394,Capital City,2022-08-21,Occasional
R007395,Metroville,2022-12-03,Power
R007396,Metroville,2021-09-06,Regular
R007397,Capital City,2021-02-09,Occasional
R007398,Metroville,2022-11-11,Power
R007399,Metroville,2022-09-15,Regular
R007400,Metroville,2021-12-05,New
R007401,Capital City,2022-11-07,Power
R007402,Capital City,2022-10-05,Regular
R007403,Metroville,2021-10-22,Occasional
R007404,Metroville,2021-11-26,Power
R007405,Capital City,2022-07-02,Power
R007406,Metroville,2021-01-10,Occasional
R007407,Metroville,2021-05-01,Regular
R007408,Metroville,2021-05-05,Occasional
R007409,Metroville,2021-03-28,Regular
R007410,Metroville,2021-01-25,Occasional
R007411,Metroville,2021-01-15,Regular
R007412,Metroville,2021-10-02,Regular
R007413,Metroville,2021-04-10,Regular
R007414,Metroville,2022-01-02,Occasional
R007415,Capital City,2022-02-16,Power
R007416,Metroville,2022-01-26,Occasional
R007417,Capital City,2022-06-13,Occasional
R007418,Capital City,2021-01-01,Occasional
R007419,Metroville,2021-02-14,New
R007420,Metroville,2021-07-04,Regular
R007421,Metroville,2022-10-13,Regular
R007422,Metroville,2021-09-12,Occasional
R007423,Capital City,2021-05-30,New
R007424,Metroville,2022-08-20,Power
R007425,Metroville,2022-09-28,Regular
R007426,Capital City,2021-01-16,New
R007427,Capital City,2021-09-09,Regular
R007428,Metroville,2022-09-24,Power
R007429,Metroville,2021-09-22,Occasional
R007430,Metroville,2022-02-18,Power
R007431,Metroville,2021-01-31,Occasional
R007432,Metroville,2021-03-13,Occasional
R007433,Capital City,2021-01-04,Regular
R007434,Capital City,2021-09-12,Occasional
R007435,Metroville,2021-09-07,Occasional
R007436,Metroville,2022-05-09,Occasional
R007437,Metroville,2022-05-17,New
R007438,Capital City,2022-08-07,Occasional
R007439,Metroville,2021-04-10,Power
R007440,Capital City,2022-04-12,Regular
R007441,Capital City,2021-12-25,Regular
R007442,Metroville,2021-11-26,Occasional
R007443,Metroville,2022-06-28,Power
R007444,Metroville,2021-01-15,Regular
R007445,Capital City,2021-02-19,Power
R007446,Capital City,2022-01-28,Occasional
R007447,Metroville,2022-02-03,New
R007448,Metroville,2021-09-24,Regular
R007449,Metroville,2021-08-20,Regular
R007450,Metroville,2022-12-02,Occasional
R007451,Metroville,2022-10-27,Regular
R007452,Metroville,2021-09-02,Regular
R007453,Capital City,2022-09-08,Power
R007454,Metroville,2022-01-07,Occasional
R007455,Metroville,2021-08-29,Regular
R007456,Metroville,2021-09-16,Occasional
R007457,Capital City,2022-07-11,Occasional
R007458,Metroville,2022-03-18,Regular
R007459,Capital City,2022-01-10,Regular
R007460,Capital City,2021-04-23,Occasional
R007461,Capital City,2021-05-23,Power
R007462,Capital City,2022-08-24,Occasional
R007463,Metroville,2021-07-30,Regular
R007464,Capital City,2022-09-18,Occasional
R007465,Metroville,2021-11-12,Occasional
R007466,Metroville,2022-09-14,Occasional
R007467,Metroville,2022-02-02,Regular
R007468,Metroville,2021-06-11,Power
R007469,Capital City,2021-03-07,Power
R007470,Metroville,2022-10-21,New
R007471,Metroville,2022-02-26,Regular
R007472,Metroville,2021-07-05,Regular
R007473,Metroville,2021-09-16,Power
R007474,Metroville,2021-11-17,Occasional
R007475,Metroville,2021-05-07,Regular
R007476,Metroville,2021-11-04,Regular
R007477,Capital City,2022-05-02,Regular
R007478,Metroville,2021-04-06,New
R007479,Capital City,2022-04-27,Power
R007480,Capital City,2021-06-19,Regular
R007481,Metroville,2022-07-23,New
R007482,Capital City,2021-08-26,Regular
R007483,Metroville,2021-12-04,New
R007484,Metroville,2022-10-26,Regular
R007485,Metroville,2022-01-18,Occasional
R007486,Capital City,2022-06-02,Occasional
R007487,Metroville,2021-01-21,Regular
R007488,Metroville,2021-05-06,Occasional
R007489,Metroville,2021-10-17,Regular
R007490,Capital City,2021-10-13,New
R007491,Metroville,2021-05-31,Regular
R007492,Capital City,2022-01-16,Regular
R007493,Capital City,2021-06-23,Occasional
R007494,Capital City,2021-01-21,New
R007495,Capital City,2022-05-05,Power
R007496,Capital City,2022-07-08,Occasional
R007497,Metroville,2021-02-22,Regular
R007498,Capital City,2021-02-15,Occasional
R007499,Metroville,2022-10-14,Regular
R007500,Capital City,2021-01-03,Regular
R007501,Metroville,2021-05-24,New
R007502,Metroville,2021-08-21,Regular
R007503,Metroville,2022-09-06,Regular
R007504,Metroville,2021-05-05,Occasional
R007505,Metroville,2021-05-01,Regular
R007506,Metroville,2021-09-14,Regular
R007507,Capital City,2022-02-02,Occasional
R007508,Capital City,2021-06-12,Power
R007509,Metroville,2022-09-24,New
R007510,Metroville,2021-10-03,Occasional
R007511,Metroville,2022-07-05,Power
R007512,Metroville,2022-02-20,New
R007513,Metroville,2021-11-12,Power
R007514,Metroville,2022-10-22,Occasional
R007515,Metroville,2021-04-29,Regular
R007516,Capital City,2022-09-12,Power
R007517,Metroville,2021-01-30,Power
R007518,Capital City,2021-05-01,Power
R007519,Metroville,2021-12-09,Occasional
R007520,Capital City,2022-01-31,Occasional
R007521,Metroville,2021-08-13,Regular
R007522,Metroville,2021-03-12,Occasional
R007523,Capital City,2021-02-24,Occasional
R007524,Metroville,2022-10-31,Occasional
R007525,Metroville,2022-10-01,Occasional
R007526,Capital City,2022-05-24,New
R007527,Metroville,2022-08-12,Power
R007528,Metroville,2021-05-17,New
R007529,Metroville,2021-03-21,Occasional
R007530,Metroville,2023-01-01,Occasional
R007531,Metroville,2022-08-04,Regular
R007532,Metroville,2021-02-24,Regular
R007533,Metroville,2022-08-02,Occasional
R007534,Metroville,2021-09-25,Occasional
R007535,Metroville,2021-07-06,Power
R007536,Capital City,2022-03-09,Regular
R007537,Capital City,2021-11-28,Regular
R007538,Capital City,2021-04-11,Occasional
R007539,Metroville,2021-05-20,Regular
R007540,Metroville,2021-10-01,Regular
R007541,Capital City,2022-06-15,Occasional
R007542,Metroville,2022-06-05,Regular
R007543,Metroville,2021-02-03,Regular
R007544,Capital City,2022-02-11,Regular
R007545,Metroville,2022-03-01,Regular
R007546,Metroville,2021-05-28,Occasional
R007547,Metroville,2021-02-05,Occasional
R007548,Metroville,2022-02-24,Occasional
R007549,Metroville,2021-10-13,Occasional
R007550,Capital City,2022-01-14,Regular
R007551,Metroville,2022-10-02,Regular
R007552,Metroville,2021-05-15,Occasional
R007553,Capital City,2022-12-24,Power
R007554,Metroville,2021-04-15,Occasional
R007555,Metroville,2021-07-28,Regular
R007556,Capital City,2021-11-14,New
R007557,Capital City,2022-08-24,Regular
R007558,Metroville,2022-03-06,Power
R007559,Capital City,2022-10-30,Power
R007560,Metroville,2021-12-19,Occasional
R007561,Metroville,2021-06-18,Regular
R007562,Metroville,2022-11-08,Occasional
R007563,Metroville,2023-01-01,Regular
R007564,Capital City,2021-01-11,Occasional
R007565,Capital City,2021-06-07,Regular
R007566,Metroville,2021-12-30,Power
R007567,Capital City,2022-09-11,Regular
R007568,Capital City,2022-03-19,Regular
R007569,Metroville,2022-12-01,Regular
R007570,Metroville,2022-05-06,Power
R007571,Capital City,2021-10-16,Power
R007572,Capital City,2021-01-12,Occasional
R007573,Capital City,2021-05-07,Power
R007574,Capital City,2021-11-24,New
R007575,Capital City,2021-04-01,Regular
R007576,Capital City,2022-02-10,Power
R007577,Capital City,2021-01-03,Regular
R007578,Metroville,2021-12-06,Occasional
R007579,Metroville,2021-11-12,Occasional
R007580,Metroville,2021-12-07,Regular
R007581,Metroville,2021-10-13,Occasional
R007582,Metroville,2021-06-22,Occasional
R007583,Metroville,2022-05-30,Regular
R007584,Metroville,2021-02-22,Regular
R007585,Metroville,2022-07-08,New
R007586,Metroville,2021-09-02,Regular
R007587,Capital City,2022-08-12,Regular
R007588,Capital City,2022-06-23,New
R007589,Metroville,2021-06-12,Regular
R007590,Metroville,2021-12-04,Regular
R007591,Metroville,2021-12-29,Regular
R007592,Capital City,2021-10-31,Occasional
R007593,Metroville,2022-07-28,Occasional
R007594,Metroville,2022-03-12,Occasional
R007595,Metroville,2021-02-14,Occasional
R007596,Capital City,2022-08-26,Regular
R007597,Metroville,2022-08-17,Regular
R007598,Metroville,2022-12-21,Regular
R007599,Capital City,2022-10-20,Power
R007600,Metroville,2021-03-09,Occasional
R007601,Capital City,2022-12-16,Occasional
R007602,Metroville,2022-08-07,Regular
R007603,Metroville,2021-08-21,Occasional
R007604,Capital City,2021-02-27,New
R007605,Metroville,2021-10-11,Regular
R007606,Capital City,2022-08-15,Occasional
R007607,Capital City,2022-10-07,Regular
R007608,Metroville,2022-08-14,Occasional
R007609,Capital City,2021-03-15,Regular
R007610,Metroville,2021-11-02,Occasional
R007611,Capital City,2021-09-22,Power
R007612,Capital City,2021-01-19,Power
R007613,Metroville,2021-04-23,Regular
R007614,Metroville,2021-10-23,Regular
R007615,Capital City,2021-04-03,Power
R007616,Metroville,2022-07-01,Occasional
R007617,Capital City,2021-09-23,Occasional
R007618,Metroville,2021-07-29,Occasional
R007619,Metroville,2021-10-24,Occasional
R007620,Metroville,2021-06-15,Regular
R007621,Capital City,2021-09-28,Occasional
R007622,Metroville,2021-12-04,Power
R007623,Metroville,2022-01-03,Regular
R007624,Capital City,2022-05-15,Regular
R007625,Capital City,2022-06-25,Regular
R007626,Metroville,2021-10-24,Occasional
R007627,Metroville,2021-04-22,New
R007628,Capital City,2022-12-25,Power
R007629,Capital City,2021-05-20,Regular
R007630,Capital City,2021-08-09,Occasional
R007631,Capital City,2022-05-04,Power
R007632,Metroville,2021-01-02,Occasional
R007633,Capital City,2021-08-06,Regular
R007634,Metroville,2022-04-01,Occasional
R007635,Metroville,2021-11-07,Regular
R007636,Metroville,2021-06-21,Occasional
R007637,Metroville,2021-05-21,New
R007638,Metroville,2021-12-22,Occasional
R007639,Metroville,2022-11-28,Occasional
R007640,Metroville,2022-11-24,Power
R007641,Capital City,2021-05-30,Power
R007642,Capital City,2021-08-25,Occasional
R007643,Metroville,2021-01-10,New
R007644,Capital City,2021-12-20,Power
R007645,Capital City,2022-09-08,Power
R007646,Metroville,2021-05-17,Power
R007647,Capital City,2021-08-26,Occasional
R007648,Metroville,2021-01-24,New
R007649,Capital City,2022-10-12,Regular
R007650,Capital City,2022-08-09,Regular
R007651,Capital City,2021-07-11,Occasional
R007652,Metroville,2022-03-21,Regular
R007653,Capital City,2021-09-12,Regular
R007654,Capital City,2021-07-21,Power
R007655,Capital City,2022-10-13,Regular
R007656,Capital City,2021-07-15,Occasional
R007657,Metroville,2021-04-17,Regular
R007658,Metroville,2022-10-03,Power
R007659,Metroville,2022-04-25,Regular
R007660,Capital City,2021-09-05,Occasional
R007661,Capital City,2021-03-27,New
R007662,Metroville,2021-02-21,Power
R007663,Metroville,2021-02-16,Occasional
R007664,Capital City,2022-10-14,Regular
R007665,Capital City,2021-01-31,Occasional
R007666,Metroville,2021-03-24,Power
R007667,Metroville,2021-06-28,Occasional
R007668,Metroville,2021-05-18,Power
R007669,Metroville,2022-02-16,Regular
R007670,Metroville,2021-04-14,Regular
R007671,Capital City,2022-11-08,Regular
R007672,Metroville,2022-01-15,Regular
R007673,Capital City,2021-07-03,Power
R007674,Metroville,2022-12-21,Occasional
R007675,Metroville,2021-09-08,Occasional
R007676,Metroville,2021-09-24,Occasional
R007677,Capital City,2021-07-26,Power
R007678,Metroville,2021-09-08,New
R007679,Metroville,2021-05-24,Power
R007680,Metroville,2022-01-27,Regular
R007681,Capital City,2021-10-27,Regular
R007682,Metroville,2022-01-05,Regular
R007683,Capital City,2022-03-06,Regular
R007684,Capital City,2022-03-11,Occasional
R007685,Metroville,2022-07-14,Occasional
R007686,Metroville,2022-11-26,Occasional
R007687,Capital City,2021-01-20,Occasional
R007688,Metroville,2021-04-30,Occasional
R007689,Capital City,2022-02-24,New
R007690,Capital City,2021-06-03,Regular
R007691,Capital City,2022-04-10,Regular
R007692,Metroville,2022-10-31,Power
R007693,Capital City,2021-03-28,Occasional
R007694,Metroville,2021-09-04,Regular
R007695,Metroville,2021-05-19,Power
R007696,Metroville,2022-07-12,Power
R007697,Metroville,2021-05-25,Power
R007698,Capital City,2022-11-10,Occasional
R007699,Metroville,2021-02-28,Power
R007700,Metroville,2022-03-09,Occasional
R007701,Capital City,2021-04-02,Regular
R007702,Capital City,2022-12-05,Regular
R007703,Capital City,2022-03-14,Regular
R007704,Capital City,2021-08-23,Regular
R007705,Metroville,2022-10-09,Regular
R007706,Capital City,2022-08-25,Occasional
R007707,Capital City,2021-08-02,Regular
R007708,Capital City,2022-10-15,New
R007709,Metroville,2022-03-23,Occasional
R007710,Metroville,2022-04-18,Regular
R007711,Metroville,2022-08-19,Occasional
R007712,Metroville,2021-04-11,New
R007713,Capital City,2022-03-20,Occasional
R007714,Capital City,2022-03-26,Regular
R007715,Capital City,2022-04-13,Regular
R007716,Capital City,2022-12-18,Power
R007717,Metroville,2022-09-09,New
R007718,Metroville,2021-04-23,Regular
R007719,Capital City,2022-07-07,Regular
R007720,Capital City,2021-05-06,Regular
R007721,Capital City,2022-07-31,Regular
R007722,Metroville,2021-02-26,Occasional
R007723,Metroville,2021-10-01,Regular
R007724,Metroville,2021-12-19,Regular
R007725,Metroville,2022-07-06,Regular
R007726,Metroville,2022-04-09,Regular
R007727,Capital City,2021-01-14,Occasional
R007728,Metroville,2022-05-05,Occasional
R007729,Capital City,2021-08-23,Regular
R007730,Capital City,2022-06-30,Occasional
R007731,Metroville,2021-07-10,Power
R007732,Metroville,2022-11-29,Regular
R007733,Capital City,2022-01-15,Occasional
R007734,Capital City,2022-10-07,Occasional
R007735,Capital City,2022-08-06,Power
R007736,Metroville,2021-05-02,New
R007737,Capital City,2022-07-28,Regular
R007738,Metroville,2021-08-12,Regular
R007739,Capital City,2021-11-05,Occasional
R007740,Capital City,2021-12-05,Regular
R007741,Capital City,2022-05-03,Regular
R007742,Capital City,2021-02-24,New
R007743,Capital City,2021-10-08,Power
R007744,Capital City,2021-03-20,Regular
R007745,Metroville,2022-07-14,Occasional
R007746,Metroville,2022-05-31,Regular
R007747,Metroville,2021-05-20,Occasional
R007748,Metroville,2022-01-13,Power
R007749,Metroville,2022-11-07,Regular
R007750,Metroville,2021-03-15,Power
R007751,Capital City,2022-04-06,Occasional
R007752,Metroville,2022-09-05,Power
R007753,Capital City,2022-11-09,Power
R007754,Capital City,2022-07-14,Regular
R007755,Metroville,2021-09-13,Regular
R007756,Metroville,2021-11-19,New
R007757,Capital City,2021-09-01,New
R007758,Metroville,2022-02-27,Regular
R007759,Metroville,2021-09-01,Regular
R007760,Metroville,2021-07-05,Occasional
R007761,Metroville,2022-05-07,Power
R007762,Metroville,2021-12-09,Power
R007763,Metroville,2021-02-01,Regular
R007764,Capital City,2021-01-09,New
R007765,Metroville,2021-11-28,Occasional
R007766,Metroville,2021-09-03,Occasional
R007767,Capital City,2022-04-08,Regular
R007768,Metroville,2022-08-06,Power
R007769,Metroville,2021-07-07,Occasional
R007770,Metroville,2021-10-13,Occasional
R007771,Metroville,2022-12-20,Regular
R007772,Metroville,2022-03-12,New
R007773,Capital City,2021-09-29,Occasional
R007774,Capital City,2021-12-06,Regular
R007775,Metroville,2021-02-06,Power
R007776,Metroville,2022-02-12,Regular
R007777,Metroville,2021-07-08,Regular
R007778,Metroville,2021-02-01,Power
R007779,Capital City,2022-11-20,Power
R007780,Capital City,2022-09-24,Power
R007781,Metroville,2021-07-06,Regular
R007782,Capital City,2021-03-20,Regular
R007783,Metroville,2022-01-04,Regular
R007784,Metroville,2021-10-16,Regular
R007785,Metroville,2021-04-16,Occasional
R007786,Capital City,2021-03-05,Occasional
R007787,Capital City,2022-03-28,Regular
R007788,Metroville,2022-01-23,Occasional
R007789,Metroville,2022-03-31,Occasional
R007790,Capital City,2022-04-03,New
R007791,Capital City,2022-09-23,Regular
R007792,Metroville,2022-04-15,Occasional
R007793,Metroville,2021-03-02,Regular
R007794,Metroville,2021-05-13,Regular
R007795,Metroville,2021-11-27,Regular
R007796,Capital City,2021-09-16,Occasional
R007797,Capital City,2021-02-09,Occasional
R007798,Metroville,2022-04-29,Regular
R007799,Metroville,2021-02-12,Power
R007800,Capital City,2021-05-09,Regular
R007801,Metroville,2022-06-16,Power
R007802,Metroville,2021-07-18,Power
R007803,Metroville,2022-01-21,Regular
R007804,Capital City,2021-02-07,Occasional
R007805,Capital City,2021-01-25,Occasional
R007806,Metroville,2022-07-01,New
R007807,Metroville,2022-02-15,Regular
R007808,Capital City,2021-06-20,Regular
R007809,Metroville,2022-12-22,New
R007810,Capital City,2021-02-12,Occasional
R007811,Metroville,2022-12-24,Power
R007812,Capital City,2022-10-24,New
R007813,Metroville,2022-12-20,Regular
R007814,Capital City,2021-11-06,Power
R007815,Capital City,2022-09-23,Regular
R007816,Metroville,2021-07-13,Occasional
R007817,Capital City,2022-09-17,Occasional
R007818,Metroville,2021-01-30,Regular
R007819,Metroville,2021-10-02,Regular
R007820,Capital City,2022-01-07,New
R007821,Metroville,2022-05-22,Occasional
R007822,Capital City,2022-03-17,Regular
R007823,Metroville,2022-04-19,Power
R007824,Capital City,2022-06-18,Power
R007825,Metroville,2022-11-28,Regular
R007826,Metroville,2022-12-08,Regular
R007827,Capital City,2021-04-07,Regular
R007828,Capital City,2022-09-29,Regular
R007829,Metroville,2022-11-04,Power
R007830,Metroville,2021-05-03,Regular
R007831,Metroville,2021-02-28,Regular
R007832,Metroville,2022-05-24,Regular
R007833,Capital City,2021-04-28,Power
R007834,Metroville,2021-03-19,Regular
R007835,Capital City,2022-08-30,Regular
R007836,Capital City,2021-01-06,Occasional
R007837,Metroville,2022-09-01,Power
R007838,Capital City,2022-10-05,Power
R007839,Metroville,2021-04-22,Occasional
R007840,Capital City,2022-08-21,Regular
R007841,Capital City,2021-12-13,Regular
R007842,Metroville,2021-02-28,New
R007843,Capital City,2021-03-09,New
R007844,Capital City,2021-06-01,Regular
R007845,Metroville,2022-06-26,Power
R007846,Metroville,2022-09-10,Occasional
R007847,Metroville,2021-01-19,Regular
R007848,Metroville,2022-06-27,Occasional
R007849,Capital City,2022-04-17,New
R007850,Capital City,2022-03-06,Occasional
R007851,Metroville,2021-09-10,Regular
R007852,Metroville,2021-02-24,Regular
R007853,Metroville,2022-10-16,Occasional
R007854,Metroville,2021-03-18,Regular
R007855,Metroville,2021-09-24,Occasional
R007856,Metroville,2022-03-24,Power
R007857,Metroville,2021-10-21,Power
R007858,Metroville,2021-01-23,Power
R007859,Metroville,2021-02-17,New
R007860,Metroville,2022-02-04,New
R007861,Metroville,2022-04-13,Regular
R007862,Capital City,2022-07-20,Regular
R007863,Capital City,2022-10-18,Regular
R007864,Metroville,2022-03-24,New
R007865,Metroville,2022-10-30,Regular
R007866,Capital City,2021-12-06,New
R007867,Capital City,2021-11-30,Regular
R007868,Metroville,2022-01-26,Regular
R007869,Metroville,2022-11-01,New
R007870,Metroville,2022-04-12,Occasional
R007871,Metroville,2022-04-05,New
R007872,Capital City,2022-07-03,Occasional
R007873,Metroville,2021-10-07,New
R007874,Capital City,2022-10-22,Regular
R007875,Metroville,2021-08-16,Regular
R007876,Metroville,2022-06-10,Power
R007877,Metroville,2021-04-17,Regular
R007878,Capital City,2021-11-25,Power
R007879,Capital City,2022-07-03,Regular
R007880,Metroville,2021-03-12,Regular
R007881,Metroville,2021-08-16,Regular
R007882,Metroville,2022-09-12,Regular
R007883,Metroville,2022-08-07,Regular
R007884,Capital City,2021-06-27,Occasional
R007885,Metroville,2021-10-17,Regular
R007886,Metroville,2022-05-23,Regular
R007887,Metroville,2021-04-13,Power
R007888,Capital City,2021-03-14,Occasional
R007889,Capital City,2022-09-15,Occasional
R007890,Metroville,2021-10-06,Power
R007891,Metroville,2022-04-11,Occasional
R007892,Metroville,2022-09-18,Regular
R007893,Capital City,2022-11-27,Occasional
R007894,Metroville,2022-10-19,Regular
R007895,Metroville,2022-10-21,Power
R007896,Capital City,2021-05-26,Occasional
R007897,Metroville,2022-04-20,Power
R007898,Metroville,2021-10-02,Regular
R007899,Metroville,2022-12-13,Power
R007900,Metroville,2021-08-10,Regular
R007901,Metroville,2022-08-02,Regular
R007902,Metroville,2021-03-04,Occasional
R007903,Metroville,2021-03-17,Regular
R007904,Metroville,2023-01-01,Power
R007905,Capital City,2022-11-24,Regular
R007906,Metroville,2021-02-20,Regular
R007907,Capital City,2021-11-28,New
R007908,Metroville,2022-04-04,Occasional
R007909,Capital City,2022-07-30,Power
R007910,Metroville,2021-01-15,Regular
R007911,Metroville,2022-01-29,Power
R007912,Capital City,2021-11-27,Occasional
R007913,Metroville,2021-05-23,Regular
R007914,Metroville,2022-12-29,Occasional
R007915,Metroville,2021-07-23,Regular
R007916,Capital City,2021-01-07,Regular
R007917,Metroville,2021-08-17,Regular
R007918,Capital City,2021-08-30,Occasional
R007919,Capital City,2021-10-12,Occasional
R007920,Capital City,2021-11-14,Power
R007921,Metroville,2022-10-22,Power
R007922,Metroville,2021-06-27,Regular
R007923,Metroville,2022-05-15,Occasional
R007924,Capital City,2022-12-29,New
R007925,Metroville,2021-12-04,Occasional
R007926,Metroville,2021-01-26,Occasional
R007927,Metroville,2021-08-26,Power
R007928,Metroville,2022-08-30,Regular
R007929,Capital City,2021-05-31,Occasional
R007930,Metroville,2021-07-02,Occasional
R007931,Metroville,2021-12-30,Power
R007932,Metroville,2022-01-25,Regular
R007933,Metroville,2021-02-02,Regular
R007934,Capital City,2022-02-25,Power
R007935,Capital City,2021-11-17,Regular
R007936,Metroville,2022-11-06,Regular
R007937,Capital City,2021-03-25,Occasional
R007938,Metroville,2021-03-10,Power
R007939,Metroville,2022-10-01,Regular
R007940,Metroville,2021-12-23,Regular
R007941,Metroville,2021-07-03,Occasional
R007942,Metroville,2022-01-18,Regular
R007943,Capital City,2022-10-11,Regular
R007944,Capital City,2021-09-18,Regular
R007945,Metroville,2022-03-11,Power
R007946,Metroville,2021-03-09,Occasional
R007947,Capital City,2022-06-08,Occasional
R007948,Metroville,2022-07-05,Regular
R007949,Capital City,2021-06-13,Power
R007950,Metroville,2022-11-22,Regular
R007951,Metroville,2021-12-04,Regular
R007952,Metroville,2021-02-24,Regular
R007953,Metroville,2022-06-20,Regular
R007954,Capital City,2022-03-01,Regular
R007955,Metroville,2021-01-19,Regular
R007956,Capital City,2021-11-28,New
R007957,Capital City,2022-09-14,Regular
R007958,Capital City,2021-03-27,Occasional
R007959,Metroville,2021-01-26,Occasional
R007960,Capital City,2021-12-30,New
R007961,Capital City,2021-08-21,Power
R007962,Metroville,2022-10-07,Occasional
R007963,Metroville,2021-03-25,Power
R007964,Metroville,2021-10-10,Power
R007965,Metroville,2022-06-21,Regular
R007966,Metroville,2022-08-11,Regular
R007967,Capital City,2022-11-26,Regular
R007968,Metroville,2022-06-18,Regular
R007969,Metroville,2022-12-07,Regular
R007970,Metroville,2021-05-04,Power
R007971,Metroville,2022-05-02,Regular
R007972,Metroville,2021-08-19,Regular
R007973,Metroville,2021-11-29,Occasional
R007974,Metroville,2022-10-29,Occasional
R007975,Metroville,2021-06-27,New
R007976,Capital City,2021-03-14,Regular
R007977,Metroville,2022-02-20,Regular
R007978,Metroville,2021-08-08,Power
R007979,Capital City,2021-07-04,Occasional
R007980,Metroville,2021-09-28,Regular
R007981,Metroville,2022-12-16,New
R007982,Metroville,2022-11-25,Regular
R007983,Capital City,2022-01-19,Regular
R007984,Metroville,2022-11-05,Occasional
R007985,Metroville,2022-01-21,New
R007986,Capital City,2022-11-19,Regular
R007987,Capital City,2021-11-12,Occasional
R007988,Capital City,2022-09-02,Power
R007989,Metroville,2022-05-30,Power
R007990,Metroville,2021-03-03,Regular
R007991,Capital City,2021-02-17,Power
R007992,Capital City,2021-07-15,Occasional
R007993,Metroville,2021-09-19,Regular
R007994,Capital City,2021-02-06,Regular
R007995,Capital City,2021-07-01,Occasional
R007996,Capital City,2022-08-02,Regular
R007997,Capital City,2021-05-18,Occasional
R007998,Capital City,2022-05-08,Regular
R007999,Metroville,2022-10-20,New
R008000,Capital City,2022-11-25,Power
R008001,Metroville,2022-08-10,Regular
R008002,Metroville,2021-08-19,Regular
R008003,Capital City,2021-03-03,Regular
R008004,Metroville,2022-12-13,Regular
R008005,Metroville,2021-09-06,Regular
R008006,Metroville,2021-04-08,Regular
R008007,Metroville,2022-11-16,Power
R008008,Metroville,2022-04-28,Occasional
R008009,Capital City,2021-01-13,New
R008010,Capital City,2021-03-08,Power
R008011,Metroville,2022-08-21,Occasional
R008012,Metroville,2022-12-18,Occasional
R008013,Capital City,2022-07-09,Occasional
R008014,Capital City,2021-03-25,New
R008015,Metroville,2022-11-11,Power
R008016,Metroville,2022-02-21,Regular
R008017,Capital City,2022-09-24,Occasional
R008018,Capital City,2021-09-21,Occasional
R008019,Metroville,2021-04-16,Power
R008020,Metroville,2022-07-11,Regular
R008021,Metroville,2021-05-06,Power
R008022,Metroville,2022-10-28,Power
R008023,Metroville,2022-09-15,Occasional
R008024,Capital City,2022-09-07,Regular
R008025,Metroville,2021-08-10,New
R008026,Capital City,2021-05-02,Occasional
R008027,Capital City,2021-04-11,New
R008028,Capital City,2022-05-21,New
R008029,Metroville,2022-10-29,Power
R008030,Metroville,2022-06-08,Regular
R008031,Metroville,2021-10-22,Regular
R008032,Metroville,2022-01-21,Regular
R008033,Metroville,2021-02-06,Occasional
R008034,Metroville,2021-11-16,Regular
R008035,Metroville,2022-02-03,Regular
R008036,Metroville,2022-08-31,Occasional
R008037,Capital City,2021-01-31,Power
R008038,Capital City,2021-05-22,Regular
R008039,Metroville,2021-06-22,Regular
R008040,Capital City,2022-08-14,Regular
R008041,Metroville,2022-02-06,Regular
R008042,Metroville,2022-05-28,Power
R008043,Capital City,2022-11-16,Power
R008044,Metroville,2021-05-04,Power
R008045,Capital City,2022-07-08,Power
R008046,Metroville,2022-01-23,Occasional
R008047,Capital City,2022-10-29,Regular
R008048,Capital City,2022-08-31,Power
R008049,Metroville,2022-03-27,Regular
R008050,Metroville,2022-08-10,Power
R008051,Capital City,2021-11-02,Regular
R008052,Metroville,2022-07-13,Regular
R008053,Capital City,2021-01-18,Regular
R008054,Metroville,2021-12-19,New
R008055,Metroville,2021-06-14,Regular
R008056,Metroville,2022-07-17,Regular
R008057,Metroville,2021-10-09,Power
R008058,Capital City,2022-04-27,Power
R008059,Capital City,2021-05-16,Regular
R008060,Metroville,2022-11-21,Regular
R008061,Capital City,2022-08-18,Occasional
R008062,Metroville,2022-09-21,Regular
R008063,Metroville,2021-03-25,Occasional
R008064,Capital City,2021-04-14,Regular
R008065,Capital City,2021-12-12,Occasional
R008066,Capital City,2022-07-24,Power
R008067,Capital City,2022-12-16,Regular
R008068,Metroville,2021-08-21,Occasional
R008069,Metroville,2022-10-11,Occasional
R008070,Capital City,2022-12-26,Regular
R008071,Metroville,2022-12-25,Regular
R008072,Capital City,2022-07-02,Power
R008073,Metroville,2022-10-02,Regular
R008074,Capital City,2021-01-08,Occasional
R008075,Metroville,2021-03-05,Power
R008076,Capital City,2021-05-04,Occasional
R008077,Metroville,2022-03-17,Regular
R008078,Metroville,2021-11-01,Occasional
R008079,Metroville,2021-01-21,Regular
R008080,Metroville,2021-09-01,Regular
R008081,Metroville,2021-01-23,Occasional
R008082,Capital City,2022-08-25,Regular
R008083,Metroville,2022-06-04,Power
R008084,Metroville,2022-08-08,Power
R008085,Metroville,2021-03-17,Occasional
R008086,Metroville,2022-03-30,Occasional
R008087,Capital City,2021-07-15,Power
R008088,Capital City,2021-09-27,Regular
R008089,Metroville,2021-11-06,Occasional
R008090,Metroville,2022-05-02,Regular
R008091,Capital City,2022-07-07,Power
R008092,Metroville,2021-04-16,Regular
R008093,Metroville,2021-01-23,Occasional
R008094,Metroville,2022-11-24,Power
R008095,Capital City,2021-05-01,Occasional
R008096,Metroville,2022-07-01,Regular
R008097,Capital City,2021-08-08,Occasional
R008098,Capital City,2021-04-15,Occasional
R008099,Capital City,2022-10-03,Regular
R008100,Capital City,2021-03-30,New
R008101,Capital City,2022-02-27,New
R008102,Metroville,2022-01-10,Power
R008103,Capital City,2021-10-30,Regular
R008104,Capital City,2022-12-28,Regular
R008105,Capital City,2021-06-09,Regular
R008106,Capital City,2022-05-05,Regular
R008107,Metroville,2022-06-19,Occasional
R008108,Metroville,2022-09-03,Occasional
R008109,Metroville,2021-07-08,New
R008110,Capital City,2022-09-26,Power
R008111,Capital City,2021-04-08,Regular
R008112,Metroville,2021-12-27,Occasional
R008113,Metroville,2021-06-28,Power
R008114,Metroville,2021-07-31,Power
R008115,Metroville,2022-05-22,Power
R008116,Metroville,2021-09-13,Regular
R008117,Capital City,2021-03-31,Regular
R008118,Capital City,2021-02-25,Occasional
R008119,Metroville,2022-06-02,Power
R008120,Metroville,2022-03-24,New
R008121,Metroville,2022-11-08,Occasional
R008122,Metroville,2022-06-17,Regular
R008123,Metroville,2022-09-08,Occasional
R008124,Metroville,2022-08-02,Occasional
R008125,Capital City,2021-01-30,Regular
R008126,Metroville,2021-09-03,Occasional
R008127,Metroville,2021-08-10,Regular
R008128,Metroville,2022-07-05,Power
R008129,Capital City,2022-07-22,Regular
R008130,Metroville,2021-02-14,New
R008131,Metroville,2022-11-18,New
R008132,Capital City,2022-11-07,Occasional
R008133,Metroville,2021-03-12,New
R008134,Capital City,2021-12-25,Occasional
R008135,Capital City,2022-03-16,Regular
R008136,Metroville,2022-06-01,New
R008137,Capital City,2021-10-13,Occasional
R008138,Capital City,2022-04-19,Regular
R008139,Metroville,2022-01-24,Occasional
R008140,Metroville,2021-04-10,Occasional
R008141,Metroville,2021-09-24,New
R008142,Capital City,2022-11-18,Occasional
R008143,Metroville,2022-09-17,Occasional
R008144,Capital City,2022-11-09,Occasional
R008145,Metroville,2021-06-30,Regular
R008146,Metroville,2022-07-05,Regular
R008147,Capital City,2022-07-24,Power
R008148,Metroville,2022-12-03,Regular
R008149,Metroville,2021-08-23,Power
R008150,Metroville,2021-07-23,Occasional
R008151,Metroville,2022-09-05,Occasional
R008152,Metroville,2022-10-21,Regular
R008153,Capital City,2022-05-06,Occasional
R008154,Metroville,2021-10-03,Regular
R008155,Metroville,2021-05-05,Occasional
R008156,Capital City,2021-05-18,Power
R008157,Metroville,2022-02-02,Regular
R008158,Metroville,2021-10-29,Occasional
R008159,Metroville,2022-06-12,New
R008160,Metroville,2021-02-07,Occasional
R008161,Capital City,2022-02-02,Power
R008162,Capital City,2022-05-11,New
R008163,Capital City,2022-09-11,Regular
R008164,Metroville,2022-02-02,Regular
R008165,Capital City,2022-05-13,Power
R008166,Metroville,2022-09-23,Occasional
R008167,Capital City,2022-05-04,Power
R008168,Capital City,2021-11-05,Power
R008169,Metroville,2022-06-11,Regular
R008170,Metroville,2021-12-13,Regular
R008171,Metroville,2022-05-21,New
R008172,Capital City,2022-10-18,New
R008173,Metroville,2021-09-06,Occasional
R008174,Metroville,2021-05-12,Regular
R008175,Metroville,2021-08-23,Regular
R008176,Metroville,2022-11-07,New
R008177,Metroville,2021-10-12,Power
R008178,Metroville,2022-08-06,Power
R008179,Metroville,2022-05-25,Occasional
R008180,Metroville,2021-04-17,Power
R008181,Metroville,2021-09-23,Regular
R008182,Capital City,2022-07-03,Regular
R008183,Metroville,2021-12-01,Regular
R008184,Capital City,2021-12-15,Regular
R008185,Metroville,2022-08-15,Regular
R008186,Metroville,2021-09-20,New
R008187,Metroville,2022-06-17,Occasional
R008188,Metroville,2021-03-25,Regular
R008189,Metroville,2021-12-30,Occasional
R008190,Metroville,2022-03-31,Power
R008191,Metroville,2022-06-08,Occasional
R008192,Metroville,2022-01-23,Occasional
R008193,Capital City,2022-08-24,Regular
R008194,Metroville,2022-11-30,Occasional
R008195,Metroville,2021-01-23,Regular
R008196,Metroville,2021-05-29,Regular
R008197,Capital City,2022-11-01,Regular
R008198,Metroville,2022-03-20,Occasional
R008199,Metroville,2022-08-15,Power
R008200,Metroville,2022-09-10,Power
R008201,Metroville,2021-09-12,New
R008202,Metroville,2021-09-19,Occasional
R008203,Capital City,2021-10-30,Power
R008204,Metroville,2022-07-10,Regular
R008205,Metroville,2022-01-15,Power
R008206,Metroville,2022-05-21,Occasional
R008207,Capital City,2022-03-05,New
R008208,Metroville,2021-04-23,Occasional
R008209,Capital City,2022-07-25,Occasional
R008210,Capital City,2021-03-19,Regular
R008211,Capital City,2021-04-15,Regular
R008212,Metroville,2022-07-11,New
R008213,Metroville,2021-05-20,Occasional
R008214,Metroville,2021-06-14,Occasional
R008215,Metroville,2022-05-11,Occasional
R008216,Metroville,2022-10-05,New
R008217,Capital City,2021-11-06,Regular
R008218,Metroville,2021-07-16,Occasional
R008219,Capital City,2021-08-19,New
R008220,Capital City,2022-05-25,Regular
R008221,Metroville,2021-05-06,Regular
R008222,Metroville,2021-09-04,Occasional
R008223,Metroville,2021-09-15,Power
R008224,Capital City,2022-03-22,Power
R008225,Capital City,2022-12-18,Occasional
R008226,Capital City,2021-10-20,Regular
R008227,Metroville,2022-04-24,New
R008228,Metroville,2022-04-23,Power
R008229,Capital City,2022-01-31,New
R008230,Metroville,2021-10-14,Occasional
R008231,Metroville,2021-05-18,Power
R008232,Metroville,2022-05-19,Occasional
R008233,Metroville,2021-05-06,Regular
R008234,Metroville,2022-08-02,Regular
R008235,Capital City,2021-05-24,Regular
R008236,Metroville,2022-12-27,Occasional
R008237,Metroville,2021-10-31,Regular
R008238,Capital City,2022-11-17,Regular
R008239,Metroville,2022-11-21,Regular
R008240,Metroville,2021-09-07,Occasional
R008241,Metroville,2021-08-03,New
R008242,Metroville,2022-11-28,Occasional
R008243,Metroville,2021-10-23,Occasional
R008244,Capital City,2021-07-07,Occasional
R008245,Capital City,2021-11-24,Regular
R008246,Metroville,2021-08-29,Regular
R008247,Metroville,2021-01-18,Regular
R008248,Metroville,2022-09-23,Occasional
R008249,Metroville,2021-09-25,Regular
R008250,Metroville,2021-08-12,Power
R008251,Metroville,2022-04-30,New
R008252,Capital City,2022-10-08,Occasional
R008253,Metroville,2021-06-09,Regular
R008254,Metroville,2022-12-20,Regular
R008255,Metroville,2021-01-22,Regular
R008256,Capital City,2021-11-11,Occasional
R008257,Capital City,2022-05-23,Occasional
R008258,Capital City,2022-08-19,Occasional
R008259,Metroville,2021-12-30,Power
R008260,Capital City,2022-03-05,Regular
R008261,Metroville,2022-05-02,New
R008262,Capital City,2021-03-09,Occasional
R008263,Metroville,2022-10-01,Occasional
R008264,Metroville,2022-12-16,Occasional
R008265,Metroville,2021-08-28,Power
R008266,Capital City,2021-02-15,Occasional
R008267,Metroville,2022-02-23,Regular
R008268,Metroville,2022-07-20,Occasional
R008269,Capital City,2021-01-11,Regular
R008270,Capital City,2021-09-18,Power
R008271,Metroville,2021-05-27,Occasional
R008272,Capital City,2021-05-14,Occasional
R008273,Capital City,2022-12-08,Occasional
R008274,Capital City,2021-09-23,Regular
R008275,Metroville,2021-09-14,Regular
R008276,Metroville,2022-08-13,Regular
R008277,Metroville,2021-01-11,Power
R008278,Capital City,2021-11-12,Regular
R008279,Capital City,2022-06-26,Occasional
R008280,Capital City,2021-12-18,Occasional
R008281,Metroville,2021-03-31,New
R008282,Capital City,2021-09-13,Occasional
R008283,Capital City,2021-01-11,Power
R008284,Metroville,2021-03-24,Occasional
R008285,Capital City,2022-12-31,Regular
R008286,Metroville,2021-03-30,Regular
R008287,Capital City,2022-10-21,New
R008288,Metroville,2021-12-03,Power
R008289,Capital City,2021-01-24,Power
R008290,Metroville,2022-01-26,Occasional
R008291,Capital City,2021-07-07,Occasional
R008292,Capital City,2022-11-29,Power
R008293,Metroville,2022-03-04,Power
R008294,Metroville,2021-10-22,Regular
R008295,Metroville,2022-03-31,Regular
R008296,Metroville,2021-01-17,Power
R008297,Capital City,2021-04-14,Occasional
R008298,Capital City,2021-06-25,Regular
R008299,Metroville,2021-05-22,Occasional
R008300,Capital City,2022-06-03,New
R008301,Metroville,2021-01-30,New
R008302,Capital City,2022-10-11,Power
R008303,Metroville,2021-04-06,Occasional
R008304,Capital City,2022-01-23,Power
R008305,Metroville,2022-11-06,Occasional
R008306,Metroville,2021-07-23,Occasional
R008307,Metroville,2021-02-10,Regular
R008308,Metroville,2021-12-25,Regular
R008309,Metroville,2022-11-10,Regular
R008310,Metroville,2022-09-10,Power
R008311,Metroville,2021-12-05,Power
R008312,Metroville,2021-12-23,Power
R008313,Metroville,2021-09-12,Occasional
R008314,Metroville,2021-04-08,New
R008315,Metroville,2022-11-21,Regular
R008316,Metroville,2021-12-23,Occasional
R008317,Metroville,2021-12-22,Regular
R008318,Metroville,2022-07-06,Occasional
R008319,Capital City,2021-03-09,Regular
R008320,Metroville,2021-06-08,Power
R008321,Capital City,2021-01-10,Regular
R008322,Capital City,2022-10-25,Occasional
R008323,Metroville,2021-06-06,Power
R008324,Capital City,2021-01-05,Regular
R008325,Metroville,2022-06-06,Regular
R008326,Metroville,2022-08-13,Regular
R008327,Metroville,2022-01-24,Power
R008328,Capital City,2022-05-02,Occasional
R008329,Metroville,2021-06-28,Regular
R008330,Metroville,2022-09-07,Regular
R008331,Capital City,2021-03-08,Regular
R008332,Capital City,2021-08-30,Occasional
R008333,Metroville,2021-05-17,Regular
R008334,Capital City,2021-01-12,Power
R008335,Capital City,2022-06-01,Regular
R008336,Metroville,2022-05-16,Regular
R008337,Capital City,2022-02-07,New
R008338,Capital City,2022-01-05,Occasional
R008339,Capital City,2022-04-03,Regular
R008340,Metroville,2021-08-04,Regular
R008341,Capital City,2021-02-04,Occasional
R008342,Metroville,2021-10-25,Power
R008343,Metroville,2022-03-24,Regular
R008344,Metroville,2022-11-07,Occasional
R008345,Metroville,2022-10-29,Occasional
R008346,Capital City,2021-12-16,Regular
R008347,Capital City,2022-01-13,Regular
R008348,Capital City,2021-09-25,Occasional
R008349,Capital City,2021-08-22,Occasional
R008350,Capital City,2021-08-06,Regular
R008351,Capital City,2021-07-11,Regular
R008352,Metroville,2022-08-29,Occasional
R008353,Capital City,2021-09-07,Regular
R008354,Capital City,2021-01-05,Power
R008355,Capital City,2021-07-06,Occasional
R008356,Capital City,2021-02-06,Regular
R008357,Metroville,2021-07-05,Power
R008358,Capital City,2022-03-08,Power
R008359,Metroville,2021-09-26,Regular
R008360,Metroville,2021-04-06,Occasional
R008361,Metroville,2021-12-21,Regular
R008362,Capital City,2021-02-11,New
R008363,Capital City,2021-01-22,Power
R008364,Metroville,2022-10-26,Regular
R008365,Capital City,2022-06-23,Occasional
R008366,Metroville,2021-09-20,Regular
R008367,Metroville,2022-10-04,Occasional
R008368,Capital City,2022-10-11,Power
R008369,Metroville,2021-11-27,Occasional
R008370,Capital City,2022-07-02,Occasional
R008371,Metroville,2022-03-12,Power
R008372,Capital City,2022-10-15,Power
R008373,Metroville,2022-09-12,Occasional
R008374,Capital City,2022-07-17,Regular
R008375,Capital City,2022-03-25,Regular
R008376,Capital City,2022-09-09,Occasional
R008377,Metroville,2021-01-18,Occasional
R008378,Capital City,2022-08-03,Occasional
R008379,Metroville,2021-08-11,Power
R008380,Metroville,2022-07-31,Occasional
R008381,Metroville,2022-06-06,Power
R008382,Metroville,2021-07-17,Occasional
R008383,Capital City,2021-03-30,Regular
R008384,Metroville,2022-12-09,Regular
R008385,Capital City,2022-03-07,Occasional
R008386,Capital City,2021-11-01,Power
R008387,Capital City,2021-02-02,New
R008388,Metroville,2021-06-26,Regular
R008389,Capital City,2022-08-19,Power
R008390,Metroville,2021-09-03,Regular
R008391,Metroville,2022-01-11,Occasional
R008392,Metroville,2021-10-28,Occasional
R008393,Metroville,2021-10-04,Occasional
R008394,Metroville,2021-03-12,Occasional
R008395,Capital City,2022-12-11,Power
R008396,Metroville,2022-03-09,Regular
R008397,Capital City,2022-06-22,New
R008398,Metroville,2022-10-29,Regular
R008399,Metroville,2022-12-10,Regular
R008400,Metroville,2022-05-09,Power
R008401,Metroville,2021-07-18,Occasional
R008402,Capital City,2021-03-12,New
R008403,Capital City,2022-01-23,Power
R008404,Metroville,2021-11-06,Power
R008405,Capital City,2021-05-19,Regular
R008406,Capital City,2022-01-15,Occasional
R008407,Capital City,2021-03-01,Regular
R008408,Metroville,2021-03-11,Regular
R008409,Metroville,2022-02-01,Regular
R008410,Metroville,2021-08-22,Power
R008411,Metroville,2021-05-04,Occasional
R008412,Metroville,2021-02-19,Regular
R008413,Metroville,2021-01-18,Regular
R008414,Metroville,2021-07-08,Regular
R008415,Metroville,2021-06-19,Occasional
R008416,Metroville,2021-10-03,Regular
R008417,Metroville,2021-09-20,Power
R008418,Capital City,2022-02-24,Regular
R008419,Metroville,2021-05-31,Occasional
R008420,Metroville,2022-08-19,Power
R008421,Capital City,2022-02-22,Power
R008422,Capital City,2022-07-10,New
R008423,Capital City,2022-04-10,Occasional
R008424,Capital City,2022-05-14,Occasional
R008425,Metroville,2021-08-24,Regular
R008426,Capital City,2021-12-17,Regular
R008427,Capital City,2022-03-12,Power
R008428,Capital City,2022-11-14,Power
R008429,Capital City,2022-08-03,Regular
R008430,Capital City,2022-01-05,Regular
R008431,Metroville,2022-03-16,Regular
R008432,Metroville,2021-09-22,Occasional
R008433,Metroville,2022-07-15,Occasional
R008434,Capital City,2021-04-08,Regular
R008435,Metroville,2022-07-21,Occasional
R008436,Capital City,2021-01-03,Power
R008437,Metroville,2021-07-02,Power
R008438,Metroville,2022-03-15,Occasional
R008439,Metroville,2022-06-29,Occasional
R008440,Metroville,2022-07-06,Regular
R008441,Metroville,2021-01-06,Power
R008442,Capital City,2021-01-22,Occasional
R008443,Metroville,2021-02-18,Occasional
R008444,Capital City,2022-07-28,Occasional
R008445,Metroville,2022-07-20,Regular
R008446,Capital City,2022-05-03,Occasional
R008447,Metroville,2022-09-04,Power
R008448,Capital City,2022-11-20,Occasional
R008449,Metroville,2022-02-11,Regular
R008450,Capital City,2021-05-23,Power
R008451,Metroville,2022-08-25,Regular
R008452,Metroville,2021-10-07,Regular
R008453,Capital City,2022-04-10,Power
R008454,Metroville,2021-12-19,Regular
R008455,Capital City,2022-06-27,Regular
R008456,Capital City,2022-06-05,Occasional
R008457,Capital City,2021-06-05,Regular
R008458,Metroville,2021-01-07,Occasional
R008459,Metroville,2022-11-27,Regular
R008460,Capital City,2021-02-19,Power
R008461,Capital City,2022-02-11,Regular
R008462,Capital City,2022-01-14,New
R008463,Metroville,2022-08-03,Power
R008464,Metroville,2021-12-16,Regular
R008465,Metroville,2021-09-29,New
R008466,Capital City,2021-06-28,Regular
R008467,Metroville,2022-07-19,Regular
R008468,Metroville,2021-07-04,Occasional
R008469,Metroville,2022-02-27,Regular
R008470,Capital City,2022-08-30,Occasional
R008471,Capital City,2022-12-07,Regular
R008472,Metroville,2021-11-13,Occasional
R008473,Metroville,2021-08-08,Regular
R008474,Capital City,2022-08-06,Power
R008475,Metroville,2021-09-19,Regular
R008476,Capital City,2022-02-08,Regular
R008477,Capital City,2022-07-26,Power
R008478,Capital City,2022-12-28,Occasional
R008479,Metroville,2021-06-21,Regular
R008480,Capital City,2021-07-31,Power
R008481,Capital City,2022-01-27,New
R008482,Capital City,2021-03-10,Occasional
R008483,Capital City,2021-01-09,Occasional
R008484,Metroville,2022-03-05,Regular
R008485,Capital City,2021-09-03,Occasional
R008486,Metroville,2022-03-11,Power
R008487,Capital City,2021-05-24,Power
R008488,Metroville,2021-02-18,Occasional
R008489,Metroville,2022-08-04,Power
R008490,Metroville,2021-06-02,Occasional
R008491,Capital City,2021-10-06,Regular
R008492,Capital City,2022-01-20,Power
R008493,Metroville,2021-01-26,Regular
R008494,Metroville,2022-09-08,Regular
R008495,Capital City,2021-08-29,Power
R008496,Metroville,2022-11-21,Occasional
R008497,Metroville,2022-08-12,Regular
R008498,Metroville,2021-02-06,Regular
R008499,Metroville,2021-06-16,Occasional
R008500,Capital City,2022-09-04,Regular
R008501,Capital City,2022-02-20,Occasional
R008502,Capital City,2022-12-07,Occasional
R008503,Capital City,2021-11-16,Power
R008504,Metroville,2021-04-09,Regular
R008505,Capital City,2022-05-21,New
R008506,Capital City,2021-10-02,New
R008507,Capital City,2022-01-01,Regular
R008508,Metroville,2022-09-29,Power
R008509,Metroville,2022-02-01,Regular
R008510,Capital City,2022-11-06,New
R008511,Metroville,2021-04-19,Regular
R008512,Metroville,2021-03-16,Regular
R008513,Capital City,2022-06-16,Regular
R008514,Capital City,2021-05-14,Power
R008515,Capital City,2021-07-11,Regular
R008516,Metroville,2022-05-19,Occasional
R008517,Metroville,2022-03-23,Power
R008518,Metroville,2022-06-15,Power
R008519,Metroville,2022-12-09,Regular
R008520,Capital City,2022-10-08,Occasional
R008521,Metroville,2021-06-29,Occasional
R008522,Metroville,2021-10-02,New
R008523,Metroville,2021-02-07,Occasional
R008524,Metroville,2021-02-13,Power
R008525,Metroville,2022-10-04,Regular
R008526,Metroville,2021-07-26,Regular
R008527,Metroville,2021-11-24,Regular
R008528,Metroville,2022-06-16,Regular
R008529,Metroville,2021-08-17,Power
R008530,Capital City,2022-02-10,Regular
R008531,Metroville,2021-04-24,Occasional
R008532,Capital City,2021-04-22,Regular
R008533,Capital City,2021-07-27,Occasional
R008534,Metroville,2022-11-05,Power
R008535,Capital City,2021-02-18,Power
R008536,Metroville,2021-12-28,Occasional
R008537,Capital City,2021-11-20,Regular
R008538,Metroville,2022-08-03,Regular
R008539,Metroville,2021-10-21,Regular
R008540,Capital City,2021-12-19,Power
R008541,Metroville,2021-12-02,Occasional
R008542,Metroville,2021-12-16,Power
R008543,Metroville,2022-12-20,New
R008544,Capital City,2022-03-16,Regular
R008545,Metroville,2022-01-13,Power
R008546,Metroville,2022-01-07,Occasional
R008547,Capital City,2022-02-20,Regular
R008548,Capital City,2021-10-02,Power
R008549,Capital City,2021-06-06,Regular
R008550,Metroville,2022-10-04,Regular
R008551,Capital City,2022-05-26,Power
R008552,Capital City,2021-10-04,Regular
R008553,Metroville,2021-11-02,New
R008554,Capital City,2021-10-05,Power
R008555,Capital City,2022-03-12,Power
R008556,Capital City,2022-07-18,Occasional
R008557,Metroville,2021-10-24,Power
R008558,Capital City,2021-11-03,Regular
R008559,Metroville,2022-08-12,Regular
R008560,Metroville,2021-05-10,Regular
R008561,Metroville,2021-04-29,Occasional
R008562,Metroville,2022-10-05,Power
R008563,Metroville,2022-08-07,Occasional
R008564,Metroville,2022-06-03,Regular
R008565,Metroville,2022-02-25,Power
R008566,Capital City,2021-09-02,Regular
R008567,Capital City,2021-07-13,Regular
R008568,Capital City,2022-01-23,Power
R008569,Metroville,2022-10-26,Occasional
R008570,Capital City,2021-05-07,New
R008571,Capital City,2021-12-13,Power
R008572,Metroville,2022-10-03,Occasional
R008573,Capital City,2022-12-26,Occasional
R008574,Capital City,2021-11-08,Regular
R008575,Metroville,2021-03-18,Regular
R008576,Metroville,2022-03-28,Occasional
R008577,Capital City,2021-11-03,Occasional
R008578,Capital City,2022-07-06,Regular
R008579,Capital City,2021-06-11,Occasional
R008580,Capital City,2021-09-15,Regular
R008581,Metroville,2021-01-04,Occasional
R008582,Metroville,2021-05-30,Power
R008583,Capital City,2022-08-14,Power
R008584,Capital City,2022-06-11,Power
R008585,Capital City,2022-06-25,Regular
R008586,Metroville,2021-12-07,Regular
R008587,Metroville,2022-03-11,Regular
R008588,Metroville,2021-06-13,New
R008589,Metroville,2021-08-17,Regular
R008590,Capital City,2022-11-19,Power
R008591,Capital City,2022-02-26,Occasional
R008592,Metroville,2021-05-12,Regular
R008593,Metroville,2022-02-24,Regular
R008594,Metroville,2021-08-14,Power
R008595,Metroville,2021-06-08,Regular
R008596,Metroville,2021-09-14,New
R008597,Metroville,2022-05-17,Occasional
R008598,Metroville,2022-12-05,Occasional
R008599,Metroville,2022-12-30,Occasional
R008600,Metroville,2022-07-28,New
R008601,Metroville,2022-04-08,New
R008602,Metroville,2022-02-28,Regular
R008603,Metroville,2021-03-17,Occasional
R008604,Metroville,2021-03-21,Occasional
R008605,Capital City,2021-09-05,Power
R008606,Capital City,2022-08-27,Regular
R008607,Capital City,2021-03-03,Regular
R008608,Capital City,2021-02-19,Regular
R008609,Metroville,2022-03-13,Power
R008610,Capital City,2021-10-31,Regular
R008611,Metroville,2022-07-02,Occasional
R008612,Capital City,2021-08-16,Occasional
R008613,Capital City,2021-01-27,Regular
R008614,Metroville,2021-03-12,New
R008615,Metroville,2022-04-26,Regular
R008616,Metroville,2022-12-03,Occasional
R008617,Capital City,2022-09-01,New
R008618,Capital City,2022-03-24,Occasional
R008619,Metroville,2021-08-15,Occasional
R008620,Capital City,2022-10-25,Power
R008621,Metroville,2021-04-28,Occasional
R008622,Metroville,2021-12-27,Regular
R008623,Metroville,2021-05-16,Occasional
R008624,Metroville,2021-08-27,New
R008625,Capital City,2021-06-01,Power
R008626,Metroville,2021-10-12,Occasional
R008627,Metroville,2022-04-12,Regular
R008628,Metroville,2021-03-29,New
R008629,Metroville,2021-01-29,Power
R008630,Capital City,2021-09-01,New
R008631,Capital City,2021-01-21,Regular
R008632,Capital City,2022-09-01,Regular
R008633,Capital City,2021-12-15,Regular
R008634,Metroville,2021-07-26,Occasional
R008635,Metroville,2021-05-22,Occasional
R008636,Metroville,2022-12-15,Power
R008637,Metroville,2022-04-11,Regular
R008638,Metroville,2022-07-19,Occasional
R008639,Metroville,2021-05-16,New
R008640,Metroville,2022-11-03,Regular
R008641,Metroville,2022-08-05,Regular
R008642,Metroville,2022-02-08,New
R008643,Metroville,2021-09-16,Occasional
R008644,Capital City,2021-01-22,Regular
R008645,Capital City,2022-08-16,Occasional
R008646,Metroville,2022-01-01,Power
R008647,Metroville,2022-07-18,Power
R008648,Metroville,2022-11-08,Occasional
R008649,Capital City,2022-03-28,Power
R008650,Capital City,2021-12-28,New
R008651,Metroville,2021-10-29,Occasional
R008652,Metroville,2021-03-21,Regular
R008653,Capital City,2022-01-02,Regular
R008654,Metroville,2022-11-13,New
R008655,Metroville,2022-03-11,Regular
R008656,Metroville,2022-03-09,Occasional
R008657,Capital City,2021-07-08,Occasional
R008658,Metroville,2021-03-18,New
R008659,Metroville,2022-10-15,Occasional
R008660,Capital City,2021-07-24,Occasional
R008661,Metroville,2022-06-17,Regular
R008662,Capital City,2021-03-29,Regular
R008663,Metroville,2022-06-28,Power
R008664,Metroville,2022-09-27,Regular
R008665,Capital City,2021-04-28,Regular
R008666,Capital City,2022-07-14,Occasional
R008667,Metroville,2021-06-24,Power
R008668,Metroville,2022-02-05,Power
R008669,Metroville,2022-02-12,Regular
R008670,Metroville,2021-01-30,Regular
R008671,Capital City,2022-02-27,Occasional
R008672,Capital City,2022-03-30,Regular
R008673,Metroville,2021-01-30,Occasional
R008674,Metroville,2021-01-17,Occasional
R008675,Capital City,2021-01-27,Regular
R008676,Capital City,2021-12-26,New
R008677,Capital City,2022-09-25,Regular
R008678,Metroville,2021-07-03,Regular
R008679,Metroville,2021-05-18,Regular
R008680,Capital City,2022-01-06,Occasional
R008681,Metroville,2022-08-07,Regular
R008682,Capital City,2022-12-19,Regular
R008683,Capital City,2022-08-14,Power
R008684,Capital City,2021-07-20,Power
R008685,Capital City,2022-03-19,Regular
R008686,Metroville,2021-12-16,Regular
R008687,Metroville,2021-08-23,Occasional
R008688,Metroville,2021-11-06,Power
R008689,Metroville,2022-01-18,Occasional
R008690,Capital City,2022-07-19,Regular
R008691,Capital City,2022-09-19,New
R008692,Metroville,2022-05-23,Occasional
R008693,Metroville,2022-07-27,New
R008694,Capital City,2021-08-04,Occasional
R008695,Capital City,2022-05-20,Regular
R008696,Capital City,2022-06-23,Power
R008697,Capital City,2021-06-08,New
R008698,Metroville,2021-04-13,Power
R008699,Metroville,2021-01-25,Occasional
R008700,Metroville,2021-07-12,Power
R008701,Capital City,2021-07-06,New
R008702,Metroville,2021-01-02,New
R008703,Capital City,2021-06-16,Occasional
R008704,Metroville,2021-01-12,Occasional
R008705,Metroville,2022-09-07,Occasional
R008706,Metroville,2021-10-31,Regular
R008707,Metroville,2021-09-17,Regular
R008708,Metroville,2022-10-15,Power
R008709,Metroville,2022-09-04,Regular
R008710,Metroville,2022-08-20,Occasional
R008711,Capital City,2022-12-15,Regular
R008712,Metroville,2021-08-28,Power
R008713,Metroville,2022-01-10,Regular
R008714,Metroville,2022-02-16,Regular
R008715,Capital City,2021-01-24,Regular
R008716,Capital City,2021-12-26,Power
R008717,Metroville,2022-08-12,Regular
R008718,Metroville,2021-10-06,Occasional
R008719,Metroville,2021-04-30,Occasional
R008720,Metroville,2021-07-15,Power
R008721,Metroville,2022-01-16,Occasional
R008722,Capital City,2022-07-09,Regular
R008723,Metroville,2021-01-05,Regular
R008724,Metroville,2022-02-24,Occasional
R008725,Metroville,2022-12-03,Occasional
R008726,Capital City,2022-09-02,Regular
R008727,Metroville,2022-05-19,Regular
R008728,Metroville,2022-08-23,Occasional
R008729,Capital City,2021-01-21,Regular
R008730,Metroville,2022-08-09,Regular
R008731,Metroville,2021-01-27,Regular
R008732,Capital City,2022-05-14,Regular
R008733,Metroville,2022-02-21,Occasional
R008734,Metroville,2022-08-26,Regular
R008735,Capital City,2022-06-01,Regular
R008736,Capital City,2022-08-21,Regular
R008737,Metroville,2022-10-13,Regular
R008738,Metroville,2021-10-23,Regular
R008739,Metroville,2021-01-24,Power
R008740,Capital City,2022-09-09,Regular
R008741,Metroville,2022-10-14,Power
R008742,Capital City,2022-12-13,Regular
R008743,Capital City,2021-08-24,Regular
R008744,Metroville,2021-10-17,Occasional
R008745,Capital City,2022-11-19,Power
R008746,Capital City,2022-06-14,Regular
R008747,Capital City,2022-09-13,Regular
R008748,Metroville,2022-11-29,Occasional
R008749,Metroville,2021-02-25,Occasional
R008750,Metroville,2021-07-25,Power
R008751,Metroville,2021-05-04,Regular
R008752,Capital City,2022-11-02,Regular
R008753,Capital City,2021-09-08,Occasional
R008754,Metroville,2022-09-02,Occasional
R008755,Metroville,2022-04-17,Power
R008756,Metroville,2022-11-18,Occasional
R008757,Metroville,2022-10-26,Occasional
R008758,Capital City,2022-02-27,Power
R008759,Capital City,2021-02-17,Occasional
R008760,Capital City,2022-12-22,Occasional
R008761,Metroville,2022-09-25,Occasional
R008762,Metroville,2022-08-28,Power
R008763,Metroville,2021-04-25,Occasional
R008764,Capital City,2022-06-05,Power
R008765,Capital City,2021-05-10,Occasional
R008766,Capital City,2022-06-11,Regular
R008767,Metroville,2022-06-26,Power
R008768,Capital City,2021-02-14,Power
R008769,Metroville,2022-01-07,Power
R008770,Capital City,2022-12-03,Regular
R008771,Metroville,2022-10-01,New
R008772,Metroville,2022-08-05,Power
R008773,Metroville,2022-03-23,New
R008774,Capital City,2021-05-18,Occasional
R008775,Capital City,2022-01-10,Occasional
R008776,Metroville,2022-01-06,Regular
R008777,Metroville,2022-07-21,New
R008778,Capital City,2021-08-07,Regular
R008779,Metroville,2021-04-14,Regular
R008780,Capital City,2022-04-29,Power
R008781,Capital City,2021-08-02,Occasional
R008782,Metroville,2021-05-28,Regular
R008783,Capital City,2022-10-24,Occasional
R008784,Capital City,2022-09-22,Power
R008785,Capital City,2021-05-19,New
R008786,Capital City,2022-12-18,Power
R008787,Metroville,2021-07-09,Regular
R008788,Metroville,2022-05-24,New
R008789,Metroville,2022-06-19,Regular
R008790,Metroville,2022-03-19,New
R008791,Metroville,2022-07-10,Regular
R008792,Metroville,2021-06-30,New
R008793,Metroville,2022-12-28,Regular
R008794,Capital City,2022-09-22,Occasional
R008795,Metroville,2022-05-27,Occasional
R008796,Metroville,2021-08-03,New
R008797,Metroville,2021-01-07,Regular
R008798,Capital City,2021-09-02,New
R008799,Metroville,2021-12-22,Regular
R008800,Capital City,2021-01-17,New
R008801,Metroville,2021-05-08,Occasional
R008802,Metroville,2022-06-26,Occasional
R008803,Metroville,2021-10-08,Regular
R008804,Metroville,2021-02-11,Occasional
R008805,Metroville,2022-09-14,Occasional
R008806,Metroville,2022-06-30,Regular
R008807,Capital City,2022-01-03,Regular
R008808,Capital City,2021-12-09,Regular
R008809,Metroville,2021-10-24,Occasional
R008810,Capital City,2022-05-27,Regular
R008811,Metroville,2021-07-24,Occasional
R008812,Capital City,2022-05-13,Power
R008813,Metroville,2021-11-10,Occasional
R008814,Capital City,2022-09-08,Occasional
R008815,Capital City,2022-02-14,Power
R008816,Capital City,2022-08-28,Occasional
R008817,Metroville,2021-09-11,Occasional
R008818,Metroville,2022-09-11,Occasional
R008819,Metroville,2021-07-18,Regular
R008820,Metroville,2022-08-15,Power
R008821,Metroville,2021-08-12,Occasional
R008822,Metroville,2021-12-28,Regular
R008823,Capital City,2021-01-10,Power
R008824,Metroville,2022-03-12,New
R008825,Metroville,2021-06-10,Power
R008826,Metroville,2022-11-21,Regular
R008827,Metroville,2022-10-09,Power
R008828,Metroville,2022-01-31,New
R008829,Metroville,2021-08-14,Power
R008830,Metroville,2022-09-05,Power
R008831,Metroville,2021-12-03,Occasional
R008832,Capital City,2022-03-17,Power
R008833,Capital City,2021-09-21,Regular
R008834,Metroville,2021-04-27,Occasional
R008835,Metroville,2022-02-16,Occasional
R008836,Metroville,2021-01-28,New
R008837,Capital City,2021-10-04,Regular
R008838,Metroville,2022-05-15,Occasional
R008839,Capital City,2021-06-13,Regular
R008840,Capital City,2021-11-10,Regular
R008841,Metroville,2022-03-10,New
R008842,Capital City,2021-10-20,Regular
R008843,Metroville,2022-06-22,Power
R008844,Metroville,2022-10-22,Power
R008845,Capital City,2021-09-01,New
R008846,Metroville,2021-02-05,Regular
R008847,Capital City,2021-12-21,Regular
R008848,Metroville,2022-07-02,Occasional
R008849,Metroville,2022-12-19,New
R008850,Capital City,2021-02-10,Power
R008851,Capital City,2021-08-16,Regular
R008852,Metroville,2021-02-12,New
R008853,Metroville,2022-09-16,Power
R008854,Capital City,2021-11-22,Regular
R008855,Capital City,2021-10-10,Regular
R008856,Metroville,2021-07-15,New
R008857,Capital City,2021-02-26,Occasional
R008858,Metroville,2021-02-08,Regular
R008859,Metroville,2022-10-06,Regular
R008860,Metroville,2022-09-01,Occasional
R008861,Capital City,2022-08-08,Regular
R008862,Metroville,2021-11-23,Power
R008863,Capital City,2021-11-17,Power
R008864,Metroville,2021-01-20,Regular
R008865,Metroville,2021-05-07,Occasional
R008866,Metroville,2022-09-19,Occasional
R008867,Metroville,2022-07-13,Occasional
R008868,Capital City,2022-10-27,Occasional
R008869,Capital City,2021-12-25,Occasional
R008870,Metroville,2022-06-12,Regular
R008871,Metroville,2022-01-20,Regular
R008872,Capital City,2022-06-10,Power
R008873,Metroville,2021-05-02,Regular
R008874,Capital City,2021-11-14,Regular
R008875,Metroville,2022-08-29,Regular
R008876,Capital City,2022-05-08,Regular
R008877,Metroville,2021-10-24,Occasional
R008878,Metroville,2021-08-08,Regular
R008879,Capital City,2022-03-22,Occasional
R008880,Metroville,2021-01-01,Regular
R008881,Capital City,2021-05-16,Power
R008882,Metroville,2021-05-04,Occasional
R008883,Metroville,2022-03-28,Regular
R008884,Metroville,2021-03-13,New
R008885,Metroville,2021-11-18,Power
R008886,Capital City,2022-01-02,Power
R008887,Metroville,2021-09-01,Regular
R008888,Capital City,2021-02-18,New
R008889,Capital City,2021-04-24,Regular
R008890,Metroville,2021-11-13,New
R008891,Metroville,2021-08-23,Occasional
R008892,Metroville,2021-07-27,Regular
R008893,Metroville,2022-03-22,Regular
R008894,Metroville,2022-08-04,Occasional
R008895,Metroville,2021-09-23,Regular
R008896,Capital City,2022-09-13,Occasional
R008897,Metroville,2022-08-29,New
R008898,Capital City,2022-04-20,Regular
R008899,Metroville,2021-08-18,Occasional
R008900,Metroville,2021-08-10,New
R008901,Capital City,2022-05-10,Power
R008902,Metroville,2021-03-29,Regular
R008903,Capital City,2022-08-17,Occasional
R008904,Metroville,2022-12-02,New
R008905,Metroville,2022-09-22,Regular
R008906,Capital City,2022-11-08,Regular
R008907,Metroville,2022-10-24,Regular
R008908,Capital City,2021-08-09,Regular
R008909,Metroville,2021-02-06,Occasional
R008910,Capital City,2022-12-05,Regular
R008911,Capital City,2022-07-02,Regular
R008912,Capital City,2021-12-06,Occasional
R008913,Metroville,2021-04-22,New
R008914,Metroville,2021-02-05,Regular
R008915,Metroville,2022-02-01,Occasional
R008916,Metroville,2022-07-29,Regular
R008917,Metroville,2022-02-25,Occasional
R008918,Metroville,2021-04-05,Regular
R008919,Metroville,2021-04-03,Occasional
R008920,Capital City,2022-09-25,New
R008921,Capital City,2022-10-15,Regular
R008922,Capital City,2021-02-24,Regular
R008923,Capital City,2021-07-18,Regular
R008924,Metroville,2021-08-15,Regular
R008925,Metroville,2021-09-11,Power
R008926,Capital City,2022-06-09,Power
R008927,Capital City,2022-03-07,Occasional
R008928,Metroville,2021-02-23,Power
R008929,Metroville,2021-08-10,New
R008930,Metroville,2021-08-17,Occasional
R008931,Capital City,2021-08-03,Regular
R008932,Metroville,2022-04-09,Regular
R008933,Capital City,2021-06-25,Regular
R008934,Metroville,2022-01-15,Regular
R008935,Metroville,2021-06-27,Occasional
R008936,Metroville,2021-06-21,Power
R008937,Capital City,2022-12-14,Regular
R008938,Capital City,2022-11-30,Occasional
R008939,Metroville,2021-10-18,Regular
R008940,Metroville,2022-09-02,Occasional
R008941,Metroville,2021-12-05,Power
R008942,Metroville,2021-09-28,Occasional
R008943,Metroville,2022-02-13,Occasional
R008944,Metroville,2021-12-12,Occasional
R008945,Capital City,2021-10-05,New
R008946,Metroville,2021-09-18,Occasional
R008947,Capital City,2022-11-26,Occasional
R008948,Metroville,2022-11-29,Occasional
R008949,Metroville,2022-07-04,Power
R008950,Metroville,2021-06-10,Regular
R008951,Metroville,2021-02-25,Regular
R008952,Capital City,2022-02-25,Regular
R008953,Metroville,2021-01-08,Power
R008954,Metroville,2022-07-17,Occasional
R008955,Metroville,2021-08-16,Occasional
R008956,Metroville,2021-10-17,Regular
R008957,Capital City,2022-08-17,Power
R008958,Metroville,2022-02-16,Regular
R008959,Metroville,2021-11-29,Power
R008960,Metroville,2021-08-20,Power
R008961,Metroville,2022-09-11,Power
R008962,Metroville,2021-05-29,Occasional
R008963,Metroville,2021-02-09,New
R008964,Metroville,2021-08-17,Regular
R008965,Metroville,2021-02-25,Power
R008966,Capital City,2021-06-13,Occasional
R008967,Metroville,2021-01-30,Regular
R008968,Capital City,2021-06-28,New
R008969,Capital City,2021-05-26,Occasional
R008970,Capital City,2021-09-07,Power
R008971,Capital City,2021-09-01,Regular
R008972,Capital City,2021-06-05,Occasional
R008973,Metroville,2022-07-25,Regular
R008974,Metroville,2021-08-01,Occasional
R008975,Metroville,2022-11-05,Regular
R008976,Capital City,2021-11-27,Occasional
R008977,Metroville,2022-04-07,Regular
R008978,Capital City,2021-08-13,New
R008979,Metroville,2021-05-06,Power
R008980,Metroville,2021-12-11,Power
R008981,Metroville,2021-04-10,Regular
R008982,Metroville,2021-02-08,Regular
R008983,Metroville,2022-01-05,New
R008984,Capital City,2022-03-16,Occasional
R008985,Metroville,2022-02-07,Regular
R008986,Metroville,2022-10-31,Occasional
R008987,Metroville,2022-12-04,New
R008988,Metroville,2021-05-07,Regular
R008989,Metroville,2022-11-16,Regular
R008990,Metroville,2022-08-23,New
R008991,Metroville,2021-12-22,Regular
R008992,Capital City,2022-01-09,Regular
R008993,Capital City,2021-05-14,Occasional
R008994,Metroville,2022-12-05,Power
R008995,Capital City,2021-04-01,Regular
R008996,Metroville,2022-01-17,Power
R008997,Metroville,2021-12-08,Occasional
R008998,Capital City,2022-09-24,Occasional
R008999,Capital City,2021-10-20,New
R009000,Capital City,2022-01-13,Power
R009001,Capital City,2022-01-01,Occasional
R009002,Metroville,2021-11-06,New
R009003,Capital City,2022-01-07,Regular
R009004,Metroville,2022-11-05,Power
R009005,Metroville,2021-02-23,Regular
R009006,Capital City,2022-04-26,Power
R009007,Capital City,2022-04-23,New
R009008,Metroville,2022-05-06,Power
R009009,Metroville,2021-03-09,Power
R009010,Metroville,2022-02-16,Regular
R009011,Metroville,2021-05-05,Regular
R009012,Capital City,2022-10-07,Power
R009013,Capital City,2021-01-27,Power
R009014,Metroville,2022-10-26,New
R009015,Capital City,2022-02-23,New
R009016,Metroville,2022-09-06,Occasional
R009017,Capital City,2022-01-21,Regular
R009018,Capital City,2022-07-12,Power
R009019,Metroville,2022-12-12,New
R009020,Capital City,2021-06-29,Occasional
R009021,Metroville,2022-02-02,Power
R009022,Metroville,2022-11-24,Regular
R009023,Capital City,2021-09-17,Occasional
R009024,Capital City,2021-02-27,Regular
R009025,Metroville,2021-10-26,Power
R009026,Metroville,2021-05-30,Power
R009027,Capital City,2021-07-23,New
R009028,Metroville,2021-10-27,Occasional
R009029,Capital City,2022-04-03,Occasional
R009030,Metroville,2022-12-12,Occasional
R009031,Metroville,2021-01-19,Power
R009032,Capital City,2021-09-08,Power
R009033,Metroville,2021-05-09,New
R009034,Metroville,2022-12-10,Occasional
R009035,Capital City,2022-02-11,Power
R009036,Capital City,2021-12-11,Power
R009037,Capital City,2021-05-27,Power
R009038,Metroville,2021-11-28,Power
R009039,Capital City,2022-02-05,Regular
R009040,Metroville,2021-05-25,Occasional
R009041,Metroville,2022-09-23,Occasional
R009042,Capital City,2021-08-19,Power
R009043,Capital City,2022-09-21,Occasional
R009044,Metroville,2021-01-24,Regular
R009045,Metroville,2021-02-09,Regular
R009046,Capital City,2022-06-05,Occasional
R009047,Metroville,2022-01-22,Regular
R009048,Metroville,2021-08-11,Occasional
R009049,Metroville,2021-08-05,Power
R009050,Metroville,2021-02-17,Regular
R009051,Metroville,2022-01-19,Occasional
R009052,Metroville,2022-07-15,Regular
R009053,Metroville,2021-04-12,Occasional
R009054,Metroville,2022-03-01,Regular
R009055,Metroville,2021-12-25,Regular
R009056,Metroville,2021-10-12,Regular
R009057,Metroville,2022-06-09,Occasional
R009058,Metroville,2021-08-11,Regular
R009059,Metroville,2021-03-22,Power
R009060,Capital City,2022-10-16,Power
R009061,Capital City,2021-07-02,Power
R009062,Capital City,2022-05-27,Occasional
R009063,Metroville,2022-03-13,Regular
R009064,Capital City,2022-04-05,Power
R009065,Metroville,2022-11-14,New
R009066,Metroville,2022-03-03,Occasional
R009067,Metroville,2021-05-24,Occasional
R009068,Metroville,2021-11-16,New
R009069,Capital City,2022-05-15,Power
R009070,Metroville,2021-04-02,Power
R009071,Metroville,2022-09-29,Regular
R009072,Capital City,2021-05-19,Regular
R009073,Metroville,2022-09-26,Regular
R009074,Capital City,2021-05-05,Regular
R009075,Capital City,2022-01-22,Occasional
R009076,Capital City,2022-03-28,Power
R009077,Metroville,2022-10-25,Regular
R009078,Metroville,2021-05-31,Occasional
R009079,Capital City,2021-07-07,Regular
R009080,Metroville,2021-09-02,New
R009081,Capital City,2021-10-21,New
R009082,Capital City,2022-06-01,New
R009083,Capital City,2022-01-11,Occasional
R009084,Capital City,2022-10-15,Occasional
R009085,Metroville,2021-03-05,Regular
R009086,Capital City,2022-02-26,Power
R009087,Metroville,2021-08-03,Regular
R009088,Capital City,2022-02-28,Power
R009089,Metroville,2021-10-15,Regular
R009090,Capital City,2021-02-21,Regular
R009091,Capital City,2021-06-28,Regular
R009092,Metroville,2022-02-15,Regular
R009093,Metroville,2022-06-11,Regular
R009094,Metroville,2021-11-03,New
R009095,Metroville,2021-11-16,Power
R009096,Metroville,2022-04-19,Occasional
R009097,Metroville,2021-04-02,Regular
R009098,Metroville,2021-07-23,Occasional
R009099,Capital City,2021-09-24,New
R009100,Capital City,2021-02-13,Occasional
R009101,Capital City,2021-06-20,Occasional
R009102,Capital City,2022-07-01,Power
R009103,Metroville,2022-12-13,Regular
R009104,Metroville,2021-03-30,New
R009105,Metroville,2021-01-11,New
R009106,Metroville,2021-07-22,Regular
R009107,Metroville,2022-06-24,Occasional
R009108,Capital City,2021-05-21,Regular
R009109,Capital City,2021-08-08,Regular
R009110,Metroville,2022-05-28,New
R009111,Metroville,2021-02-24,Occasional
R009112,Capital City,2021-09-10,Power
R009113,Metroville,2022-04-02,Occasional
R009114,Capital City,2021-03-19,New
R009115,Capital City,2021-07-05,Regular
R009116,Metroville,2021-04-12,Occasional
R009117,Capital City,2021-10-14,Regular
R009118,Metroville,2021-06-01,New
R009119,Metroville,2021-03-31,Regular
R009120,Metroville,2022-11-01,Regular
R009121,Metroville,2021-07-16,Regular
R009122,Metroville,2022-06-10,Regular
R009123,Metroville,2021-12-24,Occasional
R009124,Metroville,2021-09-15,Occasional
R009125,Metroville,2022-08-03,Regular
R009126,Metroville,2022-04-30,Regular
R009127,Capital City,2022-07-31,Occasional
R009128,Capital City,2021-01-30,Regular
R009129,Metroville,2022-02-28,Regular
R009130,Capital City,2021-10-13,Regular
R009131,Metroville,2021-11-07,Regular
R009132,Metroville,2022-02-09,Power
R009133,Metroville,2022-10-28,New
R009134,Capital City,2021-03-23,Occasional
R009135,Metroville,2022-06-07,Occasional
R009136,Metroville,2021-11-05,Occasional
R009137,Capital City,2022-04-03,New
R009138,Capital City,2022-03-14,Occasional
R009139,Metroville,2021-03-11,Regular
R009140,Metroville,2022-07-21,New
R009141,Capital City,2022-04-14,Regular
R009142,Metroville,2021-01-28,Occasional
R009143,Capital City,2021-04-26,Occasional
R009144,Metroville,2022-05-05,Power
R009145,Capital City,2021-11-12,Regular
R009146,Capital City,2022-05-02,Occasional
R009147,Metroville,2022-09-07,Occasional
R009148,Capital City,2022-08-01,Occasional
R009149,Metroville,2022-06-19,Power
R009150,Metroville,2022-12-04,New
R009151,Capital City,2022-04-25,Regular
R009152,Metroville,2022-02-18,Power
R009153,Metroville,2021-09-13,Occasional
R009154,Metroville,2021-08-22,New
R009155,Metroville,2021-06-07,Regular
R009156,Metroville,2021-10-12,Power
R009157,Metroville,2021-10-26,Regular
R009158,Capital City,2021-03-10,New
R009159,Metroville,2022-11-25,Power
R009160,Capital City,2022-06-09,Regular
R009161,Metroville,2022-07-22,Occasional
R009162,Capital City,2022-03-28,Regular
R009163,Metroville,2022-08-15,Regular
R009164,Metroville,2022-12-03,Regular
R009165,Metroville,2022-04-12,Occasional
R009166,Capital City,2022-03-23,Occasional
R009167,Metroville,2021-02-26,Occasional
R009168,Metroville,2021-06-17,Power
R009169,Capital City,2022-07-05,Regular
R009170,Metroville,2021-03-13,Occasional
R009171,Capital City,2022-11-19,Occasional
R009172,Capital City,2021-08-22,New
R009173,Metroville,2022-12-12,Power
R009174,Capital City,2022-11-06,New
R009175,Capital City,2022-10-08,Regular
R009176,Metroville,2022-02-14,Power
R009177,Capital City,2021-04-25,Power
R009178,Metroville,2022-03-02,Occasional
R009179,Metroville,2022-10-28,Occasional
R009180,Metroville,2021-11-11,Regular
R009181,Metroville,2021-12-25,Occasional
R009182,Metroville,2021-02-13,Regular
R009183,Metroville,2021-02-27,Regular
R009184,Capital City,2022-10-01,Regular
R009185,Metroville,2021-11-21,Power
R009186,Capital City,2022-08-11,New
R009187,Capital City,2022-05-05,Power
R009188,Metroville,2022-09-09,Power
R009189,Capital City,2021-05-27,Occasional
R009190,Capital City,2021-08-07,Occasional
R009191,Metroville,2022-08-31,Regular
R009192,Capital City,2021-07-16,Occasional
R009193,Metroville,2021-02-20,New
R009194,Metroville,2021-05-17,Regular
R009195,Capital City,2021-07-13,New
R009196,Metroville,2022-04-19,Power
R009197,Metroville,2021-08-11,Occasional
R009198,Metroville,2022-10-01,Occasional
R009199,Metroville,2022-05-03,Regular
R009200,Capital City,2021-04-27,Regular
R009201,Capital City,2022-08-29,Occasional
R009202,Capital City,2022-02-15,Occasional
R009203,Metroville,2022-01-29,Regular
R009204,Capital City,2021-05-13,Power
R009205,Metroville,2021-11-28,Occasional
R009206,Metroville,2022-05-05,Power
R009207,Capital City,2021-10-25,Power
R009208,Capital City,2022-05-23,Power
R009209,Metroville,2022-08-07,Power
R009210,Capital City,2022-09-14,Power
R009211,Metroville,2022-07-06,Regular
R009212,Metroville,2022-05-27,Occasional
R009213,Metroville,2022-03-26,Regular
R009214,Metroville,2021-10-08,Regular
R009215,Metroville,2021-11-09,Regular
R009216,Capital City,2022-04-16,New
R009217,Metroville,2021-05-08,New
R009218,Capital City,2022-11-05,Regular
R009219,Metroville,2021-08-17,Occasional
R009220,Metroville,2021-07-04,New
R009221,Metroville,2021-12-14,Regular
R009222,Capital City,2021-01-15,Regular
R009223,Capital City,2022-09-08,Regular
R009224,Metroville,2022-02-11,Occasional
R009225,Metroville,2021-06-22,Occasional
R009226,Metroville,2021-10-25,Occasional
R009227,Capital City,2021-09-02,Regular
R009228,Capital City,2021-02-01,Regular
R009229,Metroville,2022-04-24,Occasional
R009230,Metroville,2022-03-23,Occasional
R009231,Metroville,2022-08-06,Power
R009232,Capital City,2021-12-26,Regular
R009233,Metroville,2021-09-02,Power
R009234,Metroville,2021-12-21,Regular
R009235,Metroville,2022-02-20,Regular
R009236,Metroville,2022-12-11,Power
R009237,Metroville,2021-03-12,Occasional
R009238,Capital City,2021-04-21,Occasional
R009239,Metroville,2022-11-27,Regular
R009240,Capital City,2021-02-22,Occasional
R009241,Metroville,2022-11-07,Power
R009242,Capital City,2021-01-24,New
R009243,Metroville,2021-02-13,Occasional
R009244,Metroville,2022-05-01,Regular
R009245,Capital City,2022-04-17,Occasional
R009246,Capital City,2021-06-15,Regular
R009247,Metroville,2021-12-04,Occasional
R009248,Metroville,2022-02-19,Power
R009249,Capital City,2021-03-18,Regular
R009250,Metroville,2021-01-14,Regular
R009251,Capital City,2021-12-26,Regular
R009252,Capital City,2021-01-30,Occasional
R009253,Capital City,2022-08-30,New
R009254,Metroville,2021-07-03,Occasional
R009255,Metroville,2022-05-04,Occasional
R009256,Metroville,2021-10-05,Occasional
R009257,Capital City,2021-11-30,Power
R009258,Capital City,2022-12-24,Regular
R009259,Capital City,2021-11-25,Regular
R009260,Metroville,2022-04-15,Regular
R009261,Metroville,2022-02-27,Regular
R009262,Metroville,2022-10-01,Power
R009263,Metroville,2022-05-05,Power
R009264,Metroville,2022-03-03,Regular
R009265,Metroville,2022-05-31,Occasional
R009266,Metroville,2022-07-21,Regular
R009267,Metroville,2021-10-09,Regular
R009268,Capital City,2021-03-26,Occasional
R009269,Metroville,2022-02-11,Power
R009270,Metroville,2021-03-13,New
R009271,Capital City,2021-11-11,Power
R009272,Metroville,2022-11-28,Occasional
R009273,Metroville,2022-03-27,Occasional
R009274,Metroville,2022-10-11,Occasional
R009275,Capital City,2021-08-16,Regular
R009276,Capital City,2021-09-06,Power
R009277,Metroville,2021-11-05,Occasional
R009278,Metroville,2022-01-26,Power
R009279,Metroville,2021-10-26,Occasional
R009280,Capital City,2022-09-21,Power
R009281,Capital City,2022-07-21,Occasional
R009282,Metroville,2021-01-16,Regular
R009283,Metroville,2022-04-09,Power
R009284,Capital City,2021-08-01,New
R009285,Capital City,2022-10-26,Occasional
R009286,Metroville,2022-01-06,Regular
R009287,Metroville,2021-10-28,New
R009288,Metroville,2021-04-25,New
R009289,Capital City,2021-06-20,Occasional
R009290,Metroville,2022-02-01,Regular
R009291,Metroville,2021-09-24,New
R009292,Metroville,2021-01-20,Power
R009293,Capital City,2022-12-04,Regular
R009294,Capital City,2022-11-09,Occasional
R009295,Capital City,2021-03-16,Regular
R009296,Metroville,2021-03-16,Regular
R009297,Metroville,2022-06-27,New
R009298,Capital City,2021-03-27,Power
R009299,Metroville,2021-10-04,Regular
R009300,Capital City,2021-03-16,Regular
R009301,Metroville,2022-08-15,Occasional
R009302,Metroville,2022-12-29,Occasional
R009303,Metroville,2021-11-17,Occasional
R009304,Capital City,2022-06-11,Regular
R009305,Capital City,2021-03-29,Occasional
R009306,Capital City,2022-02-23,Regular
R009307,Capital City,2022-02-14,Occasional
R009308,Capital City,2021-05-22,Occasional
R009309,Metroville,2022-10-09,Power
R009310,Metroville,2022-09-10,Regular
R009311,Capital City,2022-07-24,Occasional
R009312,Metroville,2022-04-21,Occasional
R009313,Capital City,2021-07-22,New
R009314,Metroville,2021-01-01,Regular
R009315,Capital City,2021-03-08,New
R009316,Capital City,2022-08-21,Regular
R009317,Capital City,2021-05-03,New
R009318,Metroville,2021-01-29,Occasional
R009319,Capital City,2021-11-07,Occasional
R009320,Capital City,2022-02-08,Power
R009321,Capital City,2021-09-26,Power
R009322,Metroville,2021-08-30,Regular
R009323,Capital City,2022-08-18,Occasional
R009324,Metroville,2022-04-10,Occasional
R009325,Metroville,2022-07-08,Occasional
R009326,Metroville,2021-01-28,Regular
R009327,Capital City,2021-05-04,New
R009328,Capital City,2022-01-31,Occasional
R009329,Capital City,2022-03-19,New
R009330,Metroville,2022-06-12,Power
R009331,Metroville,2022-10-07,Power
R009332,Metroville,2021-11-03,Occasional
R009333,Metroville,2021-12-21,Occasional
R009334,Capital City,2022-06-29,Power
R009335,Capital City,2021-11-25,Power
R009336,Metroville,2021-12-11,Power
R009337,Metroville,2021-05-27,Power
R009338,Metroville,2022-05-17,Occasional
R009339,Capital City,2022-12-11,Power
R009340,Capital City,2022-12-09,New
R009341,Metroville,2021-06-09,New
R009342,Capital City,2021-03-10,Regular
R009343,Metroville,2021-04-15,Regular
R009344,Capital City,2021-03-31,Regular
R009345,Metroville,2022-05-12,Regular
R009346,Metroville,2022-10-02,New
R009347,Capital City,2021-09-15,Occasional
R009348,Metroville,2022-06-12,Regular
R009349,Capital City,2022-04-08,Regular
R009350,Metroville,2021-01-13,New
R009351,Metroville,2022-07-13,Power
R009352,Metroville,2022-11-12,New
R009353,Metroville,2021-11-17,Regular
R009354,Metroville,2021-04-09,Power
R009355,Capital City,2021-10-19,Occasional
R009356,Capital City,2021-04-27,Occasional
R009357,Capital City,2022-04-10,Power
R009358,Metroville,2022-08-02,New
R009359,Metroville,2022-10-02,Regular
R009360,Metroville,2021-12-21,Power
R009361,Capital City,2022-07-11,New
R009362,Capital City,2021-05-31,Power
R009363,Metroville,2022-09-03,Regular
R009364,Metroville,2022-12-18,Regular
R009365,Metroville,2021-07-12,Occasional
R009366,Capital City,2021-10-13,Power
R009367,Capital City,2021-09-24,Power
R009368,Metroville,2021-02-11,Power
R009369,Metroville,2021-08-13,Regular
R009370,Capital City,2022-09-02,Regular
R009371,Metroville,2022-05-17,Regular
R009372,Capital City,2021-01-01,Power
R009373,Metroville,2022-06-07,Power
R009374,Metroville,2022-06-20,Regular
R009375,Metroville,2022-04-04,New
R009376,Metroville,2022-03-13,Occasional
R009377,Metroville,2021-08-13,Regular
R009378,Capital City,2021-12-06,Regular
R009379,Metroville,2022-08-21,Regular
R009380,Metroville,2021-10-17,Occasional
R009381,Metroville,2022-06-04,Regular
R009382,Metroville,2021-04-27,Regular
R009383,Capital City,2022-05-26,New
R009384,Capital City,2022-03-18,Regular
R009385,Capital City,2021-02-07,Power
R009386,Metroville,2022-06-22,New
R009387,Capital City,2021-10-30,Occasional
R009388,Metroville,2022-07-01,New
R009389,Metroville,2021-11-09,New
R009390,Capital City,2022-08-05,Power
R009391,Metroville,2022-12-03,Regular
R009392,Metroville,2022-03-10,New
R009393,Capital City,2022-04-08,Occasional
R009394,Metroville,2022-05-05,Power
R009395,Capital City,2021-04-09,Occasional
R009396,Metroville,2021-09-27,New
R009397,Capital City,2022-04-22,Power
R009398,Metroville,2021-12-19,Occasional
R009399,Capital City,2021-05-15,Power
R009400,Capital City,2021-01-31,Power
R009401,Metroville,2021-03-10,Power
R009402,Metroville,2021-09-19,Occasional
R009403,Metroville,2022-10-06,Power
R009404,Capital City,2022-12-22,Regular
R009405,Metroville,2021-09-08,Power
R009406,Capital City,2022-08-18,Power
R009407,Metroville,2022-02-04,Regular
R009408,Metroville,2021-01-22,Regular
R009409,Metroville,2021-11-20,Regular
R009410,Metroville,2021-01-28,Regular
R009411,Capital City,2022-05-29,Regular
R009412,Metroville,2021-01-01,Power
R009413,Capital City,2021-12-05,Occasional
R009414,Capital City,2021-01-06,Power
R009415,Capital City,2021-10-25,Occasional
R009416,Capital City,2021-04-30,Occasional
R009417,Metroville,2022-04-14,Power
R009418,Metroville,2022-10-19,Power
R009419,Metroville,2022-09-26,Regular
R009420,Capital City,2021-06-10,Regular
R009421,Capital City,2022-11-02,Power
R009422,Capital City,2022-11-09,Occasional
R009423,Capital City,2022-01-26,Power
R009424,Capital City,2022-05-06,Occasional
R009425,Capital City,2021-09-06,Occasional
R009426,Capital City,2022-01-04,Regular
R009427,Metroville,2021-04-21,Occasional
R009428,Metroville,2021-02-14,New
R009429,Metroville,2021-04-29,Power
R009430,Metroville,2021-01-05,Occasional
R009431,Metroville,2022-11-16,Occasional
R009432,Metroville,2022-12-27,Regular
R009433,Capital City,2022-04-17,Regular
R009434,Metroville,2021-08-03,New
R009435,Metroville,2021-04-07,Occasional
R009436,Metroville,2021-12-07,Regular
R009437,Capital City,2022-02-26,Regular
R009438,Capital City,2021-11-23,Power
R009439,Metroville,2021-02-13,Power
R009440,Metroville,2021-12-18,Regular
R009441,Metroville,2022-08-19,Occasional
R009442,Capital City,2021-06-08,Regular
R009443,Capital City,2022-11-20,New
R009444,Metroville,2021-05-17,New
R009445,Capital City,2022-07-02,Regular
R009446,Metroville,2022-04-10,Occasional
R009447,Metroville,2022-07-12,Occasional
R009448,Metroville,2021-08-04,Occasional
R009449,Capital City,2021-08-15,Occasional
R009450,Metroville,2022-01-19,Occasional
R009451,Metroville,2021-09-09,Occasional
R009452,Capital City,2022-08-19,Occasional
R009453,Metroville,2022-10-02,Occasional
R009454,Capital City,2022-02-11,New
R009455,Metroville,2021-01-04,Regular
R009456,Metroville,2021-07-07,Occasional
R009457,Capital City,2021-10-15,Occasional
R009458,Capital City,2022-08-09,Occasional
R009459,Metroville,2022-04-10,Power
R009460,Metroville,2022-09-04,Power
R009461,Metroville,2022-02-15,Regular
R009462,Capital City,2022-11-17,Regular
R009463,Metroville,2022-08-24,Regular
R009464,Capital City,2021-08-08,Occasional
R009465,Metroville,2022-03-20,Occasional
R009466,Metroville,2021-12-28,Power
R009467,Metroville,2021-10-18,New
R009468,Metroville,2022-03-18,New
R009469,Capital City,2022-04-07,Power
R009470,Metroville,2021-04-14,Occasional
R009471,Capital City,2022-04-06,Regular
R009472,Metroville,2021-07-21,Power
R009473,Metroville,2022-02-15,Power
R009474,Metroville,2021-10-12,New
R009475,Metroville,2022-07-17,Occasional
R009476,Capital City,2022-02-12,Regular
R009477,Capital City,2021-08-16,Occasional
R009478,Metroville,2022-07-31,Power
R009479,Metroville,2021-06-11,Power
R009480,Metroville,2021-02-27,Power
R009481,Capital City,2021-03-21,Regular
R009482,Capital City,2021-10-08,Regular
R009483,Metroville,2022-11-08,Regular
R009484,Metroville,2022-06-22,Regular
R009485,Metroville,2022-08-02,Occasional
R009486,Metroville,2022-11-07,Regular
R009487,Capital City,2022-05-11,New
R009488,Metroville,2022-06-28,Power
R009489,Capital City,2022-11-26,New
R009490,Metroville,2021-09-07,Regular
R009491,Capital City,2022-04-10,Power
R009492,Metroville,2022-07-18,Regular
R009493,Capital City,2021-01-09,Occasional
R009494,Capital City,2021-09-10,Regular
R009495,Metroville,2021-10-12,Regular
R009496,Metroville,2022-09-05,Regular
R009497,Capital City,2021-08-13,Occasional
R009498,Capital City,2022-11-21,Regular
R009499,Metroville,2021-10-06,Regular
R009500,Metroville,2022-01-01,Power
R009501,Metroville,2021-01-05,Regular
R009502,Metroville,2021-06-06,Regular
R009503,Capital City,2021-08-23,Occasional
R009504,Capital City,2021-09-20,Occasional
R009505,Metroville,2021-08-15,Regular
R009506,Capital City,2022-09-08,New
R009507,Metroville,2022-08-03,Regular
R009508,Metroville,2022-08-28,Regular
R009509,Metroville,2022-01-09,Regular
R009510,Metroville,2022-09-28,Regular
R009511,Metroville,2022-06-07,Power
R009512,Metroville,2022-03-17,Power
R009513,Metroville,2022-07-01,Occasional
R009514,Metroville,2022-07-13,Occasional
R009515,Metroville,2021-07-30,Regular
R009516,Capital City,2022-03-28,Occasional
R009517,Capital City,2021-06-04,Regular
R009518,Metroville,2021-02-21,Occasional
R009519,Capital City,2021-05-12,Occasional
R009520,Capital City,2022-05-29,Regular
R009521,Capital City,2021-05-14,Regular
R009522,Metroville,2022-12-28,Occasional
R009523,Metroville,2021-07-12,Regular
R009524,Metroville,2021-05-27,Occasional
R009525,Metroville,2022-07-01,Regular
R009526,Metroville,2021-11-01,Regular
R009527,Capital City,2022-10-15,Power
R009528,Metroville,2022-04-24,Power
R009529,Capital City,2021-08-09,Regular
R009530,Metroville,2021-02-07,Power
R009531,Capital City,2022-09-27,Power
R009532,Capital City,2022-01-30,Occasional
R009533,Metroville,2022-12-06,Regular
R009534,Metroville,2022-03-16,Regular
R009535,Metroville,2021-02-03,Regular
R009536,Metroville,2021-02-04,Occasional
R009537,Metroville,2022-08-30,Occasional
R009538,Metroville,2021-11-24,Occasional
R009539,Capital City,2021-12-15,Regular
R009540,Metroville,2021-05-07,Power
R009541,Metroville,2022-09-15,New
R009542,Metroville,2022-02-04,Power
R009543,Capital City,2022-07-28,Occasional
R009544,Metroville,2022-12-03,Power
R009545,Capital City,2022-10-10,New
R009546,Metroville,2021-09-17,New
R009547,Metroville,2021-01-07,Regular
R009548,Metroville,2021-02-25,Regular
R009549,Capital City,2021-08-28,Occasional
R009550,Metroville,2021-09-24,Occasional
R009551,Capital City,2021-03-29,Regular
R009552,Metroville,2022-04-01,Regular
R009553,Metroville,2021-05-03,Regular
R009554,Metroville,2021-02-27,Regular
R009555,Capital City,2022-12-27,Occasional
R009556,Metroville,2022-01-29,Regular
R009557,Metroville,2022-11-18,Regular
R009558,Metroville,2021-03-01,Occasional
R009559,Metroville,2021-04-04,Regular
R009560,Metroville,2021-09-25,Power
R009561,Metroville,2022-02-03,Regular
R009562,Metroville,2021-05-29,Power
R009563,Capital City,2022-08-22,Occasional
R009564,Capital City,2022-05-30,Occasional
R009565,Capital City,2022-11-13,Regular
R009566,Metroville,2021-03-13,Occasional
R009567,Metroville,2022-03-18,Occasional
R009568,Metroville,2022-02-05,Occasional
R009569,Metroville,2022-11-06,Regular
R009570,Capital City,2022-10-21,Power
R009571,Capital City,2021-06-20,New
R009572,Capital City,2021-04-25,Occasional
R009573,Metroville,2021-12-07,Regular
R009574,Metroville,2022-09-29,Power
R009575,Metroville,2021-11-19,Power
R009576,Metroville,2022-04-15,New
R009577,Metroville,2022-07-03,Regular
R009578,Capital City,2022-05-01,Regular
R009579,Metroville,2021-11-19,Regular
R009580,Metroville,2022-10-02,Regular
R009581,Capital City,2022-12-11,Occasional
R009582,Metroville,2022-06-02,Regular
R009583,Capital City,2022-07-19,New
R009584,Metroville,2021-11-30,Regular
R009585,Metroville,2021-11-15,New
R009586,Capital City,2022-03-16,Power
R009587,Metroville,2021-03-10,Occasional
R009588,Metroville,2021-03-03,Regular
R009589,Metroville,2022-07-28,Regular
R009590,Capital City,2022-08-31,Occasional
R009591,Capital City,2022-03-02,Regular
R009592,Capital City,2021-08-17,Power
R009593,Capital City,2021-10-16,New
R009594,Capital City,2022-02-18,Occasional
R009595,Metroville,2021-01-30,Occasional
R009596,Capital City,2021-04-24,Power
R009597,Metroville,2022-08-20,Regular
R009598,Capital City,2021-12-30,Power
R009599,Metroville,2021-02-19,Regular
R009600,Metroville,2022-09-25,Regular
R009601,Metroville,2021-12-21,Regular
R009602,Capital City,2021-07-26,Regular
R009603,Metroville,2022-06-11,New
R009604,Capital City,2021-08-18,Power
R009605,Metroville,2021-10-02,Power
R009606,Metroville,2021-11-30,New
R009607,Capital City,2021-09-01,Regular
R009608,Metroville,2022-04-02,Regular
R009609,Capital City,2021-06-04,Regular
R009610,Capital City,2021-04-27,Regular
R009611,Metroville,2021-10-25,Power
R009612,Capital City,2022-10-01,Power
R009613,Metroville,2021-10-26,Regular
R009614,Metroville,2021-12-20,Occasional
R009615,Metroville,2021-04-13,New
R009616,Metroville,2022-06-25,Regular
R009617,Metroville,2021-10-14,Occasional
R009618,Capital City,2021-03-27,Occasional
R009619,Metroville,2021-10-22,Regular
R009620,Capital City,2022-09-28,Power
R009621,Capital City,2022-11-21,Regular
R009622,Metroville,2021-07-25,Occasional
R009623,Capital City,2022-01-17,Power
R009624,Capital City,2021-09-14,Regular
R009625,Capital City,2021-02-08,Occasional
R009626,Capital City,2022-05-17,Occasional
R009627,Metroville,2021-03-09,Occasional
R009628,Metroville,2021-01-29,Regular
R009629,Capital City,2021-01-01,Regular
R009630,Metroville,2022-07-27,Regular
R009631,Metroville,2021-08-12,Power
R009632,Metroville,2021-07-11,Regular
R009633,Capital City,2021-03-28,Power
R009634,Metroville,2021-03-10,New
R009635,Capital City,2021-07-13,New
R009636,Metroville,2022-10-08,Power
R009637,Metroville,2022-03-10,Regular
R009638,Metroville,2021-09-09,Occasional
R009639,Capital City,2021-10-11,Occasional
R009640,Metroville,2022-10-12,Occasional
R009641,Metroville,2021-08-30,Power
R009642,Metroville,2022-02-28,Occasional
R009643,Capital City,2022-08-02,New
R009644,Capital City,2022-08-24,Regular
R009645,Capital City,2021-01-31,New
R009646,Capital City,2022-02-28,Power
R009647,Capital City,2022-04-22,Power
R009648,Capital City,2021-07-15,Regular
R009649,Metroville,2021-10-21,Occasional
R009650,Metroville,2022-03-05,Power
R009651,Capital City,2021-05-29,New
R009652,Capital City,2022-11-14,Regular
R009653,Capital City,2021-06-16,Occasional
R009654,Metroville,2022-10-15,Regular
R009655,Capital City,2022-11-16,Occasional
R009656,Capital City,2021-07-25,Occasional
R009657,Metroville,2022-09-13,Regular
R009658,Metroville,2021-07-28,Power
R009659,Metroville,2021-10-23,Power
R009660,Capital City,2021-11-05,Power
R009661,Metroville,2022-09-27,Power
R009662,Metroville,2021-09-13,Regular
R009663,Metroville,2021-02-24,Power
R009664,Metroville,2021-05-29,Occasional
R009665,Metroville,2022-04-17,Regular
R009666,Metroville,2022-01-03,Power
R009667,Metroville,2022-04-16,Power
R009668,Capital City,2021-05-12,Power
R009669,Metroville,2022-10-10,Occasional
R009670,Metroville,2021-08-04,Occasional
R009671,Capital City,2022-12-16,Occasional
R009672,Capital City,2022-09-07,New
R009673,Metroville,2021-02-23,Occasional
R009674,Metroville,2021-09-15,Occasional
R009675,Capital City,2022-07-02,Power
R009676,Metroville,2022-06-29,Regular
R009677,Metroville,2021-11-25,Regular
R009678,Capital City,2022-11-16,Power
R009679,Capital City,2022-10-08,Power
R009680,Metroville,2021-11-01,Regular
R009681,Metroville,2021-01-10,Power
R009682,Capital City,2022-03-03,Occasional
R009683,Metroville,2022-02-14,Regular
R009684,Capital City,2021-05-10,Regular
R009685,Capital City,2021-09-23,Regular
R009686,Metroville,2021-02-14,New
R009687,Metroville,2021-09-28,New
R009688,Capital City,2021-04-03,Occasional
R009689,Capital City,2022-04-05,Occasional
R009690,Metroville,2022-01-17,New
R009691,Metroville,2022-06-24,Regular
R009692,Capital City,2022-05-30,Occasional
R009693,Capital City,2022-06-26,Power
R009694,Metroville,2022-10-13,Occasional
R009695,Metroville,2021-04-23,Occasional
R009696,Capital City,2022-04-11,New
R009697,Metroville,2021-02-11,Occasional
R009698,Capital City,2022-09-15,Occasional
R009699,Capital City,2021-10-14,New
R009700,Metroville,2021-07-03,Regular
R009701,Capital City,2022-12-14,Occasional
R009702,Metroville,2022-12-27,New
R009703,Capital City,2021-11-23,Regular
R009704,Metroville,2022-09-04,Regular
R009705,Metroville,2022-12-19,Regular
R009706,Metroville,2022-07-10,Regular
R009707,Metroville,2021-03-01,Regular
R009708,Metroville,2021-08-31,Occasional
R009709,Metroville,2021-09-17,Power
R009710,Metroville,2021-01-23,Occasional
R009711,Capital City,2021-11-13,Occasional
R009712,Capital City,2021-02-27,Regular
R009713,Metroville,2021-04-25,Occasional
R009714,Metroville,2021-08-21,Occasional
R009715,Metroville,2022-02-25,Occasional
R009716,Capital City,2021-04-08,Regular
R009717,Metroville,2021-04-10,Occasional
R009718,Metroville,2021-12-28,New
R009719,Metroville,2021-01-24,Regular
R009720,Capital City,2021-02-11,Power
R009721,Metroville,2021-01-25,Occasional
R009722,Metroville,2021-02-09,Regular
R009723,Metroville,2021-11-23,Occasional
R009724,Capital City,2022-02-26,Occasional
R009725,Metroville,2022-10-04,Regular
R009726,Metroville,2022-08-26,Occasional
R009727,Metroville,2022-08-16,Regular
R009728,Metroville,2022-12-18,Regular
R009729,Metroville,2022-06-20,Regular
R009730,Metroville,2022-09-09,Regular
R009731,Metroville,2022-12-16,New
R009732,Capital City,2021-01-19,Occasional
R009733,Capital City,2022-06-23,Regular
R009734,Capital City,2022-12-05,Regular
R009735,Metroville,2022-06-01,Occasional
R009736,Metroville,2021-08-27,Power
R009737,Metroville,2021-03-08,Regular
R009738,Metroville,2022-08-06,Regular
R009739,Metroville,2021-03-07,Regular
R009740,Metroville,2022-04-29,Power
R009741,Metroville,2021-10-12,Regular
R009742,Capital City,2021-03-31,Power
R009743,Metroville,2021-06-29,Regular
R009744,Capital City,2022-06-20,Regular
R009745,Metroville,2022-10-05,Regular
R009746,Capital City,2022-02-27,Power
R009747,Capital City,2021-09-14,Regular
R009748,Metroville,2022-08-03,Regular
R009749,Capital City,2021-09-03,Power
R009750,Metroville,2021-10-26,Occasional
R009751,Metroville,2022-12-10,Occasional
R009752,Capital City,2022-09-04,Regular
R009753,Metroville,2022-07-15,Regular
R009754,Capital City,2022-07-29,Power
R009755,Capital City,2021-01-12,New
R009756,Metroville,2021-10-03,Regular
R009757,Capital City,2021-08-23,Occasional
R009758,Capital City,2021-09-06,Occasional
R009759,Capital City,2022-12-12,Regular
R009760,Metroville,2021-09-28,Occasional
R009761,Capital City,2021-05-12,Occasional
R009762,Metroville,2022-04-28,Regular
R009763,Capital City,2022-06-09,New
R009764,Capital City,2022-03-06,Regular
R009765,Capital City,2021-05-28,Occasional
R009766,Capital City,2021-11-26,Regular
R009767,Metroville,2022-11-10,Power
R009768,Metroville,2022-01-25,Occasional
R009769,Metroville,2022-12-24,New
R009770,Metroville,2022-09-18,Regular
R009771,Capital City,2021-03-27,Occasional
R009772,Metroville,2021-01-01,Regular
R009773,Capital City,2021-10-16,Regular
R009774,Capital City,2021-11-02,Occasional
R009775,Capital City,2021-08-12,New
R009776,Metroville,2021-05-19,Regular
R009777,Capital City,2021-05-01,Occasional
R009778,Capital City,2021-06-13,Occasional
R009779,Capital City,2022-03-10,Regular
R009780,Capital City,2022-11-25,Regular
R009781,Metroville,2021-08-20,Regular
R009782,Metroville,2021-11-18,Regular
R009783,Metroville,2021-08-22,Power
R009784,Metroville,2021-07-25,New
R009785,Metroville,2021-05-06,Occasional
R009786,Metroville,2021-04-15,Power
R009787,Capital City,2021-02-06,Occasional
R009788,Capital City,2021-08-20,Regular
R009789,Metroville,2022-05-09,Regular
R009790,Metroville,2022-10-31,Regular
R009791,Capital City,2021-07-10,Occasional
R009792,Capital City,2022-12-13,Occasional
R009793,Metroville,2021-10-26,New
R009794,Capital City,2021-05-21,Power
R009795,Metroville,2022-02-12,New
R009796,Capital City,2021-06-14,Regular
R009797,Metroville,2022-10-28,Regular
R009798,Metroville,2022-04-02,Occasional
R009799,Capital City,2021-03-09,Occasional
R009800,Capital City,2021-10-31,Occasional
R009801,Metroville,2021-09-04,Regular
R009802,Metroville,2022-09-04,New
R009803,Capital City,2021-08-13,Regular
R009804,Capital City,2021-04-04,Regular
R009805,Capital City,2021-03-11,Occasional
R009806,Metroville,2022-01-11,Regular
R009807,Metroville,2021-09-29,Regular
R009808,Capital City,2021-01-17,Regular
R009809,Capital City,2021-10-12,Regular
R009810,Capital City,2022-12-11,New
R009811,Capital City,2022-07-20,Occasional
R009812,Metroville,2022-03-13,Power
R009813,Metroville,2022-06-19,Regular
R009814,Metroville,2021-09-08,Occasional
R009815,Capital City,2022-01-14,Occasional
R009816,Metroville,2021-10-10,Regular
R009817,Capital City,2022-05-09,Occasional
R009818,Metroville,2021-07-31,Occasional
R009819,Metroville,2022-05-22,Regular
R009820,Metroville,2021-05-10,Regular
R009821,Metroville,2021-01-30,Power
R009822,Metroville,2022-01-19,Occasional
R009823,Capital City,2021-04-25,Power
R009824,Metroville,2021-02-28,Power
R009825,Metroville,2021-09-09,Regular
R009826,Metroville,2022-08-20,Occasional
R009827,Capital City,2022-03-07,Regular
R009828,Metroville,2021-01-03,Occasional
R009829,Metroville,2021-11-28,Power
R009830,Capital City,2021-11-01,Occasional
R009831,Capital City,2021-02-11,Regular
R009832,Metroville,2021-03-04,Regular
R009833,Capital City,2021-12-29,Occasional
R009834,Metroville,2021-09-05,Regular
R009835,Metroville,2022-07-20,Power
R009836,Capital City,2021-04-05,Occasional
R009837,Capital City,2022-06-03,Occasional
R009838,Metroville,2022-03-18,Occasional
R009839,Capital City,2021-01-24,Occasional
R009840,Metroville,2022-10-05,Power
R009841,Capital City,2021-02-17,Regular
R009842,Capital City,2021-08-25,Power
R009843,Metroville,2022-08-22,Occasional
R009844,Metroville,2022-07-08,Occasional
R009845,Capital City,2022-06-11,Regular
R009846,Metroville,2022-07-25,Regular
R009847,Metroville,2021-04-21,Occasional
R009848,Capital City,2021-08-16,Regular
R009849,Capital City,2022-09-20,Occasional
R009850,Metroville,2021-11-02,Occasional
R009851,Capital City,2021-08-14,Occasional
R009852,Metroville,2022-02-25,Occasional
R009853,Capital City,2022-05-06,Occasional
R009854,Metroville,2022-06-01,Occasional
R009855,Metroville,2021-06-10,Occasional
R009856,Metroville,2022-11-14,Regular
R009857,Metroville,2022-12-14,Regular
R009858,Metroville,2021-12-30,Regular
R009859,Metroville,2022-04-09,Power
R009860,Capital City,2022-01-01,Regular
R009861,Metroville,2021-02-07,Regular
R009862,Metroville,2022-07-23,Occasional
R009863,Metroville,2022-07-07,New
R009864,Metroville,2021-08-04,Regular
R009865,Capital City,2022-11-30,Occasional
R009866,Metroville,2022-10-28,Occasional
R009867,Metroville,2022-01-21,Occasional
R009868,Metroville,2021-10-18,Occasional
R009869,Metroville,2022-09-07,Occasional
R009870,Capital City,2021-04-09,Regular
R009871,Metroville,2022-05-14,Regular
R009872,Metroville,2022-08-31,Occasional
R009873,Capital City,2021-06-05,Occasional
R009874,Capital City,2022-05-17,New
R009875,Capital City,2021-08-21,Occasional
R009876,Capital City,2022-04-12,Regular
R009877,Metroville,2022-01-18,Occasional
R009878,Capital City,2022-01-03,Occasional
R009879,Metroville,2022-11-15,Occasional
R009880,Capital City,2021-06-10,Regular
R009881,Capital City,2022-04-03,Power
R009882,Capital City,2022-07-31,Regular
R009883,Metroville,2021-01-25,Regular
R009884,Metroville,2021-07-23,Regular
R009885,Capital City,2021-04-23,Regular
R009886,Capital City,2021-02-15,Power
R009887,Metroville,2022-09-17,Power
R009888,Capital City,2021-01-08,Occasional
R009889,Metroville,2022-11-11,Occasional
R009890,Metroville,2021-10-10,Occasional
R009891,Metroville,2021-09-20,Occasional
R009892,Metroville,2022-09-10,Regular
R009893,Metroville,2022-09-15,Occasional
R009894,Metroville,2021-04-16,Regular
R009895,Capital City,2021-04-17,Occasional
R009896,Metroville,2022-09-19,Occasional
R009897,Metroville,2021-06-05,Regular
R009898,Capital City,2022-11-20,Power
R009899,Capital City,2021-07-31,Regular
R009900,Capital City,2022-09-16,Regular
R009901,Capital City,2022-07-14,Regular
R009902,Metroville,2021-03-27,Occasional
R009903,Metroville,2022-09-03,New
R009904,Capital City,2022-06-05,Regular
R009905,Capital City,2021-12-27,Occasional
R009906,Metroville,2022-07-25,Power
R009907,Capital City,2022-03-08,Regular
R009908,Metroville,2021-01-06,Regular
R009909,Capital City,2021-10-06,Power
R009910,Metroville,2021-08-01,Power
R009911,Metroville,2021-08-09,Regular
R009912,Capital City,2022-09-22,Occasional
R009913,Metroville,2022-07-28,Occasional
R009914,Metroville,2021-03-10,Regular
R009915,Capital City,2021-12-25,Occasional
R009916,Capital City,2022-01-24,Regular
R009917,Metroville,2022-08-13,Power
R009918,Metroville,2022-08-29,Regular
R009919,Metroville,2022-06-09,Regular
R009920,Metroville,2021-10-09,Power
R009921,Capital City,2021-11-02,Occasional
R009922,Capital City,2022-12-26,Power
R009923,Capital City,2022-04-25,Regular
R009924,Metroville,2021-09-03,Regular
R009925,Metroville,2022-01-17,Regular
R009926,Metroville,2022-03-14,Regular
R009927,Metroville,2021-08-02,Occasional
R009928,Metroville,2022-07-10,New
R009929,Metroville,2022-10-06,Power
R009930,Capital City,2022-04-04,New
R009931,Capital City,2021-12-16,Power
R009932,Metroville,2021-11-03,Power
R009933,Capital City,2021-12-28,New
R009934,Metroville,2021-03-28,Occasional
R009935,Capital City,2021-02-20,Occasional
R009936,Capital City,2022-04-25,Regular
R009937,Metroville,2022-07-30,Occasional
R009938,Metroville,2021-07-08,Regular
R009939,Metroville,2021-10-27,Regular
R009940,Metroville,2022-05-13,Regular
R009941,Capital City,2022-08-13,New
R009942,Capital City,2021-10-19,Regular
R009943,Capital City,2021-11-04,Occasional
R009944,Capital City,2021-11-08,New
R009945,Metroville,2021-09-19,Power
R009946,Metroville,2021-07-22,Regular
R009947,Capital City,2021-02-02,Regular
R009948,Metroville,2021-12-27,New
R009949,Metroville,2022-12-02,Occasional
R009950,Capital City,2021-10-05,Regular
R009951,Metroville,2022-08-05,Regular
R009952,Metroville,2022-12-22,Regular
R009953,Metroville,2021-07-21,Occasional
R009954,Metroville,2022-10-22,New
R009955,Capital City,2022-10-07,New
R009956,Metroville,2022-01-20,Regular
R009957,Capital City,2022-02-13,Regular
R009958,Metroville,2021-11-16,Power
R009959,Metroville,2022-07-17,Regular
R009960,Capital City,2021-10-14,Power
R009961,Metroville,2022-10-31,Regular
R009962,Metroville,2021-11-25,New
R009963,Metroville,2022-11-25,Occasional
R009964,Capital City,2021-02-24,Regular
R009965,Capital City,2021-03-16,Power
R009966,Metroville,2022-07-31,New
R009967,Metroville,2021-05-23,New
R009968,Capital City,2022-11-03,Regular
R009969,Capital City,2021-03-26,Power
R009970,Metroville,2021-01-01,Regular
R009971,Metroville,2021-02-24,Occasional
R009972,Capital City,2021-07-18,Power
R009973,Metroville,2022-03-05,Occasional
R009974,Metroville,2021-10-29,Regular
R009975,Metroville,2021-11-16,Occasional
R009976,Metroville,2021-02-03,Power
R009977,Capital City,2021-01-14,Occasional
R009978,Metroville,2021-06-14,Power
R009979,Capital City,2022-02-24,Power
R009980,Metroville,2022-02-14,Occasional
R009981,Metroville,2022-01-14,Regular
R009982,Capital City,2022-12-24,Power
R009983,Metroville,2022-03-21,Regular
R009984,Capital City,2021-07-10,Regular
R009985,Capital City,2021-04-16,Occasional
R009986,Metroville,2022-08-04,Power
R009987,Metroville,2021-01-14,Power
R009988,Capital City,2021-11-14,Power
R009989,Metroville,2021-10-02,Regular
R009990,Metroville,2021-03-13,Occasional
R009991,Capital City,2022-06-05,Occasional
R009992,Capital City,2021-06-23,Regular
R009993,Metroville,2021-04-02,Power
R009994,Metroville,2021-04-08,New
R009995,Metroville,2021-03-05,Power
R009996,Metroville,2021-10-06,New
R009997,Metroville,2021-01-17,Occasional
R009998,Capital City,2022-01-13,Power
R009999,Metroville,2021-03-08,Regular
R010000,Metroville,2021-11-13,Regular
R010001,Capital City,2022-06-13,Regular
R010002,Metroville,2022-02-27,Occasional
R010003,Metroville,2022-10-07,New
R010004,Capital City,2022-11-25,Regular
R010005,Capital City,2021-06-30,Regular
R010006,Metroville,2022-01-24,Regular
R010007,Metroville,2021-11-28,Regular
R010008,Metroville,2022-08-25,Power
R010009,Capital City,2021-07-18,Power
R010010,Metroville,2021-06-27,Regular
R010011,Metroville,2022-03-17,Regular
R010012,Metroville,2022-05-28,Occasional
R010013,Metroville,2022-09-28,Regular
R010014,Metroville,2021-07-27,Regular
R010015,Metroville,2021-06-15,Regular
R010016,Capital City,2022-02-16,Regular
R010017,Capital City,2021-07-17,Regular
R010018,Metroville,2022-01-18,Power
R010019,Metroville,2021-03-22,Regular
R010020,Capital City,2022-07-22,Regular
R010021,Metroville,2022-12-09,New
R010022,Capital City,2022-12-04,Regular
R010023,Metroville,2021-06-28,Power
R010024,Metroville,2021-05-05,Regular
R010025,Metroville,2022-04-12,Power
R010026,Metroville,2022-04-29,New
R010027,Metroville,2022-02-24,Occasional
R010028,Capital City,2021-10-26,Power
R010029,Metroville,2021-08-02,Regular
R010030,Capital City,2022-09-10,Occasional
R010031,Metroville,2022-11-01,Occasional
R010032,Capital City,2021-12-16,New
R010033,Capital City,2022-04-11,Occasional
R010034,Metroville,2021-03-30,Occasional
R010035,Metroville,2021-07-31,Occasional
R010036,Metroville,2022-01-04,Regular
R010037,Metroville,2022-08-28,Occasional
R010038,Capital City,2022-11-14,Occasional
R010039,Metroville,2021-03-06,Occasional
R010040,Capital City,2022-08-27,Occasional
R010041,Capital City,2021-09-29,Occasional
R010042,Metroville,2022-03-02,New
R010043,Metroville,2021-05-25,Occasional
R010044,Metroville,2022-12-27,Regular
R010045,Metroville,2021-09-24,Occasional
R010046,Capital City,2022-01-19,New
R010047,Capital City,2022-05-05,Occasional
R010048,Capital City,2021-05-16,Occasional
R010049,Metroville,2021-06-01,Occasional
R010050,Capital City,2021-03-30,Regular
R010051,Capital City,2021-02-19,Regular
R010052,Metroville,2021-07-04,Regular
R010053,Capital City,2021-05-02,Regular
R010054,Capital City,2022-05-07,Power
R010055,Capital City,2022-01-08,Occasional
R010056,Capital City,2022-03-01,Power
R010057,Metroville,2022-03-16,New
R010058,Metroville,2021-02-18,Occasional
R010059,Metroville,2021-05-25,Occasional
R010060,Metroville,2021-02-12,Regular
R010061,Capital City,2022-08-11,Power
R010062,Capital City,2021-12-11,Occasional
R010063,Capital City,2021-07-18,Regular
R010064,Capital City,2022-04-23,Regular
R010065,Metroville,2022-09-16,Occasional
R010066,Metroville,2022-01-31,Regular
R010067,Capital City,2021-07-22,Regular
R010068,Metroville,2021-05-15,Regular
R010069,Metroville,2022-06-18,Regular
R010070,Capital City,2021-12-28,Regular
R010071,Capital City,2021-09-23,Regular
R010072,Metroville,2022-09-23,Occasional
R010073,Capital City,2022-08-04,Occasional
R010074,Capital City,2021-01-03,Regular
R010075,Metroville,2021-10-23,Power
R010076,Metroville,2021-11-06,Regular
R010077,Metroville,2022-10-10,Occasional
R010078,Metroville,2022-09-29,Regular
R010079,Metroville,2022-10-30,Occasional
R010080,Metroville,2021-10-23,Regular
R010081,Capital City,2022-08-21,Power
R010082,Capital City,2021-09-01,New
R010083,Metroville,2022-05-27,Regular
R010084,Metroville,2021-10-02,Power
R010085,Metroville,2022-10-14,Power
R010086,Capital City,2021-12-19,Regular
R010087,Metroville,2021-02-07,Regular
R010088,Metroville,2021-07-12,Regular
R010089,Capital City,2021-11-15,Regular
R010090,Metroville,2021-05-09,Regular
R010091,Capital City,2021-06-08,Occasional
R010092,Capital City,2021-07-19,Power
R010093,Metroville,2021-11-23,Regular
R010094,Metroville,2022-04-06,Regular
R010095,Capital City,2021-05-13,Regular
R010096,Metroville,2021-08-09,Occasional
R010097,Capital City,2021-03-21,Occasional
R010098,Metroville,2021-10-25,Power
R010099,Metroville,2021-10-08,Regular
R010100,Capital City,2021-01-26,Power
R010101,Metroville,2021-08-18,Regular
R010102,Metroville,2021-11-01,Regular
R010103,Capital City,2022-07-19,Regular
R010104,Capital City,2022-08-07,Occasional
R010105,Metroville,2021-08-02,Regular
R010106,Metroville,2022-08-24,Regular
R010107,Metroville,2021-08-23,Regular
R010108,Capital City,2021-01-03,Regular
R010109,Capital City,2021-09-20,Occasional
R010110,Capital City,2022-08-22,Power
R010111,Metroville,2021-01-10,Power
R010112,Capital City,2021-07-25,Power
R010113,Capital City,2021-07-09,Occasional
R010114,Metroville,2022-09-03,Regular
R010115,Metroville,2021-01-20,Power
R010116,Capital City,2022-05-29,Regular
R010117,Capital City,2021-09-22,New
R010118,Metroville,2021-09-04,Regular
R010119,Metroville,2022-11-29,Power
R010120,Capital City,2022-07-25,Regular
R010121,Metroville,2021-06-08,New
R010122,Capital City,2021-12-19,New
R010123,Capital City,2022-09-02,Regular
R010124,Metroville,2021-04-25,Regular
R010125,Capital City,2021-11-09,Regular
R010126,Capital City,2022-09-11,Regular
R010127,Capital City,2022-08-31,Regular
R010128,Metroville,2021-12-19,Occasional
R010129,Metroville,2021-05-26,Power
R010130,Metroville,2022-03-11,Occasional
R010131,Capital City,2022-11-21,Power
R010132,Metroville,2021-07-15,Power
R010133,Metroville,2022-07-29,Regular
R010134,Metroville,2022-09-03,Regular
R010135,Metroville,2021-12-17,Regular
R010136,Metroville,2022-02-23,Power
R010137,Metroville,2021-12-14,Power
R010138,Capital City,2022-02-25,Regular
R010139,Metroville,2022-03-06,Regular
R010140,Capital City,2021-08-22,Regular
R010141,Metroville,2022-12-04,Power
R010142,Capital City,2022-08-08,Regular
R010143,Metroville,2022-08-09,Power
R010144,Capital City,2021-05-08,Regular
R010145,Metroville,2021-10-27,Power
R010146,Capital City,2022-11-13,Power
R010147,Metroville,2022-02-23,Power
R010148,Metroville,2022-03-17,Regular
R010149,Capital City,2022-05-26,Occasional
R010150,Capital City,2022-06-28,Regular
R010151,Capital City,2021-08-19,Regular
R010152,Capital City,2022-12-30,Regular
R010153,Capital City,2022-08-29,New
R010154,Metroville,2021-06-20,Regular
R010155,Metroville,2022-01-09,Power
R010156,Metroville,2022-10-24,Regular
R010157,Metroville,2022-11-17,Power
R010158,Metroville,2021-10-31,Regular
R010159,Capital City,2021-08-27,Occasional
R010160,Metroville,2021-05-25,Power
R010161,Capital City,2022-02-18,Occasional
R010162,Metroville,2021-06-01,Power
R010163,Metroville,2021-09-25,Regular
R010164,Metroville,2022-01-21,New
R010165,Metroville,2021-12-11,Occasional
R010166,Metroville,2021-09-02,Occasional
R010167,Capital City,2021-04-21,Regular
R010168,Capital City,2022-08-19,Regular
R010169,Capital City,2022-08-13,Regular
R010170,Metroville,2021-08-03,Power
R010171,Capital City,2021-03-21,Regular
R010172,Metroville,2021-09-17,Regular
R010173,Capital City,2021-09-28,Occasional
R010174,Metroville,2021-02-17,Regular
R010175,Capital City,2021-09-29,Occasional
R010176,Metroville,2022-08-02,Regular
R010177,Metroville,2022-02-02,Occasional
R010178,Capital City,2022-10-02,Power
R010179,Metroville,2021-04-02,Power
R010180,Metroville,2021-02-20,Regular
R010181,Capital City,2021-04-03,Regular
R010182,Metroville,2021-11-08,Power
R010183,Metroville,2021-12-01,New
R010184,Capital City,2022-05-08,Occasional
R010185,Metroville,2021-11-23,Regular
R010186,Metroville,2022-01-19,Occasional
R010187,Capital City,2021-06-27,Occasional
R010188,Metroville,2022-11-16,Occasional
R010189,Metroville,2021-02-14,Power
R010190,Metroville,2021-10-05,Power
R010191,Metroville,2022-03-23,Regular
R010192,Metroville,2021-03-11,Regular
R010193,Capital City,2022-10-03,Regular
R010194,Capital City,2022-07-16,Occasional
R010195,Capital City,2021-01-07,Regular
R010196,Metroville,2022-12-07,Regular
R010197,Metroville,2021-05-26,Power
R010198,Metroville,2021-03-27,Occasional
R010199,Metroville,2021-01-07,Occasional
R010200,Capital City,2022-02-19,Occasional
R010201,Capital City,2021-06-06,Regular
R010202,Capital City,2021-03-12,New
R010203,Metroville,2022-08-28,Occasional
R010204,Capital City,2021-03-13,Occasional
R010205,Capital City,2021-06-08,Occasional
R010206,Metroville,2022-10-06,New
R010207,Capital City,2022-06-18,Occasional
R010208,Capital City,2021-04-08,Regular
R010209,Capital City,2021-06-26,Power
R010210,Capital City,2021-05-21,Regular
R010211,Metroville,2022-11-08,Power
R010212,Metroville,2021-05-28,Occasional
R010213,Capital City,2021-07-16,Occasional
R010214,Metroville,2022-06-22,Regular
R010215,Metroville,2021-09-01,Regular
R010216,Capital City,2021-08-05,Occasional
R010217,Metroville,2022-12-13,Power
R010218,Capital City,2022-08-31,Occasional
R010219,Metroville,2021-02-26,Power
R010220,Metroville,2021-07-06,Regular
R010221,Metroville,2022-07-01,Regular
R010222,Metroville,2022-12-13,Occasional
R010223,Metroville,2022-03-26,Occasional
R010224,Metroville,2022-06-05,Regular
R010225,Metroville,2022-04-25,Power
R010226,Capital City,2021-01-09,Power
R010227,Capital City,2021-05-18,Occasional
R010228,Capital City,2021-10-04,Occasional
R010229,Metroville,2022-10-07,Occasional
R010230,Metroville,2021-07-04,Occasional
R010231,Metroville,2021-04-20,Regular
R010232,Metroville,2022-02-07,Regular
R010233,Capital City,2021-11-16,Regular
R010234,Metroville,2021-05-08,Power
R010235,Metroville,2022-11-16,Regular
R010236,Metroville,2021-08-16,Regular
R010237,Metroville,2022-12-09,Regular
R010238,Metroville,2022-01-18,Power
R010239,Metroville,2021-10-11,Occasional
R010240,Metroville,2022-07-01,Regular
R010241,Capital City,2021-11-03,Regular
R010242,Capital City,2022-12-08,Occasional
R010243,Capital City,2021-07-10,Regular
R010244,Metroville,2022-02-11,New
R010245,Capital City,2021-12-06,Regular
R010246,Capital City,2022-04-13,Regular
R010247,Metroville,2022-09-30,Occasional
R010248,Capital City,2022-09-06,Power
R010249,Metroville,2022-09-22,Regular
R010250,Capital City,2021-06-26,Regular
R010251,Metroville,2022-07-13,Occasional
R010252,Metroville,2022-03-15,Occasional
R010253,Metroville,2022-08-07,New
R010254,Capital City,2022-06-28,Regular
R010255,Metroville,2022-04-15,Regular
R010256,Metroville,2022-10-02,Occasional
R010257,Capital City,2022-07-28,Occasional
R010258,Capital City,2022-02-21,Occasional
R010259,Metroville,2021-11-10,Power
R010260,Capital City,2021-02-06,Occasional
R010261,Metroville,2022-07-12,New
R010262,Metroville,2022-11-02,New
R010263,Capital City,2021-04-12,Regular
R010264,Capital City,2022-02-02,Power
R010265,Capital City,2022-06-30,Occasional
R010266,Metroville,2022-12-05,Occasional
R010267,Metroville,2021-01-01,Regular
R010268,Metroville,2022-11-03,Occasional
R010269,Metroville,2022-03-02,Regular
R010270,Metroville,2021-11-28,New
R010271,Capital City,2022-09-22,Regular
R010272,Capital City,2022-02-08,Regular
R010273,Metroville,2022-08-09,New
R010274,Capital City,2021-11-05,Regular
R010275,Capital City,2022-02-04,Power
R010276,Metroville,2022-04-12,Occasional
R010277,Metroville,2021-12-13,Occasional
R010278,Metroville,2022-08-31,New
R010279,Metroville,2022-11-09,Occasional
R010280,Metroville,2022-06-08,Regular
R010281,Metroville,2022-05-01,Regular
R010282,Metroville,2021-04-30,New
R010283,Capital City,2021-05-11,Occasional
R010284,Capital City,2022-05-04,Regular
R010285,Metroville,2021-08-15,Regular
R010286,Capital City,2021-07-30,Regular
R010287,Metroville,2021-08-03,Occasional
R010288,Capital City,2021-12-03,Occasional
R010289,Capital City,2022-09-06,Occasional
R010290,Metroville,2022-04-01,New
R010291,Capital City,2022-10-31,Regular
R010292,Metroville,2022-02-10,Regular
R010293,Metroville,2021-09-13,Power
R010294,Metroville,2021-06-14,Regular
R010295,Capital City,2021-11-11,Occasional
R010296,Metroville,2022-10-26,Power
R010297,Metroville,2021-08-24,Occasional
R010298,Metroville,2022-12-03,Regular
R010299,Metroville,2021-11-10,Occasional
R010300,Capital City,2021-03-24,Power
R010301,Capital City,2022-05-07,Regular
R010302,Capital City,2022-12-13,Occasional
R010303,Metroville,2022-04-01,New
R010304,Metroville,2021-06-13,Regular
R010305,Capital City,2021-05-11,Occasional
R010306,Metroville,2021-02-09,Occasional
R010307,Capital City,2022-09-20,Occasional
R010308,Metroville,2022-04-24,Regular
R010309,Metroville,2021-06-12,Power
R010310,Metroville,2021-03-05,Occasional
R010311,Metroville,2022-08-26,Power
R010312,Capital City,2022-02-24,Occasional
R010313,Metroville,2021-05-30,Regular
R010314,Capital City,2021-11-11,Power
R010315,Capital City,2021-10-02,Power
R010316,Capital City,2022-10-08,Occasional
R010317,Capital City,2021-03-21,Occasional
R010318,Metroville,2021-08-07,Regular
R010319,Capital City,2022-06-07,Regular
R010320,Capital City,2022-08-09,Regular
R010321,Metroville,2021-12-15,Regular
R010322,Metroville,2021-06-27,Regular
R010323,Metroville,2022-07-13,Power
R010324,Metroville,2022-04-25,Regular
R010325,Metroville,2021-06-30,Occasional
R010326,Capital City,2021-10-25,Occasional
R010327,Metroville,2021-06-12,Regular
R010328,Capital City,2021-09-26,Power
R010329,Metroville,2022-11-20,Occasional
R010330,Metroville,2022-12-31,Regular
R010331,Capital City,2021-09-13,Occasional
R010332,Metroville,2021-04-06,Regular
R010333,Capital City,2022-03-11,Power
R010334,Capital City,2021-03-04,Occasional
R010335,Capital City,2022-07-14,Regular
R010336,Metroville,2023-01-01,Occasional
R010337,Metroville,2022-11-01,Regular
R010338,Capital City,2021-08-26,Regular
R010339,Metroville,2022-03-28,Regular
R010340,Metroville,2021-04-29,Regular
R010341,Metroville,2022-04-20,Occasional
R010342,Metroville,2021-02-04,Occasional
R010343,Metroville,2021-12-08,Occasional
R010344,Metroville,2022-01-07,Regular
R010345,Capital City,2021-03-25,Occasional
R010346,Metroville,2022-05-29,Power
R010347,Capital City,2021-05-12,Power
R010348,Capital City,2021-07-28,Regular
R010349,Metroville,2022-03-19,Occasional
R010350,Capital City,2022-11-16,Occasional
R010351,Capital City,2022-07-20,Regular
R010352,Metroville,2021-07-04,Power
R010353,Capital City,2021-06-04,Power
R010354,Capital City,2022-10-22,Occasional
R010355,Metroville,2022-02-28,Power
R010356,Metroville,2022-10-02,Regular
R010357,Metroville,2021-11-23,Occasional
R010358,Metroville,2021-01-16,New
R010359,Metroville,2022-08-29,Occasional
R010360,Capital City,2022-08-11,Occasional
R010361,Capital City,2021-06-11,Regular
R010362,Capital City,2022-03-21,Regular
R010363,Metroville,2021-10-16,Power
R010364,Capital City,2022-05-31,Regular
R010365,Capital City,2021-04-16,Occasional
R010366,Capital City,2021-08-03,Occasional
R010367,Metroville,2022-02-10,Occasional
R010368,Metroville,2021-02-02,Occasional
R010369,Metroville,2022-01-16,Regular
R010370,Metroville,2021-03-22,Regular
R010371,Capital City,2022-04-09,Occasional
R010372,Capital City,2021-01-07,Power
R010373,Capital City,2021-09-25,Power
R010374,Metroville,2022-03-28,Regular
R010375,Metroville,2022-04-25,Occasional
R010376,Capital City,2021-02-22,Occasional
R010377,Metroville,2022-02-06,New
R010378,Metroville,2022-01-17,Regular
R010379,Metroville,2022-05-31,Power
R010380,Capital City,2021-09-18,Occasional
R010381,Metroville,2021-04-28,Regular
R010382,Metroville,2022-01-30,New
R010383,Metroville,2022-12-16,Regular
R010384,Capital City,2021-01-23,Power
R010385,Capital City,2022-08-18,Regular
R010386,Metroville,2021-03-11,Regular
R010387,Capital City,2022-12-30,Regular
R010388,Capital City,2021-04-18,Power
R010389,Metroville,2021-09-01,Occasional
R010390,Capital City,2022-12-28,Power
R010391,Capital City,2022-12-23,Regular
R010392,Metroville,2021-02-12,New
R010393,Capital City,2022-07-08,Regular
R010394,Metroville,2021-11-04,New
R010395,Metroville,2021-06-11,Power
R010396,Metroville,2021-01-18,New
R010397,Capital City,2021-01-11,Regular
R010398,Capital City,2021-08-19,New
R010399,Capital City,2021-11-25,Regular
R010400,Capital City,2021-06-29,Occasional
R010401,Metroville,2022-10-10,Power
R010402,Metroville,2021-03-08,Regular
R010403,Metroville,2021-03-06,Regular
R010404,Capital City,2022-10-14,Occasional
R010405,Metroville,2021-06-29,Power
R010406,Metroville,2022-12-01,Occasional
R010407,Metroville,2021-02-13,Regular
R010408,Metroville,2021-10-03,Occasional
R010409,Metroville,2021-02-12,Regular
R010410,Metroville,2022-08-28,Regular
R010411,Capital City,2022-01-05,Regular
R010412,Capital City,2021-12-12,Occasional
R010413,Capital City,2021-04-26,Regular
R010414,Capital City,2021-12-31,Regular
R010415,Metroville,2021-12-01,Power
R010416,Capital City,2022-07-04,Occasional
R010417,Capital City,2021-01-18,New
R010418,Metroville,2022-12-24,Occasional
R010419,Metroville,2022-08-27,Regular
R010420,Capital City,2021-09-15,Occasional
R010421,Metroville,2021-12-18,Power
R010422,Metroville,2022-06-18,Power
R010423,Capital City,2021-10-03,Power
R010424,Capital City,2022-12-23,Regular
R010425,Metroville,2022-05-20,Regular
R010426,Metroville,2022-12-12,Occasional
R010427,Metroville,2022-03-20,Power
R010428,Capital City,2021-02-04,Regular
R010429,Metroville,2021-01-05,Occasional
R010430,Capital City,2021-12-31,Occasional
R010431,Metroville,2022-06-19,Occasional
R010432,Metroville,2022-10-01,Power
R010433,Metroville,2021-04-13,Regular
R010434,Capital City,2021-04-01,Power
R010435,Capital City,2022-02-25,Occasional
R010436,Capital City,2022-05-20,Occasional
R010437,Metroville,2022-05-07,Occasional
R010438,Metroville,2021-08-14,Regular
R010439,Capital City,2021-12-26,Regular
R010440,Capital City,2022-11-25,Regular
R010441,Metroville,2022-03-20,Occasional
R010442,Capital City,2021-08-15,Occasional
R010443,Capital City,2021-01-11,Regular
R010444,Capital City,2021-01-08,Regular
R010445,Capital City,2021-04-21,Occasional
R010446,Capital City,2022-06-01,Occasional
R010447,Metroville,2022-12-25,Power
R010448,Metroville,2022-06-15,Regular
R010449,Capital City,2021-03-19,Regular
R010450,Metroville,2021-11-22,Occasional
R010451,Capital City,2022-09-10,Regular
R010452,Metroville,2022-03-23,New
R010453,Capital City,2021-05-29,Power
R010454,Capital City,2021-08-07,Occasional
R010455,Metroville,2021-08-14,Regular
R010456,Capital City,2022-07-11,Power
R010457,Capital City,2021-06-15,Regular
R010458,Metroville,2022-06-17,Occasional
R010459,Capital City,2021-02-25,New
R010460,Metroville,2021-06-01,Regular
R010461,Capital City,2021-02-12,Occasional
R010462,Metroville,2021-02-02,Regular
R010463,Capital City,2021-04-24,Power
R010464,Metroville,2021-06-02,Regular
R010465,Metroville,2022-07-06,Regular
R010466,Capital City,2022-10-27,Occasional
R010467,Capital City,2021-05-09,New
R010468,Metroville,2022-08-23,Regular
R010469,Metroville,2022-10-27,Regular
R010470,Metroville,2022-08-24,Occasional
R010471,Capital City,2022-04-11,New
R010472,Capital City,2021-05-28,Occasional
R010473,Capital City,2022-05-13,Regular
R010474,Capital City,2021-07-15,Regular
R010475,Metroville,2022-03-27,Regular
R010476,Capital City,2022-06-19,Power
R010477,Capital City,2021-02-06,Occasional
R010478,Metroville,2022-12-09,Power
R010479,Capital City,2021-01-22,Power
R010480,Metroville,2021-02-06,Regular
R010481,Capital City,2021-07-05,Regular
R010482,Capital City,2021-04-12,Occasional
R010483,Capital City,2022-04-18,Regular
R010484,Capital City,2021-02-03,Occasional
R010485,Capital City,2021-06-07,Occasional
R010486,Capital City,2021-09-24,Occasional
R010487,Metroville,2022-12-30,Power
R010488,Metroville,2021-10-21,Regular
R010489,Metroville,2021-03-16,Power
R010490,Metroville,2021-02-11,Regular
R010491,Capital City,2021-03-07,Power
R010492,Metroville,2022-11-09,New
R010493,Capital City,2022-02-05,Regular
R010494,Capital City,2021-10-16,Occasional
R010495,Capital City,2021-11-11,Occasional
R010496,Capital City,2022-03-27,Regular
R010497,Capital City,2022-08-30,Regular
R010498,Metroville,2021-02-04,Regular
R010499,Capital City,2021-07-20,Regular
R010500,Metroville,2021-09-11,Occasional
R010501,Capital City,2021-08-12,Occasional
R010502,Capital City,2021-12-27,Regular
R010503,Metroville,2021-07-21,Occasional
R010504,Capital City,2022-11-18,Regular
R010505,Metroville,2022-05-17,Regular
R010506,Capital City,2022-11-14,Regular
R010507,Capital City,2022-03-23,Regular
R010508,Metroville,2021-10-28,Regular
R010509,Capital City,2021-07-05,Occasional
R010510,Metroville,2021-09-29,Power
R010511,Metroville,2022-02-12,New
R010512,Metroville,2022-12-27,Regular
R010513,Capital City,2021-11-26,Power
R010514,Metroville,2022-06-16,Occasional
R010515,Metroville,2022-01-24,Occasional
R010516,Metroville,2022-10-10,Power
R010517,Metroville,2021-05-26,Regular
R010518,Metroville,2022-12-07,Regular
R010519,Metroville,2022-05-15,Regular
R010520,Capital City,2021-01-25,Regular
R010521,Capital City,2021-10-25,Occasional
R010522,Capital City,2022-10-17,Power
R010523,Capital City,2022-04-21,New
R010524,Metroville,2022-06-14,New
R010525,Capital City,2022-07-17,Regular
R010526,Metroville,2022-01-29,Regular
R010527,Metroville,2022-02-17,Occasional
R010528,Metroville,2022-10-29,Occasional
R010529,Capital City,2021-03-31,Occasional
R010530,Capital City,2021-04-01,Regular
R010531,Metroville,2022-09-24,Occasional
R010532,Metroville,2022-12-04,Regular
R010533,Metroville,2021-08-28,Occasional
R010534,Capital City,2021-10-16,Regular
R010535,Metroville,2022-12-08,Occasional
R010536,Metroville,2021-05-05,Regular
R010537,Metroville,2021-03-31,Regular
R010538,Metroville,2022-01-24,Regular
R010539,Metroville,2022-04-20,Occasional
R010540,Metroville,2022-04-23,Occasional
R010541,Capital City,2022-09-13,New
R010542,Metroville,2021-09-04,Power
R010543,Metroville,2022-05-02,Regular
R010544,Capital City,2022-01-18,Power
R010545,Metroville,2022-11-07,Occasional
R010546,Capital City,2022-01-25,Regular
R010547,Metroville,2021-07-18,Occasional
R010548,Capital City,2022-05-04,Regular
R010549,Capital City,2022-10-19,Regular
R010550,Metroville,2021-04-27,Occasional
R010551,Capital City,2021-04-07,Regular
R010552,Metroville,2021-10-09,Occasional
R010553,Metroville,2022-09-26,Regular
R010554,Capital City,2021-04-01,Occasional
R010555,Metroville,2021-10-01,Occasional
R010556,Capital City,2021-05-19,Regular
R010557,Capital City,2022-08-27,Regular
R010558,Metroville,2022-10-06,Regular
R010559,Metroville,2022-10-31,Power
R010560,Metroville,2022-11-28,Occasional
R010561,Metroville,2021-12-11,Regular
R010562,Metroville,2022-02-15,New
R010563,Capital City,2021-01-21,Power
R010564,Metroville,2022-10-27,New
R010565,Metroville,2022-08-24,New
R010566,Capital City,2022-10-30,Regular
R010567,Metroville,2021-10-06,Occasional
R010568,Capital City,2022-11-06,Regular
R010569,Capital City,2022-02-27,Occasional
R010570,Metroville,2021-04-16,Regular
R010571,Capital City,2021-03-31,Regular
R010572,Metroville,2021-10-16,Occasional
R010573,Capital City,2022-10-26,Occasional
R010574,Metroville,2022-09-19,New
R010575,Capital City,2021-02-07,Regular
R010576,Capital City,2022-11-05,Power
R010577,Capital City,2021-06-08,Occasional
R010578,Metroville,2022-11-09,Occasional
R010579,Metroville,2022-03-06,New
R010580,Capital City,2021-12-07,Regular
R010581,Metroville,2021-11-16,Regular
R010582,Capital City,2022-09-25,Regular
R010583,Capital City,2021-04-09,Regular
R010584,Metroville,2021-11-07,Regular
R010585,Capital City,2022-05-08,Occasional
R010586,Capital City,2021-04-28,Occasional
R010587,Metroville,2021-02-25,Regular
R010588,Capital City,2021-04-03,New
R010589,Metroville,2022-12-22,New
R010590,Metroville,2021-09-24,Regular
R010591,Metroville,2021-12-04,Power
R010592,Metroville,2021-09-13,Regular
R010593,Metroville,2021-10-20,Regular
R010594,Metroville,2021-04-06,Regular
R010595,Metroville,2021-04-07,Power
R010596,Metroville,2022-09-20,Regular
R010597,Metroville,2022-01-19,Occasional
R010598,Capital City,2021-03-06,Regular
R010599,Capital City,2021-02-09,New
R010600,Capital City,2022-12-06,Regular
R010601,Metroville,2021-09-24,Occasional
R010602,Capital City,2021-07-21,Occasional
R010603,Metroville,2022-01-30,Regular
R010604,Capital City,2021-05-10,New
R010605,Metroville,2022-06-18,Regular
R010606,Metroville,2022-09-13,Occasional
R010607,Capital City,2022-09-18,Power
R010608,Capital City,2022-12-20,Regular
R010609,Capital City,2021-05-02,Power
R010610,Capital City,2021-01-01,Power
R010611,Metroville,2022-10-24,New
R010612,Capital City,2021-05-04,Occasional
R010613,Metroville,2022-06-17,Power
R010614,Metroville,2021-05-25,Regular
R010615,Metroville,2022-08-25,Occasional
R010616,Metroville,2021-03-20,Regular
R010617,Capital City,2021-07-29,New
R010618,Capital City,2022-04-14,Regular
R010619,Capital City,2022-01-03,Regular
R010620,Metroville,2021-10-27,Regular
R010621,Capital City,2021-08-27,Regular
R010622,Metroville,2021-04-06,Regular
R010623,Metroville,2021-10-03,Power
R010624,Capital City,2022-06-25,Regular
R010625,Metroville,2022-04-28,Regular
R010626,Capital City,2022-08-14,Regular
R010627,Metroville,2022-11-17,Occasional
R010628,Metroville,2022-11-01,Regular
R010629,Metroville,2022-08-24,Regular
R010630,Metroville,2022-02-16,Power
R010631,Metroville,2021-05-13,Regular
R010632,Capital City,2021-10-12,Power
R010633,Metroville,2021-07-25,Occasional
R010634,Metroville,2021-03-05,New
R010635,Capital City,2021-12-31,Occasional
R010636,Metroville,2022-02-17,Regular
R010637,Capital City,2021-05-14,Occasional
R010638,Capital City,2021-06-26,Regular
R010639,Metroville,2022-08-05,Occasional
R010640,Metroville,2022-08-04,Regular
R010641,Metroville,2021-09-08,New
R010642,Capital City,2022-02-19,Power
R010643,Metroville,2021-04-24,Power
R010644,Capital City,2022-01-15,Regular
R010645,Metroville,2022-03-09,Regular
R010646,Capital City,2021-12-20,Regular
R010647,Metroville,2022-12-24,Regular
R010648,Capital City,2021-07-20,Regular
R010649,Metroville,2021-05-11,Occasional
R010650,Metroville,2021-02-27,Occasional
R010651,Metroville,2021-02-06,Power
R010652,Capital City,2022-08-06,New
R010653,Metroville,2022-11-04,New
R010654,Metroville,2022-05-03,Regular
R010655,Capital City,2021-07-31,Power
R010656,Metroville,2021-06-08,Power
R010657,Capital City,2022-11-07,Occasional
R010658,Capital City,2021-10-26,New
R010659,Metroville,2022-01-14,Regular
R010660,Capital City,2022-06-15,Regular
R010661,Metroville,2022-06-10,Regular
R010662,Metroville,2021-03-17,Power
R010663,Capital City,2022-06-09,Occasional
R010664,Capital City,2022-10-23,Power
R010665,Metroville,2022-01-17,Power
R010666,Metroville,2022-06-22,Regular
R010667,Metroville,2021-02-17,Occasional
R010668,Metroville,2021-09-01,Occasional
R010669,Capital City,2021-01-20,Regular
R010670,Metroville,2021-01-23,Occasional
R010671,Metroville,2021-09-10,Occasional
R010672,Metroville,2021-04-27,Occasional
R010673,Metroville,2021-01-22,Occasional
R010674,Capital City,2022-01-27,Power
R010675,Capital City,2021-05-19,Occasional
R010676,Metroville,2021-06-01,Occasional
R010677,Capital City,2022-01-23,Regular
R010678,Metroville,2021-04-11,Regular
R010679,Capital City,2022-03-01,Occasional
R010680,Metroville,2021-10-30,Power
R010681,Metroville,2022-01-30,Regular
R010682,Metroville,2022-07-19,Regular
R010683,Metroville,2022-09-16,Regular
R010684,Metroville,2021-09-23,New
R010685,Capital City,2022-11-19,Regular
R010686,Metroville,2021-08-12,Power
R010687,Metroville,2022-05-22,Regular
R010688,Metroville,2022-12-29,Occasional
R010689,Metroville,2021-03-18,New
R010690,Capital City,2022-05-18,Power
R010691,Metroville,2021-01-22,New
R010692,Metroville,2022-05-11,Occasional
R010693,Metroville,2021-09-11,Regular
R010694,Capital City,2021-04-03,Regular
R010695,Metroville,2022-05-28,Regular
R010696,Capital City,2022-05-02,Regular
R010697,Capital City,2021-08-27,Power
R010698,Capital City,2022-01-27,Regular
R010699,Capital City,2021-12-13,Regular
R010700,Capital City,2022-06-05,New
R010701,Metroville,2021-11-18,New
R010702,Metroville,2022-06-27,Occasional
R010703,Metroville,2022-12-26,Power
R010704,Capital City,2021-12-26,New
R010705,Capital City,2022-12-22,Regular
R010706,Capital City,2022-10-18,Regular
R010707,Capital City,2021-12-31,New
R010708,Metroville,2022-12-02,Regular
R010709,Metroville,2021-06-12,Power
R010710,Metroville,2022-09-06,Occasional
R010711,Capital City,2022-08-09,Regular
R010712,Metroville,2022-03-10,Occasional
R010713,Metroville,2021-10-08,New
R010714,Metroville,2022-06-16,Regular
R010715,Metroville,2021-03-26,Occasional
R010716,Capital City,2021-05-12,Power
R010717,Metroville,2021-12-29,Regular
R010718,Metroville,2022-11-18,Regular
R010719,Metroville,2022-12-02,Power
R010720,Metroville,2022-06-12,Regular
R010721,Metroville,2022-06-13,Regular
R010722,Capital City,2022-03-17,Occasional
R010723,Metroville,2022-07-07,Regular
R010724,Capital City,2022-05-22,Regular
R010725,Capital City,2022-04-08,Regular
R010726,Capital City,2022-07-07,New
R010727,Metroville,2022-01-19,Power
R010728,Capital City,2021-06-13,Regular
R010729,Metroville,2022-04-25,Occasional
R010730,Capital City,2022-07-03,New
R010731,Capital City,2022-06-15,Occasional
R010732,Capital City,2022-12-10,Occasional
R010733,Metroville,2022-07-05,Power
R010734,Metroville,2022-04-08,Regular
R010735,Capital City,2022-09-20,Occasional
R010736,Metroville,2022-12-11,Regular
R010737,Capital City,2021-02-07,Power
R010738,Metroville,2022-08-14,Occasional
R010739,Metroville,2021-12-09,Regular
R010740,Metroville,2021-03-02,Regular
R010741,Metroville,2022-09-10,Regular
R010742,Metroville,2022-01-20,New
R010743,Capital City,2022-05-31,Power
R010744,Capital City,2022-02-23,Regular
R010745,Capital City,2021-09-21,Regular
R010746,Capital City,2022-05-01,New
R010747,Capital City,2021-12-19,Power
R010748,Capital City,2021-12-16,Occasional
R010749,Metroville,2021-02-24,Power
R010750,Metroville,2022-07-10,Power
R010751,Metroville,2021-07-11,Regular
R010752,Capital City,2021-04-03,Regular
R010753,Capital City,2021-10-14,Regular
R010754,Capital City,2021-01-03,Occasional
R010755,Capital City,2022-10-27,Regular
R010756,Metroville,2022-09-02,Power
R010757,Metroville,2022-08-07,Regular
R010758,Capital City,2022-08-21,Occasional
R010759,Metroville,2022-06-21,Regular
R010760,Metroville,2022-06-19,Power
R010761,Metroville,2021-07-05,Power
R010762,Metroville,2021-12-10,Regular
R010763,Metroville,2021-01-20,Regular
R010764,Capital City,2021-12-14,Power
R010765,Metroville,2022-02-10,New
R010766,Metroville,2021-04-28,Regular
R010767,Metroville,2021-10-19,Power
R010768,Metroville,2021-03-21,Power
R010769,Metroville,2022-04-26,Regular
R010770,Metroville,2022-11-15,Power
R010771,Capital City,2021-04-11,Occasional
R010772,Capital City,2021-05-10,Regular
R010773,Capital City,2022-06-22,Power
R010774,Capital City,2021-07-02,Power
R010775,Metroville,2022-03-06,Occasional
R010776,Metroville,2022-08-02,Regular
R010777,Metroville,2022-01-31,Regular
R010778,Metroville,2022-04-23,Regular
R010779,Metroville,2022-11-08,Regular
R010780,Capital City,2021-03-28,Regular
R010781,Capital City,2022-03-21,Regular
R010782,Metroville,2022-08-25,Regular
R010783,Metroville,2021-07-30,Occasional
R010784,Capital City,2021-05-13,Regular
R010785,Metroville,2021-08-19,Power
R010786,Metroville,2022-06-01,Regular
R010787,Capital City,2022-10-10,Regular
R010788,Capital City,2021-09-07,Occasional
R010789,Metroville,2021-02-21,Occasional
R010790,Metroville,2021-04-12,Regular
R010791,Capital City,2022-10-27,Occasional
R010792,Metroville,2022-07-14,Occasional
R010793,Metroville,2021-07-30,Regular
R010794,Capital City,2021-11-30,Occasional
R010795,Metroville,2021-03-12,Regular
R010796,Capital City,2021-07-29,Regular
R010797,Capital City,2021-12-14,Occasional
R010798,Capital City,2021-08-09,Power
R010799,Capital City,2021-07-19,Power
R010800,Capital City,2021-09-13,New
R010801,Capital City,2022-07-02,Power
R010802,Capital City,2022-02-06,Regular
R010803,Metroville,2021-01-02,Power
R010804,Metroville,2021-12-15,Power
R010805,Metroville,2021-07-12,Regular
R010806,Capital City,2021-01-20,Power
R010807,Metroville,2021-08-25,Power
R010808,Capital City,2021-08-13,Regular
R010809,Metroville,2021-09-03,Regular
R010810,Metroville,2022-04-02,Occasional
R010811,Metroville,2021-05-16,Regular
R010812,Capital City,2021-11-17,Occasional
R010813,Capital City,2021-03-19,Regular
R010814,Capital City,2021-05-14,Power
R010815,Metroville,2021-03-07,Power
R010816,Capital City,2022-11-25,New
R010817,Capital City,2022-06-03,Regular
R010818,Metroville,2022-05-22,Regular
R010819,Metroville,2022-06-08,Regular
R010820,Capital City,2021-09-26,Regular
R010821,Capital City,2022-05-06,Occasional
R010822,Metroville,2021-11-22,Occasional
R010823,Metroville,2022-05-23,Power
R010824,Capital City,2022-02-22,Regular
R010825,Capital City,2021-10-23,New
R010826,Metroville,2021-12-11,Occasional
R010827,Capital City,2021-05-26,Regular
R010828,Capital City,2022-07-25,Regular
R010829,Metroville,2021-12-14,Regular
R010830,Capital City,2022-04-16,New
R010831,Metroville,2021-06-17,Regular
R010832,Metroville,2022-10-07,New
R010833,Metroville,2022-08-17,Power
R010834,Capital City,2022-10-07,Occasional
R010835,Metroville,2022-03-05,Regular
R010836,Metroville,2021-10-03,Occasional
R010837,Capital City,2021-07-19,Occasional
R010838,Metroville,2022-01-06,Power
R010839,Metroville,2022-05-11,Occasional
R010840,Capital City,2021-05-14,Regular
R010841,Capital City,2022-11-20,Power
R010842,Capital City,2021-09-12,Regular
R010843,Metroville,2021-07-26,Regular
R010844,Metroville,2021-04-05,Power
R010845,Capital City,2022-01-22,Regular
R010846,Capital City,2021-10-22,New
R010847,Metroville,2021-09-27,Regular
R010848,Metroville,2021-09-10,Power
R010849,Metroville,2021-10-16,Power
R010850,Metroville,2021-11-09,Power
R010851,Metroville,2021-12-21,Power
R010852,Capital City,2021-08-10,Regular
R010853,Capital City,2022-02-11,New
R010854,Capital City,2022-03-28,Regular
R010855,Metroville,2021-12-06,Power
R010856,Capital City,2022-12-07,Regular
R010857,Capital City,2022-07-02,Regular
R010858,Capital City,2021-10-06,Regular
R010859,Metroville,2022-05-07,Occasional
R010860,Metroville,2022-04-05,Occasional
R010861,Metroville,2021-03-12,Regular
R010862,Metroville,2022-10-16,New
R010863,Metroville,2021-12-30,Occasional
R010864,Capital City,2022-10-09,Power
R010865,Capital City,2022-03-06,Regular
R010866,Capital City,2021-08-06,Power
R010867,Metroville,2021-07-25,Power
R010868,Metroville,2021-06-21,Occasional
R010869,Metroville,2021-03-13,Occasional
R010870,Metroville,2022-10-13,Regular
R010871,Metroville,2022-03-24,Regular
R010872,Metroville,2022-05-13,Occasional
R010873,Metroville,2022-09-23,Power
R010874,Metroville,2022-09-02,Occasional
R010875,Metroville,2022-10-20,Regular
R010876,Metroville,2021-12-29,Occasional
R010877,Capital City,2022-11-23,Regular
R010878,Metroville,2021-06-21,Regular
R010879,Capital City,2022-06-10,New
R010880,Metroville,2022-01-25,Regular
R010881,Capital City,2022-06-14,Regular
R010882,Metroville,2021-02-09,Regular
R010883,Metroville,2022-01-29,Power
R010884,Capital City,2022-04-20,New
R010885,Metroville,2022-02-26,Occasional
R010886,Metroville,2021-02-01,Power
R010887,Capital City,2022-03-26,Occasional
R010888,Metroville,2022-06-20,Occasional
R010889,Capital City,2021-01-09,Occasional
R010890,Metroville,2021-04-23,Regular
R010891,Metroville,2022-08-13,Power
R010892,Capital City,2021-06-24,Power
R010893,Capital City,2022-04-09,Occasional
R010894,Metroville,2022-12-24,Occasional
R010895,Capital City,2022-03-01,Occasional
R010896,Capital City,2022-03-19,Regular
R010897,Metroville,2022-01-12,Power
R010898,Capital City,2021-11-14,Occasional
R010899,Metroville,2021-11-12,Power
R010900,Capital City,2021-05-18,Occasional
R010901,Metroville,2021-03-01,Occasional
R010902,Metroville,2022-12-20,Power
R010903,Metroville,2021-09-05,Regular
R010904,Metroville,2021-03-03,Regular
R010905,Metroville,2021-07-26,Regular
R010906,Metroville,2022-08-02,Regular
R010907,Metroville,2021-11-20,Regular
R010908,Capital City,2022-05-13,Occasional
R010909,Metroville,2022-05-14,Occasional
R010910,Capital City,2022-06-01,Power
R010911,Metroville,2021-09-03,New
R010912,Metroville,2022-05-07,Regular
R010913,Metroville,2021-07-22,Regular
R010914,Metroville,2021-05-10,Occasional
R010915,Capital City,2021-06-15,Regular
R010916,Metroville,2021-09-09,Regular
R010917,Metroville,2021-09-16,Power
R010918,Capital City,2022-01-18,Power
R010919,Capital City,2022-10-06,Occasional
R010920,Metroville,2022-02-15,Occasional
R010921,Metroville,2022-06-23,Power
R010922,Metroville,2021-10-19,Regular
R010923,Capital City,2021-01-17,Power
R010924,Metroville,2021-10-31,Occasional
R010925,Metroville,2022-06-01,Occasional
R010926,Metroville,2021-10-09,Regular
R010927,Capital City,2021-09-28,Regular
R010928,Capital City,2021-06-09,Power
R010929,Metroville,2022-12-02,New
R010930,Metroville,2021-12-14,Regular
R010931,Capital City,2022-08-12,Occasional
R010932,Metroville,2021-05-20,Power
R010933,Metroville,2022-08-23,Power
R010934,Metroville,2022-02-23,Regular
R010935,Metroville,2022-12-23,Regular
R010936,Metroville,2021-08-08,Occasional
R010937,Metroville,2021-02-26,Regular
R010938,Metroville,2022-01-03,Regular
R010939,Capital City,2022-01-19,New
R010940,Capital City,2022-05-16,Regular
R010941,Metroville,2021-10-29,Occasional
R010942,Capital City,2021-10-23,Occasional
R010943,Metroville,2021-01-29,Occasional
R010944,Capital City,2021-11-14,New
R010945,Capital City,2021-01-24,Regular
R010946,Capital City,2021-06-30,Regular
R010947,Capital City,2022-03-01,Power
R010948,Capital City,2022-02-02,New
R010949,Metroville,2021-05-10,Regular
R010950,Metroville,2022-12-09,Regular
R010951,Metroville,2021-05-30,Regular
R010952,Capital City,2022-11-30,Occasional
R010953,Capital City,2022-08-12,Occasional
R010954,Metroville,2022-07-28,Regular
R010955,Metroville,2022-01-28,New
R010956,Metroville,2021-05-30,Regular
R010957,Capital City,2021-03-28,Regular
R010958,Capital City,2021-04-24,Occasional
R010959,Capital City,2021-04-19,Power
R010960,Capital City,2021-05-24,Occasional
R010961,Metroville,2021-11-27,Power
R010962,Metroville,2021-12-07,Regular
R010963,Capital City,2022-06-06,Regular
R010964,Metroville,2021-11-27,Power
R010965,Metroville,2022-10-28,Regular
R010966,Capital City,2021-07-03,Power
R010967,Metroville,2021-12-02,Occasional
R010968,Capital City,2022-06-23,Regular
R010969,Metroville,2021-09-02,Regular
R010970,Capital City,2022-09-12,Power
R010971,Metroville,2022-01-30,Power
R010972,Capital City,2021-05-28,Regular
R010973,Capital City,2021-09-26,Regular
R010974,Capital City,2021-03-18,Occasional
R010975,Capital City,2022-02-24,Occasional
R010976,Metroville,2022-09-28,Power
R010977,Capital City,2022-07-10,Power
R010978,Metroville,2022-09-17,Regular
R010979,Capital City,2021-02-09,Occasional
R010980,Capital City,2021-06-14,Power
R010981,Metroville,2022-07-04,Occasional
R010982,Metroville,2022-11-30,Occasional
R010983,Capital City,2021-01-26,Power
R010984,Metroville,2021-04-24,New
R010985,Capital City,2021-08-19,Occasional
R010986,Metroville,2022-12-05,Occasional
R010987,Capital City,2022-06-24,Power
R010988,Capital City,2022-06-12,Power
R010989,Metroville,2022-10-22,Regular
R010990,Capital City,2021-12-02,Regular
R010991,Metroville,2022-03-17,Occasional
R010992,Metroville,2022-06-05,Occasional
R010993,Metroville,2022-05-08,Power
R010994,Capital City,2022-03-09,Regular
R010995,Metroville,2021-02-25,New
R010996,Capital City,2021-07-14,Regular
R010997,Metroville,2022-10-22,Regular
R010998,Metroville,2021-09-23,Occasional
R010999,Capital City,2022-11-04,New
R011000,Capital City,2021-12-20,Regular
R011001,Capital City,2021-07-20,Regular
R011002,Metroville,2022-12-21,New
R011003,Capital City,2022-07-10,Occasional
R011004,Capital City,2022-02-01,Power
R011005,Metroville,2021-11-07,New
R011006,Capital City,2021-11-27,New
R011007,Metroville,2022-07-25,Regular
R011008,Metroville,2022-09-10,Occasional
R011009,Capital City,2022-08-22,Occasional
R011010,Capital City,2021-07-01,Regular
R011011,Capital City,2021-10-30,Occasional
R011012,Metroville,2021-08-30,Power
R011013,Metroville,2022-10-23,Regular
R011014,Metroville,2021-11-29,Occasional
R011015,Capital City,2022-06-04,Power
R011016,Metroville,2022-08-21,Occasional
R011017,Capital City,2022-06-05,Power
R011018,Capital City,2022-02-18,New
R011019,Metroville,2021-10-16,Regular
R011020,Metroville,2021-01-05,Occasional
R011021,Capital City,2021-02-20,Occasional
R011022,Capital City,2021-09-02,Occasional
R011023,Capital City,2022-07-23,Regular
R011024,Metroville,2021-04-23,Regular
R011025,Capital City,2021-05-23,Regular
R011026,Capital City,2022-02-18,Regular
R011027,Metroville,2021-05-10,Power
R011028,Metroville,2022-06-08,Regular
R011029,Metroville,2021-08-05,Power
R011030,Metroville,2021-01-30,Occasional
R011031,Metroville,2021-09-19,Regular
R011032,Metroville,2022-03-25,Occasional
R011033,Capital City,2022-06-09,Regular
R011034,Capital City,2022-12-25,Power
R011035,Capital City,2022-08-08,Regular
R011036,Metroville,2021-10-02,Power
R011037,Metroville,2022-10-28,Regular
R011038,Capital City,2021-11-19,Regular
R011039,Metroville,2021-04-22,Occasional
R011040,Capital City,2022-04-24,Regular
R011041,Capital City,2021-07-12,Occasional
R011042,Metroville,2022-01-30,Regular
R011043,Metroville,2021-05-29,Occasional
R011044,Metroville,2021-08-17,Power
R011045,Metroville,2021-09-17,Occasional
R011046,Metroville,2021-09-15,New
R011047,Metroville,2021-05-22,Regular
R011048,Capital City,2022-11-22,Occasional
R011049,Metroville,2022-09-30,Occasional
R011050,Capital City,2022-03-13,Regular
R011051,Metroville,2021-03-11,Power
R011052,Metroville,2021-09-21,New
R011053,Metroville,2022-01-11,Regular
R011054,Metroville,2021-01-14,Occasional
R011055,Capital City,2021-01-03,Regular
R011056,Metroville,2022-03-03,Power
R011057,Metroville,2021-11-27,Power
R011058,Capital City,2021-04-14,Power
R011059,Capital City,2022-07-06,Regular
R011060,Capital City,2021-11-02,Power
R011061,Capital City,2022-04-21,Regular
R011062,Capital City,2022-07-02,New
R011063,Capital City,2021-04-09,Regular
R011064,Metroville,2021-10-16,Power
R011065,Metroville,2021-09-20,Regular
R011066,Capital City,2021-12-04,Regular
R011067,Metroville,2021-02-26,Regular
R011068,Metroville,2022-06-28,Regular
R011069,Metroville,2021-01-16,Regular
R011070,Capital City,2021-05-29,Power
R011071,Metroville,2022-09-26,Regular
R011072,Metroville,2021-11-25,Power
R011073,Capital City,2021-01-16,Regular
R011074,Metroville,2022-11-18,Occasional
R011075,Capital City,2022-05-01,Occasional
R011076,Capital City,2022-07-24,New
R011077,Capital City,2022-03-27,Regular
R011078,Capital City,2021-03-29,Regular
R011079,Capital City,2021-06-30,Occasional
R011080,Metroville,2022-03-09,Occasional
R011081,Metroville,2021-02-18,Regular
R011082,Metroville,2022-10-25,Occasional
R011083,Metroville,2021-01-17,Power
R011084,Metroville,2022-05-24,Occasional
R011085,Metroville,2021-08-14,Occasional
R011086,Metroville,2021-11-06,Occasional
R011087,Metroville,2021-06-14,Regular
R011088,Capital City,2022-08-30,Occasional
R011089,Metroville,2021-12-20,Regular
R011090,Capital City,2022-10-15,Regular
R011091,Capital City,2022-09-16,Occasional
R011092,Metroville,2021-08-03,New
R011093,Capital City,2022-02-02,Regular
R011094,Metroville,2021-11-08,Occasional
R011095,Capital City,2021-09-27,Occasional
R011096,Metroville,2022-07-17,Regular
R011097,Metroville,2022-04-18,Regular
R011098,Metroville,2022-06-03,Occasional
R011099,Metroville,2021-08-01,Regular
R011100,Capital City,2022-11-17,Regular
R011101,Metroville,2021-09-15,Regular
R011102,Metroville,2022-12-05,Power
R011103,Capital City,2022-10-19,Regular
R011104,Metroville,2021-03-18,Regular
R011105,Metroville,2021-01-20,Occasional
R011106,Metroville,2021-02-09,Regular
R011107,Metroville,2021-09-16,New
R011108,Capital City,2021-12-07,Power
R011109,Metroville,2022-01-15,New
R011110,Capital City,2021-11-19,Power
R011111,Metroville,2022-06-16,New
R011112,Metroville,2021-11-21,Occasional
R011113,Metroville,2022-11-24,New
R011114,Capital City,2022-12-22,Regular
R011115,Metroville,2022-04-20,Regular
R011116,Metroville,2022-09-06,Regular
R011117,Metroville,2021-01-05,Power
R011118,Metroville,2022-08-15,Occasional
R011119,Capital City,2022-02-01,Power
R011120,Capital City,2021-02-14,Regular
R011121,Capital City,2021-09-13,Regular
R011122,Capital City,2021-08-23,New
R011123,Capital City,2021-09-16,Regular
R011124,Metroville,2022-10-24,Power
R011125,Capital City,2022-10-09,Regular
R011126,Capital City,2021-06-19,Regular
R011127,Capital City,2021-02-28,Occasional
R011128,Metroville,2022-04-28,Regular
R011129,Capital City,2021-01-01,Regular
R011130,Metroville,2021-10-10,New
R011131,Capital City,2022-08-11,Occasional
R011132,Metroville,2021-09-06,Regular
R011133,Capital City,2022-03-22,Occasional
R011134,Capital City,2022-07-20,Power
R011135,Metroville,2022-07-11,Regular
R011136,Capital City,2022-12-14,Occasional
R011137,Capital City,2021-04-20,Power
R011138,Capital City,2022-09-21,Occasional
R011139,Metroville,2022-07-04,Power
R011140,Capital City,2022-03-06,Occasional
R011141,Metroville,2022-08-27,Occasional
R011142,Capital City,2021-07-03,Occasional
R011143,Capital City,2021-11-27,Power
R011144,Capital City,2022-07-13,New
R011145,Capital City,2022-10-14,Regular
R011146,Metroville,2021-02-13,Power
R011147,Metroville,2022-12-21,Regular
R011148,Metroville,2021-02-07,Regular
R011149,Capital City,2022-03-28,New
R011150,Metroville,2022-07-28,Power
R011151,Metroville,2021-10-07,New
R011152,Metroville,2021-12-31,New
R011153,Metroville,2022-07-03,Regular
R011154,Capital City,2022-05-25,Regular
R011155,Capital City,2022-11-27,Occasional
R011156,Metroville,2021-02-09,Occasional
R011157,Metroville,2021-07-05,Occasional
R011158,Capital City,2022-05-25,Regular
R011159,Capital City,2021-10-06,Occasional
R011160,Capital City,2021-01-18,Regular
R011161,Metroville,2022-11-14,Power
R011162,Metroville,2021-03-22,Occasional
R011163,Metroville,2021-07-15,Occasional
R011164,Capital City,2021-03-16,Occasional
R011165,Metroville,2021-02-22,Power
R011166,Capital City,2021-02-25,Regular
R011167,Metroville,2022-09-18,New
R011168,Capital City,2021-11-28,Power
R011169,Capital City,2021-01-25,Regular
R011170,Capital City,2022-02-20,Power
R011171,Metroville,2021-10-04,Regular
R011172,Metroville,2022-11-09,Occasional
R011173,Metroville,2021-04-29,Regular
R011174,Metroville,2022-12-28,Occasional
R011175,Metroville,2022-11-13,New
R011176,Metroville,2021-12-11,Power
R011177,Capital City,2022-06-09,Power
R011178,Capital City,2022-04-21,Regular
R011179,Metroville,2021-12-14,Regular
R011180,Capital City,2022-05-02,Regular
R011181,Metroville,2022-06-11,New
R011182,Capital City,2022-09-30,New
R011183,Capital City,2022-12-16,Occasional
R011184,Capital City,2021-10-27,Regular
R011185,Capital City,2022-12-04,Occasional
R011186,Metroville,2022-12-18,Power
R011187,Metroville,2022-01-21,Power
R011188,Capital City,2022-06-19,Power
R011189,Metroville,2021-02-04,Regular
R011190,Capital City,2021-02-15,Power
R011191,Metroville,2022-10-29,Occasional
R011192,Metroville,2022-05-21,Power
R011193,Metroville,2022-09-25,Regular
R011194,Capital City,2021-02-20,Regular
R011195,Capital City,2022-07-14,Regular
R011196,Metroville,2022-07-14,Occasional
R011197,Metroville,2022-11-17,Regular
R011198,Metroville,2021-11-02,Occasional
R011199,Capital City,2021-07-26,Regular
R011200,Capital City,2022-09-13,Occasional
R011201,Metroville,2022-02-01,Regular
R011202,Metroville,2022-02-05,Regular
R011203,Metroville,2021-06-05,Regular
R011204,Capital City,2021-03-31,Occasional
R011205,Metroville,2022-06-21,Occasional
R011206,Capital City,2021-04-02,Regular
R011207,Capital City,2022-06-03,Occasional
R011208,Capital City,2021-06-26,Regular
R011209,Capital City,2021-11-23,Occasional
R011210,Metroville,2021-10-20,Occasional
R011211,Metroville,2022-08-31,Power
R011212,Capital City,2022-05-09,Regular
R011213,Metroville,2022-05-28,Regular
R011214,Capital City,2022-09-15,Occasional
R011215,Metroville,2022-01-01,Regular
R011216,Metroville,2022-02-04,Occasional
R011217,Metroville,2022-07-08,Regular
R011218,Metroville,2022-12-17,Power
R011219,Capital City,2021-11-16,Power
R011220,Metroville,2021-03-03,Power
R011221,Capital City,2022-02-12,Occasional
R011222,Metroville,2022-12-20,New
R011223,Capital City,2021-11-29,Regular
R011224,Metroville,2022-05-29,Occasional
R011225,Capital City,2021-09-19,New
R011226,Metroville,2022-05-21,Occasional
R011227,Metroville,2022-10-26,Power
R011228,Capital City,2021-02-27,Occasional
R011229,Metroville,2022-03-22,Power
R011230,Capital City,2021-03-07,Power
R011231,Metroville,2021-04-03,Power
R011232,Capital City,2021-12-20,Regular
R011233,Capital City,2022-11-18,Regular
R011234,Capital City,2022-10-25,Power
R011235,Metroville,2022-05-23,Occasional
R011236,Metroville,2021-11-07,New
R011237,Capital City,2022-02-27,Occasional
R011238,Capital City,2021-04-28,Regular
R011239,Metroville,2021-08-08,Occasional
R011240,Capital City,2022-09-19,Regular
R011241,Capital City,2021-01-02,Regular
R011242,Capital City,2021-07-01,Regular
R011243,Capital City,2021-05-29,Occasional
R011244,Capital City,2022-07-10,New
R011245,Capital City,2022-04-19,Power
R011246,Capital City,2022-09-26,Regular
R011247,Capital City,2021-04-27,New
R011248,Metroville,2022-02-03,New
R011249,Capital City,2021-03-26,Power
R011250,Capital City,2021-01-18,Regular
R011251,Metroville,2021-11-30,Regular
R011252,Metroville,2021-02-06,Power
R011253,Metroville,2021-01-21,Occasional
R011254,Capital City,2022-08-18,New
R011255,Metroville,2022-01-26,Regular
R011256,Metroville,2022-07-06,Regular
R011257,Capital City,2021-03-22,Power
R011258,Metroville,2021-01-27,Power
R011259,Metroville,2022-02-10,New
R011260,Metroville,2021-02-18,New
R011261,Metroville,2021-08-26,Regular
R011262,Metroville,2022-10-24,Occasional
R011263,Capital City,2022-01-23,Regular
R011264,Capital City,2022-12-14,New
R011265,Capital City,2021-04-18,New
R011266,Metroville,2021-05-12,Occasional
R011267,Capital City,2021-09-29,Occasional
R011268,Capital City,2021-12-06,New
R011269,Metroville,2021-07-27,New
R011270,Capital City,2021-03-17,Regular
R011271,Capital City,2022-05-08,Regular
R011272,Metroville,2021-08-04,Power
R011273,Capital City,2021-05-10,Power
R011274,Capital City,2021-01-10,Occasional
R011275,Capital City,2022-12-19,Regular
R011276,Metroville,2022-05-08,Occasional
R011277,Capital City,2022-12-11,Occasional
R011278,Capital City,2021-04-10,New
R011279,Metroville,2022-08-27,Occasional
R011280,Metroville,2022-02-19,Occasional
R011281,Capital City,2022-05-04,Occasional
R011282,Capital City,2021-10-20,New
R011283,Metroville,2022-04-27,New
R011284,Metroville,2021-04-07,Regular
R011285,Metroville,2022-10-12,Occasional
R011286,Metroville,2022-11-01,Power
R011287,Metroville,2022-08-14,Occasional
R011288,Metroville,2021-12-14,Regular
R011289,Metroville,2021-08-09,Occasional
R011290,Metroville,2022-03-04,Occasional
R011291,Metroville,2022-06-09,New
R011292,Metroville,2022-07-30,New
R011293,Metroville,2021-12-13,Occasional
R011294,Metroville,2022-06-06,Occasional
R011295,Metroville,2021-03-15,Power
R011296,Metroville,2022-11-24,Power
R011297,Metroville,2022-05-03,Regular
R011298,Metroville,2021-04-29,Regular
R011299,Capital City,2021-10-04,Power
R011300,Capital City,2022-01-30,Occasional
R011301,Metroville,2022-08-17,Power
R011302,Metroville,2022-03-23,New
R011303,Metroville,2022-02-10,Power
R011304,Capital City,2021-03-13,Power
R011305,Metroville,2022-11-22,Regular
R011306,Metroville,2021-07-17,New
R011307,Capital City,2021-11-03,Regular
R011308,Metroville,2021-03-09,Regular
R011309,Capital City,2022-03-12,Regular
R011310,Capital City,2022-12-08,Regular
R011311,Metroville,2022-05-12,Power
R011312,Metroville,2022-01-27,Regular
R011313,Metroville,2022-01-16,Occasional
R011314,Capital City,2022-04-28,Regular
R011315,Capital City,2022-06-05,Regular
R011316,Capital City,2021-06-28,Power
R011317,Capital City,2022-11-07,Power
R011318,Metroville,2021-02-20,Regular
R011319,Capital City,2022-04-22,Regular
R011320,Metroville,2021-01-28,Regular
R011321,Metroville,2021-01-19,Occasional
R011322,Metroville,2022-05-19,Regular
R011323,Capital City,2021-04-19,Regular
R011324,Capital City,2021-12-07,Regular
R011325,Capital City,2021-07-17,Occasional
R011326,Metroville,2022-02-06,Occasional
R011327,Metroville,2022-06-28,Power
R011328,Capital City,2021-10-06,Regular
R011329,Metroville,2021-03-28,Regular
R011330,Metroville,2022-12-26,Occasional
R011331,Capital City,2022-10-27,Occasional
R011332,Capital City,2021-08-16,Occasional
R011333,Capital City,2022-10-22,Regular
R011334,Capital City,2022-06-18,Power
R011335,Metroville,2022-11-09,Regular
R011336,Capital City,2021-03-23,New
R011337,Metroville,2022-08-10,Occasional
R011338,Metroville,2022-06-06,Occasional
R011339,Metroville,2022-08-26,Regular
R011340,Capital City,2022-09-30,New
R011341,Capital City,2022-07-08,Regular
R011342,Capital City,2021-05-05,Regular
R011343,Metroville,2021-06-18,Power
R011344,Metroville,2022-06-06,Regular
R011345,Metroville,2022-05-05,Occasional
R011346,Capital City,2021-07-31,Power
R011347,Capital City,2022-10-13,Power
R011348,Capital City,2021-10-22,Power
R011349,Metroville,2021-09-10,Power
R011350,Metroville,2022-02-17,Power
R011351,Metroville,2022-07-17,New
R011352,Capital City,2022-06-13,Power
R011353,Capital City,2022-04-26,Regular
R011354,Metroville,2021-10-24,Regular
R011355,Metroville,2022-07-05,Regular
R011356,Metroville,2021-04-21,Occasional
R011357,Capital City,2022-04-22,Power
R011358,Metroville,2022-02-25,Regular
R011359,Metroville,2022-03-15,Regular
R011360,Metroville,2021-05-21,Regular
R011361,Metroville,2021-09-29,Occasional
R011362,Metroville,2021-03-22,Regular
R011363,Capital City,2022-06-09,Power
R011364,Metroville,2022-03-29,Regular
R011365,Metroville,2021-08-27,Regular
R011366,Metroville,2022-10-12,Regular
R011367,Metroville,2021-12-29,Regular
R011368,Capital City,2021-11-20,Regular
R011369,Metroville,2021-12-11,Regular
R011370,Metroville,2022-07-14,Power
R011371,Capital City,2021-09-06,Regular
R011372,Capital City,2021-10-07,Occasional
R011373,Metroville,2021-10-26,Occasional
R011374,Capital City,2021-08-02,Regular
R011375,Metroville,2021-04-17,Regular
R011376,Capital City,2021-10-15,Power
R011377,Capital City,2022-07-26,New
R011378,Capital City,2021-08-26,Occasional
R011379,Capital City,2022-12-12,Power
R011380,Metroville,2021-12-07,Occasional
R011381,Capital City,2021-10-21,Power
R011382,Capital City,2022-10-08,Power
R011383,Capital City,2022-02-28,Occasional
R011384,Metroville,2021-05-02,Regular
R011385,Metroville,2021-06-30,Occasional
R011386,Metroville,2022-07-29,Occasional
R011387,Capital City,2021-06-14,Regular
R011388,Capital City,2022-07-06,Power
R011389,Metroville,2022-04-13,Occasional
R011390,Capital City,2021-12-08,New
R011391,Metroville,2021-09-14,Regular
R011392,Metroville,2022-02-22,Regular
R011393,Metroville,2021-09-24,Regular
R011394,Capital City,2022-03-17,Power
R011395,Capital City,2021-12-13,Power
R011396,Capital City,2021-06-05,New
R011397,Metroville,2021-04-21,Regular
R011398,Capital City,2021-08-27,Power
R011399,Metroville,2022-10-20,Regular
R011400,Capital City,2022-01-25,Regular
R011401,Metroville,2022-08-15,Power
R011402,Metroville,2021-09-08,Occasional
R011403,Capital City,2022-06-15,Occasional
R011404,Metroville,2022-07-27,Regular
R011405,Metroville,2022-06-21,New
R011406,Metroville,2022-12-28,Regular
R011407,Metroville,2022-12-19,Occasional
R011408,Metroville,2021-08-07,Occasional
R011409,Metroville,2021-12-14,Regular
R011410,Metroville,2021-08-16,Power
R011411,Metroville,2021-11-13,Occasional
R011412,Metroville,2021-11-02,New
R011413,Metroville,2021-11-23,Power
R011414,Capital City,2021-12-15,Power
R011415,Metroville,2021-12-04,New
R011416,Capital City,2021-08-18,Regular
R011417,Metroville,2022-02-20,Occasional
R011418,Metroville,2021-03-16,New
R011419,Metroville,2021-05-09,Regular
R011420,Capital City,2022-10-21,Regular
R011421,Capital City,2021-11-09,Power
R011422,Capital City,2022-11-23,Power
R011423,Capital City,2022-08-27,Regular
R011424,Capital City,2021-12-03,Regular
R011425,Metroville,2021-06-01,Occasional
R011426,Capital City,2022-07-19,Regular
R011427,Metroville,2022-06-17,Occasional
R011428,Metroville,2021-10-12,New
R011429,Capital City,2022-04-15,Regular
R011430,Metroville,2022-01-10,Occasional
R011431,Metroville,2021-07-29,Regular
R011432,Metroville,2021-01-05,Regular
R011433,Metroville,2021-08-19,Occasional
R011434,Capital City,2021-03-22,Occasional
R011435,Capital City,2021-01-26,Regular
R011436,Metroville,2021-12-20,Occasional
R011437,Capital City,2021-01-18,Occasional
R011438,Capital City,2022-11-03,Occasional
R011439,Metroville,2021-03-06,Occasional
R011440,Capital City,2021-12-03,Power
R011441,Capital City,2021-10-24,Occasional
R011442,Metroville,2022-04-24,Power
R011443,Capital City,2022-04-28,New
R011444,Capital City,2021-08-30,Regular
R011445,Capital City,2022-11-27,New
R011446,Capital City,2021-12-27,Regular
R011447,Capital City,2021-03-26,Regular
R011448,Capital City,2021-01-08,Regular
R011449,Capital City,2021-02-08,Regular
R011450,Metroville,2022-12-04,Occasional
R011451,Metroville,2021-01-17,Occasional
R011452,Capital City,2021-02-19,Power
R011453,Metroville,2021-03-12,Power
R011454,Metroville,2022-08-03,Power
R011455,Capital City,2022-04-09,Regular
R011456,Metroville,2021-04-22,Regular
R011457,Capital City,2021-09-22,Occasional
R011458,Capital City,2021-02-03,Occasional
R011459,Capital City,2022-08-04,Power
R011460,Metroville,2022-04-16,New
R011461,Capital City,2022-04-23,Power
R011462,Metroville,2021-04-25,Regular
R011463,Metroville,2021-05-19,Occasional
R011464,Metroville,2021-02-22,Occasional
R011465,Capital City,2022-07-20,Occasional
R011466,Capital City,2022-12-20,Regular
R011467,Capital City,2022-09-04,Power
R011468,Capital City,2022-09-29,Power
R011469,Metroville,2021-03-13,New
R011470,Metroville,2021-01-03,Occasional
R011471,Metroville,2021-12-04,Occasional
R011472,Metroville,2021-11-20,Occasional
R011473,Metroville,2021-01-08,Power
R011474,Capital City,2021-05-11,Regular
R011475,Metroville,2022-10-11,Power
R011476,Metroville,2021-07-20,Occasional
R011477,Capital City,2022-06-22,Regular
R011478,Metroville,2021-10-25,Occasional
R011479,Metroville,2022-07-16,Regular
R011480,Metroville,2021-10-21,Regular
R011481,Metroville,2022-04-18,Power
R011482,Metroville,2021-01-23,New
R011483,Metroville,2022-02-26,Regular
R011484,Capital City,2021-08-07,Occasional
R011485,Metroville,2021-07-05,Occasional
R011486,Metroville,2021-02-26,Power
R011487,Metroville,2021-12-06,Occasional
R011488,Capital City,2021-05-11,Power
R011489,Capital City,2022-02-20,Regular
R011490,Capital City,2021-11-06,New
R011491,Capital City,2022-10-02,Power
R011492,Capital City,2022-09-12,Regular
R011493,Metroville,2021-03-21,New
R011494,Metroville,2021-05-25,Regular
R011495,Metroville,2022-01-14,Power
R011496,Metroville,2022-08-08,Occasional
R011497,Metroville,2022-04-01,Regular
R011498,Metroville,2022-06-01,Regular
R011499,Capital City,2021-11-20,Power
R011500,Capital City,2021-01-16,Regular
R011501,Metroville,2022-02-20,Regular
R011502,Metroville,2022-12-26,Occasional
R011503,Capital City,2022-07-13,Regular
R011504,Metroville,2021-08-16,Power
R011505,Metroville,2022-12-31,Power
R011506,Capital City,2022-09-24,Occasional
R011507,Metroville,2022-10-22,New
R011508,Metroville,2021-01-18,Regular
R011509,Capital City,2021-10-31,Occasional
R011510,Metroville,2021-07-13,Occasional
R011511,Capital City,2021-11-01,Regular
R011512,Metroville,2021-03-02,Regular
R011513,Metroville,2022-03-12,New
R011514,Capital City,2021-10-17,Occasional
R011515,Metroville,2022-07-11,Regular
R011516,Metroville,2022-07-05,Regular
R011517,Metroville,2021-12-14,Occasional
R011518,Metroville,2022-06-25,New
R011519,Capital City,2021-01-11,Occasional
R011520,Metroville,2022-08-17,Power
R011521,Capital City,2022-06-13,Regular
R011522,Capital City,2021-08-21,Power
R011523,Metroville,2022-06-29,Regular
R011524,Metroville,2021-08-05,Occasional
R011525,Metroville,2022-09-11,Power
R011526,Capital City,2021-09-27,Regular
R011527,Metroville,2021-05-31,Occasional
R011528,Metroville,2022-05-29,Regular
R011529,Capital City,2022-06-25,Occasional
R011530,Metroville,2022-06-10,Regular
R011531,Metroville,2022-11-02,Occasional
R011532,Metroville,2022-06-28,Occasional
R011533,Metroville,2022-06-19,Regular
R011534,Metroville,2022-04-11,Regular
R011535,Capital City,2021-11-09,Regular
R011536,Capital City,2021-10-07,Regular
R011537,Metroville,2021-03-31,New
R011538,Metroville,2021-04-02,New
R011539,Metroville,2022-09-12,Occasional
R011540,Capital City,2021-03-21,Occasional
R011541,Capital City,2022-07-15,New
R011542,Capital City,2022-10-12,Regular
R011543,Metroville,2022-03-07,Regular
R011544,Metroville,2022-10-06,Occasional
R011545,Capital City,2021-12-11,Occasional
R011546,Capital City,2022-08-27,Regular
R011547,Metroville,2022-03-24,Power
R011548,Metroville,2022-10-28,Regular
R011549,Metroville,2022-01-16,New
R011550,Metroville,2022-12-02,Occasional
R011551,Capital City,2021-05-12,Regular
R011552,Capital City,2022-05-06,Regular
R011553,Metroville,2021-08-30,Occasional
R011554,Capital City,2021-08-23,New
R011555,Capital City,2021-02-12,Regular
R011556,Metroville,2022-09-20,Regular
R011557,Capital City,2022-12-23,Power
R011558,Capital City,2022-10-31,Regular
R011559,Metroville,2022-04-04,Occasional
R011560,Capital City,2022-12-25,Occasional
R011561,Capital City,2021-02-19,Regular
R011562,Metroville,2021-05-15,Regular
R011563,Metroville,2022-11-20,Regular
R011564,Metroville,2022-09-24,Regular
R011565,Capital City,2022-05-30,Power
R011566,Capital City,2021-07-16,Regular
R011567,Metroville,2022-12-25,Regular
R011568,Capital City,2021-12-13,Occasional
R011569,Metroville,2021-04-24,Power
R011570,Metroville,2021-07-18,Power
R011571,Metroville,2022-04-04,Regular
R011572,Metroville,2021-08-22,Power
R011573,Capital City,2021-09-04,Occasional
R011574,Metroville,2022-01-21,Occasional
R011575,Capital City,2021-04-23,Occasional
R011576,Capital City,2021-10-19,Occasional
R011577,Metroville,2022-01-22,Occasional
R011578,Capital City,2021-12-18,Power
R011579,Metroville,2021-02-02,Occasional
R011580,Metroville,2022-01-15,Regular
R011581,Capital City,2022-02-13,Regular
R011582,Capital City,2022-05-01,New
R011583,Capital City,2021-12-28,Power
R011584,Capital City,2021-02-19,Power
R011585,Metroville,2021-11-19,Occasional
R011586,Capital City,2021-12-10,Regular
R011587,Capital City,2021-04-16,New
R011588,Capital City,2022-11-04,Regular
R011589,Capital City,2022-01-02,Regular
R011590,Capital City,2022-01-28,Occasional
R011591,Metroville,2022-09-21,Occasional
R011592,Metroville,2022-12-29,Regular
R011593,Metroville,2021-09-21,Occasional
R011594,Capital City,2021-01-16,Regular
R011595,Metroville,2021-11-16,Occasional
R011596,Capital City,2022-08-12,Regular
R011597,Metroville,2022-12-06,Regular
R011598,Metroville,2021-04-25,Regular
R011599,Metroville,2022-08-29,New
R011600,Capital City,2021-07-07,Regular
R011601,Capital City,2022-03-21,Occasional
R011602,Capital City,2021-01-15,Regular
R011603,Capital City,2022-04-22,New
R011604,Metroville,2021-12-20,Power
R011605,Metroville,2021-09-26,Occasional
R011606,Metroville,2021-04-08,Regular
R011607,Metroville,2021-01-29,Regular
R011608,Metroville,2021-02-26,Regular
R011609,Capital City,2021-09-02,Occasional
R011610,Metroville,2021-07-23,Occasional
R011611,Metroville,2021-11-04,Regular
R011612,Metroville,2021-02-24,Regular
R011613,Metroville,2022-06-23,Power
R011614,Metroville,2022-12-29,Regular
R011615,Metroville,2021-03-19,Regular
R011616,Metroville,2022-02-06,Regular
R011617,Metroville,2022-12-15,Regular
R011618,Capital City,2021-03-24,Regular
R011619,Metroville,2021-12-29,New
R011620,Metroville,2022-11-16,New
R011621,Capital City,2022-02-02,Occasional
R011622,Metroville,2021-02-06,Power
R011623,Capital City,2021-10-04,Power
R011624,Metroville,2022-05-07,Occasional
R011625,Capital City,2021-04-20,Regular
R011626,Capital City,2021-08-23,Regular
R011627,Capital City,2021-11-18,Occasional
R011628,Metroville,2021-04-14,Power
R011629,Metroville,2022-10-10,Regular
R011630,Metroville,2022-01-10,Occasional
R011631,Capital City,2021-10-20,Regular
R011632,Metroville,2021-09-01,Regular
R011633,Capital City,2021-02-26,Regular
R011634,Metroville,2021-01-15,Regular
R011635,Metroville,2022-09-21,Power
R011636,Metroville,2021-12-03,Regular
R011637,Metroville,2022-03-07,New
R011638,Metroville,2021-04-20,Regular
R011639,Metroville,2022-06-16,New
R011640,Metroville,2021-01-02,Occasional
R011641,Metroville,2022-08-08,Regular
R011642,Capital City,2021-07-18,Regular
R011643,Capital City,2021-05-26,Occasional
R011644,Metroville,2021-08-03,Occasional
R011645,Capital City,2022-11-30,Occasional
R011646,Capital City,2022-08-24,Regular
R011647,Metroville,2021-08-10,Power
R011648,Capital City,2022-10-04,Occasional
R011649,Capital City,2022-02-27,Regular
R011650,Metroville,2021-02-11,Regular
R011651,Metroville,2021-06-19,Regular
R011652,Metroville,2021-09-10,Power
R011653,Capital City,2022-07-13,Occasional
R011654,Capital City,2021-10-02,Regular
R011655,Metroville,2022-09-05,Occasional
R011656,Metroville,2021-08-26,New
R011657,Metroville,2021-02-22,Regular
R011658,Metroville,2021-06-27,Power
R011659,Capital City,2022-04-30,Occasional
R011660,Metroville,2022-04-27,Regular
R011661,Capital City,2022-05-30,Occasional
R011662,Metroville,2022-07-11,Occasional
R011663,Metroville,2021-02-25,Regular
R011664,Capital City,2021-01-15,Occasional
R011665,Capital City,2022-10-02,Occasional
R011666,Metroville,2022-09-15,Occasional
R011667,Capital City,2021-10-13,Occasional
R011668,Capital City,2022-12-03,Power
R011669,Metroville,2022-07-21,Power
R011670,Metroville,2022-02-01,Occasional
R011671,Metroville,2021-12-05,Occasional
R011672,Capital City,2022-03-20,New
R011673,Capital City,2022-05-21,Regular
R011674,Metroville,2022-04-13,Regular
R011675,Metroville,2021-02-19,Occasional
R011676,Metroville,2021-09-01,Occasional
R011677,Metroville,2021-02-14,Regular
R011678,Metroville,2022-08-28,Power
R011679,Metroville,2021-02-19,Regular
R011680,Capital City,2022-08-15,Power
R011681,Capital City,2021-07-03,Regular
R011682,Metroville,2021-03-24,Power
R011683,Capital City,2021-08-16,Occasional
R011684,Metroville,2022-10-01,Regular
R011685,Metroville,2021-01-23,Occasional
R011686,Metroville,2022-01-26,Power
R011687,Metroville,2022-05-17,New
R011688,Metroville,2021-05-22,Occasional
R011689,Metroville,2021-04-26,New
R011690,Metroville,2022-10-27,Regular
R011691,Capital City,2021-03-13,Occasional
R011692,Capital City,2022-01-15,Power
R011693,Capital City,2021-12-11,Regular
R011694,Metroville,2021-12-07,Power
R011695,Metroville,2021-03-03,Regular
R011696,Capital City,2021-03-15,Regular
R011697,Capital City,2021-06-05,Power
R011698,Capital City,2021-10-11,Regular
R011699,Metroville,2022-05-08,Occasional
R011700,Metroville,2022-05-18,Regular
R011701,Metroville,2022-04-11,Occasional
R011702,Metroville,2022-09-05,Power
R011703,Metroville,2022-03-10,Regular
R011704,Capital City,2022-10-04,New
R011705,Metroville,2022-09-09,Occasional
R011706,Metroville,2022-10-02,Regular
R011707,Capital City,2022-01-18,Power
R011708,Metroville,2021-05-05,New
R011709,Capital City,2022-06-23,Power
R011710,Metroville,2022-09-05,Occasional
R011711,Metroville,2021-05-25,Regular
R011712,Metroville,2021-12-21,New
R011713,Capital City,2022-08-24,Power
R011714,Metroville,2022-02-15,Occasional
R011715,Metroville,2021-12-08,Regular
R011716,Capital City,2021-05-21,Occasional
R011717,Capital City,2022-12-31,Regular
R011718,Metroville,2022-02-17,Occasional
R011719,Metroville,2022-10-30,Regular
R011720,Metroville,2021-05-07,Occasional
R011721,Capital City,2021-07-02,Power
R011722,Capital City,2022-06-21,Power
R011723,Capital City,2021-11-30,Occasional
R011724,Metroville,2021-10-25,Occasional
R011725,Capital City,2022-02-08,Regular
R011726,Metroville,2021-12-24,Power
R011727,Metroville,2021-02-05,Power
R011728,Capital City,2022-08-25,Regular
R011729,Capital City,2021-07-18,Power
R011730,Metroville,2021-02-21,New
R011731,Capital City,2021-04-25,Regular
R011732,Metroville,2021-05-07,Regular
R011733,Metroville,2022-05-19,Regular
R011734,Capital City,2022-09-14,Regular
R011735,Capital City,2021-11-23,Regular
R011736,Metroville,2022-12-23,Occasional
R011737,Capital City,2021-06-29,Occasional
R011738,Metroville,2021-09-17,Power
R011739,Metroville,2022-02-12,Regular
R011740,Metroville,2022-08-06,New
R011741,Metroville,2022-03-04,Occasional
R011742,Metroville,2022-05-22,Power
R011743,Metroville,2021-08-08,Regular
R011744,Metroville,2021-02-04,Regular
R011745,Capital City,2021-09-22,Occasional
R011746,Capital City,2022-08-04,Power
R011747,Capital City,2021-04-26,Occasional
R011748,Capital City,2022-03-17,Regular
R011749,Capital City,2022-08-05,Occasional
R011750,Capital City,2021-02-19,Occasional
R011751,Capital City,2021-01-12,Power
R011752,Capital City,2022-11-27,New
R011753,Metroville,2021-04-28,Regular
R011754,Capital City,2022-02-08,Occasional
R011755,Metroville,2022-02-19,Regular
R011756,Metroville,2021-08-05,Regular
R011757,Metroville,2021-01-26,Regular
R011758,Metroville,2022-08-28,Occasional
R011759,Metroville,2022-03-27,Regular
R011760,Metroville,2021-01-08,Power
R011761,Metroville,2021-05-24,Power
R011762,Capital City,2021-08-30,Regular
R011763,Metroville,2021-03-26,Occasional
R011764,Metroville,2022-05-26,Occasional
R011765,Metroville,2021-08-13,Occasional
R011766,Metroville,2022-03-09,Power
R011767,Metroville,2021-01-10,Power
R011768,Metroville,2021-12-12,Regular
R011769,Metroville,2022-11-02,Power
R011770,Metroville,2022-01-25,Occasional
R011771,Capital City,2022-07-29,Occasional
R011772,Metroville,2022-05-31,Power
R011773,Capital City,2022-05-16,Occasional
R011774,Metroville,2021-01-14,Power
R011775,Capital City,2022-11-09,Occasional
R011776,Capital City,2022-07-02,Regular
R011777,Metroville,2021-08-20,Regular
R011778,Metroville,2021-11-26,Occasional
R011779,Metroville,2022-03-01,Regular
R011780,Metroville,2021-02-25,Regular
R011781,Capital City,2022-07-22,Power
R011782,Metroville,2022-12-10,Power
R011783,Metroville,2021-06-19,Occasional
R011784,Capital City,2021-11-26,Regular
R011785,Capital City,2022-01-21,Regular
R011786,Metroville,2021-10-26,Occasional
R011787,Capital City,2021-02-06,Occasional
R011788,Capital City,2021-09-04,Power
R011789,Metroville,2022-01-10,Occasional
R011790,Capital City,2021-11-27,Occasional
R011791,Metroville,2021-11-27,Power
R011792,Capital City,2022-10-20,Occasional
R011793,Capital City,2021-07-10,Regular
R011794,Metroville,2022-03-18,Power
R011795,Capital City,2022-03-18,Regular
R011796,Metroville,2021-01-18,Occasional
R011797,Metroville,2022-06-16,Regular
R011798,Metroville,2021-01-14,Occasional
R011799,Metroville,2021-06-19,Regular
R011800,Metroville,2021-11-24,Regular
R011801,Metroville,2022-09-24,Regular
R011802,Metroville,2022-08-20,Power
R011803,Metroville,2022-02-04,Occasional
R011804,Capital City,2021-05-17,Occasional
R011805,Capital City,2022-11-07,Occasional
R011806,Metroville,2021-01-05,Occasional
R011807,Capital City,2022-02-24,Regular
R011808,Metroville,2021-09-20,Power
R011809,Metroville,2021-03-02,Occasional
R011810,Metroville,2022-07-18,Power
R011811,Capital City,2021-05-20,New
R011812,Metroville,2022-08-14,Regular
R011813,Metroville,2021-10-06,Occasional
R011814,Capital City,2021-01-19,Power
R011815,Metroville,2021-08-25,Occasional
R011816,Metroville,2022-03-09,Regular
R011817,Metroville,2022-08-06,Occasional
R011818,Capital City,2022-06-01,Regular
R011819,Capital City,2022-05-23,Occasional
R011820,Metroville,2022-06-15,Regular
R011821,Metroville,2021-03-06,Occasional
R011822,Metroville,2022-12-23,Occasional
R011823,Capital City,2021-12-27,Occasional
R011824,Capital City,2021-05-22,Regular
R011825,Metroville,2022-09-19,Regular
R011826,Capital City,2021-02-06,Regular
R011827,Metroville,2022-08-03,Occasional
R011828,Metroville,2021-12-12,Power
R011829,Metroville,2021-10-21,Regular
R011830,Capital City,2021-02-05,Occasional
R011831,Metroville,2022-07-13,Regular
R011832,Capital City,2022-11-05,Power
R011833,Capital City,2022-09-25,Power
R011834,Metroville,2022-01-02,Regular
R011835,Metroville,2021-09-03,Occasional
R011836,Metroville,2022-07-02,New
R011837,Capital City,2022-11-09,Power
R011838,Metroville,2022-09-03,Occasional
R011839,Metroville,2021-07-23,Occasional
R011840,Capital City,2021-03-07,Regular
R011841,Capital City,2022-01-20,Power
R011842,Metroville,2021-05-04,Regular
R011843,Metroville,2021-10-14,Regular
R011844,Metroville,2022-08-02,Occasional
R011845,Metroville,2021-03-30,New
R011846,Metroville,2021-11-14,Regular
R011847,Metroville,2022-04-26,Power
R011848,Capital City,2022-11-28,Occasional
R011849,Capital City,2022-09-02,New
R011850,Capital City,2022-04-30,Regular
R011851,Capital City,2021-11-21,Regular
R011852,Capital City,2021-08-19,Regular
R011853,Capital City,2022-02-26,Power
R011854,Metroville,2021-01-27,Power
R011855,Metroville,2021-05-01,Regular
R011856,Metroville,2022-07-09,Power
R011857,Metroville,2021-03-04,Occasional
R011858,Capital City,2021-12-13,Power
R011859,Capital City,2021-01-23,Regular
R011860,Metroville,2021-02-14,Regular
R011861,Capital City,2021-02-26,Regular
R011862,Metroville,2022-10-02,Power
R011863,Metroville,2021-09-14,Occasional
R011864,Metroville,2021-03-07,Regular
R011865,Metroville,2021-12-06,Occasional
R011866,Capital City,2022-03-26,Regular
R011867,Metroville,2021-03-25,New
R011868,Capital City,2021-03-04,New
R011869,Capital City,2021-10-03,New
R011870,Metroville,2021-12-21,Power
R011871,Metroville,2022-12-21,Regular
R011872,Metroville,2022-09-01,Regular
R011873,Metroville,2022-09-04,Regular
R011874,Metroville,2022-10-09,Power
R011875,Capital City,2022-08-30,Occasional
R011876,Capital City,2021-08-19,Regular
R011877,Capital City,2021-03-16,Occasional
R011878,Metroville,2021-02-16,Regular
R011879,Metroville,2021-07-29,Regular
R011880,Metroville,2022-05-16,Regular
R011881,Metroville,2022-12-09,Regular
R011882,Capital City,2021-05-11,Regular
R011883,Metroville,2021-05-25,Occasional
R011884,Capital City,2021-05-25,Regular
R011885,Capital City,2021-08-28,Regular
R011886,Metroville,2022-03-27,Regular
R011887,Capital City,2021-01-21,Regular
R011888,Capital City,2022-09-27,Regular
R011889,Capital City,2021-05-04,Regular
R011890,Metroville,2022-06-30,Occasional
R011891,Capital City,2021-12-04,Regular
R011892,Capital City,2021-08-24,New
R011893,Metroville,2021-03-12,Power
R011894,Capital City,2021-01-12,Occasional
R011895,Metroville,2021-10-14,Occasional
R011896,Metroville,2022-03-02,Occasional
R011897,Metroville,2021-05-26,New
R011898,Metroville,2022-08-26,Power
R011899,Metroville,2022-09-22,Occasional
R011900,Capital City,2022-02-02,Occasional
R011901,Metroville,2022-10-28,Regular
R011902,Metroville,2021-01-01,Occasional
R011903,Metroville,2021-06-30,New
R011904,Metroville,2022-06-26,Regular
R011905,Metroville,2021-11-12,Regular
R011906,Metroville,2021-01-14,Occasional
R011907,Metroville,2022-12-12,New
R011908,Metroville,2021-11-24,Power
R011909,Metroville,2021-06-11,Regular
R011910,Capital City,2021-07-01,Power
R011911,Metroville,2021-07-08,New
R011912,Capital City,2021-08-19,New
R011913,Metroville,2022-10-28,Power
R011914,Capital City,2021-07-19,Occasional
R011915,Capital City,2021-05-13,Power
R011916,Metroville,2021-06-29,Regular
R011917,Metroville,2021-01-01,Regular
R011918,Metroville,2021-03-05,Occasional
R011919,Metroville,2022-08-27,Occasional
R011920,Capital City,2022-06-03,Occasional
R011921,Capital City,2021-02-26,Regular
R011922,Capital City,2022-09-03,Power
R011923,Metroville,2022-06-30,Regular
R011924,Metroville,2021-04-28,Power
R011925,Capital City,2021-01-20,Regular
R011926,Metroville,2022-07-01,Regular
R011927,Metroville,2022-12-27,Power
R011928,Metroville,2021-06-12,Power
R011929,Capital City,2021-10-01,Power
R011930,Metroville,2022-02-14,Regular
R011931,Metroville,2022-08-29,New
R011932,Capital City,2022-11-22,Regular
R011933,Capital City,2022-08-23,Regular
R011934,Metroville,2021-05-23,Occasional
R011935,Metroville,2022-06-04,Regular
R011936,Metroville,2021-03-04,Power
R011937,Capital City,2022-07-20,Occasional
R011938,Capital City,2022-10-04,Occasional
R011939,Metroville,2021-06-05,New
R011940,Capital City,2022-04-14,Occasional
R011941,Capital City,2022-11-27,Occasional
R011942,Metroville,2022-10-07,Power
R011943,Metroville,2022-08-27,Power
R011944,Metroville,2021-08-01,Regular
R011945,Capital City,2022-03-02,Regular
R011946,Capital City,2021-12-25,Occasional
R011947,Capital City,2021-06-23,Regular
R011948,Metroville,2022-07-10,Regular
R011949,Capital City,2021-10-25,Occasional
R011950,Metroville,2021-02-27,Power
R011951,Capital City,2023-01-01,Power
R011952,Metroville,2022-04-22,Regular
R011953,Metroville,2022-02-28,Regular
R011954,Metroville,2022-11-15,Occasional
R011955,Metroville,2021-07-19,New
R011956,Capital City,2022-03-07,Power
R011957,Metroville,2021-02-26,Regular
R011958,Metroville,2021-07-04,Regular
R011959,Metroville,2021-10-03,Occasional
R011960,Metroville,2022-08-11,New
R011961,Capital City,2021-05-21,Regular
R011962,Metroville,2021-08-17,Power
R011963,Metroville,2021-01-20,Regular
R011964,Metroville,2022-02-15,Regular
R011965,Metroville,2021-07-15,Power
R011966,Metroville,2022-01-06,Regular
R011967,Metroville,2021-04-21,New
R011968,Metroville,2021-06-29,Regular
R011969,Metroville,2021-07-28,Occasional
R011970,Metroville,2022-06-01,Regular
R011971,Capital City,2021-01-27,Power
R011972,Metroville,2022-09-22,Regular
R011973,Metroville,2021-02-22,New
R011974,Metroville,2022-11-17,New
R011975,Capital City,2022-05-04,Power
R011976,Capital City,2022-11-25,New
R011977,Metroville,2022-06-23,Regular
R011978,Metroville,2022-08-09,Occasional
R011979,Capital City,2022-03-01,Regular
R011980,Capital City,2022-05-26,Occasional
R011981,Capital City,2022-08-17,Regular
R011982,Metroville,2021-04-25,Regular
R011983,Capital City,2021-06-15,Occasional
R011984,Metroville,2022-05-25,Regular
R011985,Capital City,2021-05-06,Regular
R011986,Capital City,2021-12-30,Occasional
R011987,Metroville,2022-03-23,Occasional
R011988,Metroville,2022-08-23,Power
R011989,Metroville,2021-04-04,Power
R011990,Capital City,2021-10-26,Power
R011991,Metroville,2022-10-17,Regular
R011992,Capital City,2021-06-17,Occasional
R011993,Metroville,2022-04-15,Regular
R011994,Metroville,2022-04-10,Occasional
R011995,Metroville,2021-12-07,Regular
R011996,Metroville,2021-03-07,Occasional
R011997,Metroville,2022-07-18,Power
R011998,Metroville,2021-11-18,Power
R011999,Metroville,2021-09-21,Regular
R012000,Metroville,2022-10-08,Occasional
R012001,Capital City,2022-04-16,Occasional
R012002,Metroville,2021-02-08,Power
R012003,Capital City,2021-10-23,Occasional
R012004,Capital City,2021-01-20,Occasional
R012005,Metroville,2022-08-08,Regular
R012006,Metroville,2021-07-02,Power
R012007,Metroville,2022-06-07,Occasional
R012008,Capital City,2022-10-21,Regular
R012009,Metroville,2021-03-28,New
R012010,Metroville,2022-04-01,Regular
R012011,Metroville,2021-03-24,Regular
R012012,Capital City,2021-01-18,Occasional
R012013,Metroville,2021-03-11,Occasional
R012014,Capital City,2022-06-18,Regular
R012015,Metroville,2021-12-16,Power
R012016,Capital City,2021-06-03,Regular
R012017,Metroville,2021-02-27,Occasional
R012018,Metroville,2021-03-09,Occasional
R012019,Metroville,2021-07-27,Regular
R012020,Metroville,2021-04-22,Power
R012021,Metroville,2022-07-18,Regular
R012022,Capital City,2021-10-29,Occasional
R012023,Metroville,2022-07-28,Regular
R012024,Metroville,2022-02-12,Occasional
R012025,Metroville,2021-10-14,Regular
R012026,Metroville,2021-12-09,Regular
R012027,Metroville,2022-12-06,Regular
R012028,Metroville,2021-04-23,Power
R012029,Metroville,2022-04-23,Regular
R012030,Capital City,2022-10-14,Regular
R012031,Capital City,2022-03-31,New
R012032,Capital City,2022-08-27,New
R012033,Metroville,2021-07-06,New
R012034,Metroville,2022-09-11,Regular
R012035,Capital City,2021-01-31,Occasional
R012036,Capital City,2021-06-19,Regular
R012037,Metroville,2021-11-11,Regular
R012038,Capital City,2022-10-26,Regular
R012039,Metroville,2022-01-29,Regular
R012040,Capital City,2021-03-17,Regular
R012041,Capital City,2022-10-02,Regular
R012042,Metroville,2021-12-26,Regular
R012043,Capital City,2022-01-25,Regular
R012044,Metroville,2022-03-28,New
R012045,Metroville,2022-08-05,New
R012046,Metroville,2022-05-15,Occasional
R012047,Metroville,2022-03-27,Occasional
R012048,Capital City,2022-12-22,New
R012049,Metroville,2022-09-23,Power
R012050,Metroville,2021-12-11,Regular
R012051,Capital City,2022-05-19,Occasional
R012052,Metroville,2021-12-10,Occasional
R012053,Metroville,2022-09-16,New
R012054,Capital City,2022-08-28,Occasional
R012055,Metroville,2022-07-06,Occasional
R012056,Capital City,2021-07-11,Regular
R012057,Metroville,2022-02-22,Power
R012058,Metroville,2021-05-09,Regular
R012059,Metroville,2021-08-18,Occasional
R012060,Capital City,2022-09-26,Occasional
R012061,Metroville,2021-07-09,Occasional
R012062,Capital City,2022-01-09,Occasional
R012063,Metroville,2021-01-14,Occasional
R012064,Metroville,2021-05-26,Regular
R012065,Metroville,2022-03-19,Power
R012066,Metroville,2021-06-16,Power
R012067,Metroville,2022-03-30,New
R012068,Metroville,2021-04-19,Regular
R012069,Metroville,2022-09-22,Occasional
R012070,Capital City,2022-11-13,Occasional
R012071,Metroville,2022-07-11,Power
R012072,Metroville,2022-02-10,Regular
R012073,Metroville,2021-11-29,Regular
R012074,Capital City,2022-06-30,Regular
R012075,Metroville,2022-01-13,Regular
R012076,Metroville,2021-02-06,Regular
R012077,Metroville,2021-07-06,Occasional
R012078,Capital City,2021-06-16,Regular
R012079,Metroville,2021-05-03,Regular
R012080,Capital City,2021-11-15,Regular
R012081,Capital City,2021-08-31,Power
R012082,Capital City,2021-05-05,Regular
R012083,Metroville,2022-08-24,Regular
R012084,Capital City,2022-04-11,New
R012085,Capital City,2022-12-23,Occasional
R012086,Metroville,2021-01-28,Occasional
R012087,Metroville,2021-07-25,Occasional
R012088,Capital City,2021-01-01,Power
R012089,Metroville,2022-07-26,Power
R012090,Capital City,2021-02-27,Occasional
R012091,Metroville,2022-08-25,Occasional
R012092,Metroville,2022-08-08,Regular
R012093,Metroville,2021-12-10,Power
R012094,Metroville,2021-05-30,Occasional
R012095,Capital City,2022-04-03,Occasional
R012096,Metroville,2022-11-08,New
R012097,Metroville,2021-03-18,Regular
R012098,Capital City,2021-12-18,Occasional
R012099,Capital City,2021-01-07,Occasional
R012100,Metroville,2022-04-21,Power
R012101,Capital City,2021-02-06,Regular
R012102,Capital City,2021-04-18,New
R012103,Metroville,2021-10-30,Occasional
R012104,Metroville,2021-01-08,Occasional
R012105,Metroville,2021-09-20,Occasional
R012106,Metroville,2022-06-28,Power
R012107,Capital City,2021-10-09,Regular
R012108,Capital City,2022-01-04,Occasional
R012109,Capital City,2021-09-09,Regular
R012110,Capital City,2021-08-05,Power
R012111,Capital City,2022-03-14,Power
R012112,Metroville,2022-03-25,Power
R012113,Metroville,2021-10-20,Regular
R012114,Capital City,2021-07-17,Occasional
R012115,Metroville,2022-05-12,Regular
R012116,Metroville,2022-02-23,Regular
R012117,Metroville,2021-03-22,Regular
R012118,Metroville,2022-10-04,Power
R012119,Capital City,2022-02-23,Regular
R012120,Capital City,2021-11-11,Occasional
R012121,Metroville,2022-02-15,Occasional
R012122,Metroville,2022-10-01,Regular
R012123,Metroville,2021-03-23,Occasional
R012124,Metroville,2022-10-12,New
R012125,Metroville,2022-10-15,New
R012126,Metroville,2022-05-01,Power
R012127,Metroville,2022-09-28,Power
R012128,Capital City,2022-07-16,Occasional
R012129,Capital City,2021-05-22,Regular
R012130,Capital City,2022-11-04,Regular
R012131,Metroville,2022-10-07,Regular
R012132,Metroville,2022-03-15,Occasional
R012133,Capital City,2021-06-13,Occasional
R012134,Capital City,2021-08-15,Occasional
R012135,Metroville,2022-12-22,Regular
R012136,Capital City,2021-10-24,Regular
R012137,Metroville,2021-02-07,Regular
R012138,Metroville,2021-07-30,New
R012139,Metroville,2022-08-15,Regular
R012140,Metroville,2021-08-28,Regular
R012141,Metroville,2021-08-10,Occasional
R012142,Capital City,2021-07-23,Regular
R012143,Metroville,2021-01-30,Occasional
R012144,Metroville,2021-02-07,Occasional
R012145,Metroville,2021-07-05,Occasional
R012146,Capital City,2021-01-17,Regular
R012147,Capital City,2022-08-27,Occasional
R012148,Metroville,2021-11-12,New
R012149,Metroville,2022-12-18,Occasional
R012150,Capital City,2021-04-10,Power
R012151,Capital City,2022-06-21,Occasional
R012152,Capital City,2022-12-25,Regular
R012153,Metroville,2021-10-23,Regular
R012154,Metroville,2021-01-12,Occasional
R012155,Capital City,2021-07-03,Occasional
R012156,Capital City,2022-01-13,Occasional
R012157,Metroville,2022-04-26,Regular
R012158,Metroville,2021-02-23,Regular
R012159,Capital City,2021-07-10,Regular
R012160,Metroville,2021-01-31,Occasional
R012161,Metroville,2021-04-18,Occasional
R012162,Metroville,2022-11-19,Occasional
R012163,Capital City,2021-04-20,Power
R012164,Capital City,2021-09-29,Regular
R012165,Capital City,2022-07-13,Regular
R012166,Metroville,2021-02-10,Regular
R012167,Capital City,2021-07-14,Occasional
R012168,Capital City,2022-05-16,Occasional
R012169,Metroville,2022-07-06,Occasional
R012170,Capital City,2022-10-17,Occasional
R012171,Capital City,2021-12-22,Regular
R012172,Capital City,2022-08-18,Occasional
R012173,Capital City,2021-07-24,Occasional
R012174,Capital City,2022-01-05,Regular
R012175,Capital City,2022-11-10,Occasional
R012176,Metroville,2021-10-26,Regular
R012177,Capital City,2021-08-12,Regular
R012178,Metroville,2021-12-09,Power
R012179,Capital City,2022-07-11,Regular
R012180,Metroville,2021-12-15,Occasional
R012181,Capital City,2022-09-08,New
R012182,Capital City,2022-01-20,Regular
R012183,Capital City,2021-02-05,Regular
R012184,Metroville,2022-04-21,New
R012185,Metroville,2021-06-28,Occasional
R012186,Capital City,2022-09-03,Regular
R012187,Metroville,2022-03-10,New
R012188,Capital City,2022-03-01,New
R012189,Metroville,2021-08-25,Regular
R012190,Metroville,2022-03-07,Occasional
R012191,Metroville,2022-04-05,Power
R012192,Metroville,2022-05-28,Occasional
R012193,Capital City,2022-12-30,New
R012194,Capital City,2021-03-26,Power
R012195,Capital City,2021-05-29,Power
R012196,Capital City,2021-11-24,New
R012197,Capital City,2022-05-24,Regular
R012198,Metroville,2022-02-23,Regular
R012199,Metroville,2021-03-14,Occasional
R012200,Metroville,2021-07-23,Power
R012201,Capital City,2022-11-26,Regular
R012202,Metroville,2021-09-14,Power
R012203,Capital City,2021-04-09,Power
R012204,Capital City,2021-08-20,Power
R012205,Metroville,2022-11-04,Regular
R012206,Capital City,2022-01-02,Regular
R012207,Capital City,2022-12-26,Occasional
R012208,Capital City,2021-04-11,Regular
R012209,Metroville,2021-09-17,Occasional
R012210,Capital City,2022-01-30,Regular
R012211,Capital City,2022-03-02,Power
R012212,Capital City,2022-01-04,New
R012213,Capital City,2022-09-14,Regular
R012214,Metroville,2022-12-27,Power
R012215,Capital City,2022-01-08,Regular
R012216,Capital City,2022-06-25,Occasional
R012217,Metroville,2021-11-16,Occasional
R012218,Metroville,2022-01-03,Regular
R012219,Metroville,2022-12-23,Occasional
R012220,Metroville,2022-09-20,Occasional
R012221,Metroville,2021-10-17,Regular
R012222,Metroville,2021-08-16,Regular
R012223,Metroville,2022-06-13,Power
R012224,Metroville,2022-10-07,Regular
R012225,Metroville,2021-07-09,Regular
R012226,Capital City,2021-07-24,Regular
R012227,Metroville,2022-07-28,Occasional
R012228,Metroville,2021-11-07,Regular
R012229,Capital City,2022-08-28,Regular
R012230,Metroville,2021-08-20,Occasional
R012231,Capital City,2022-12-25,Occasional
R012232,Metroville,2022-07-26,Occasional
R012233,Metroville,2021-02-28,New
R012234,Metroville,2022-04-20,Regular
R012235,Capital City,2022-05-15,Occasional
R012236,Metroville,2021-09-07,Power
R012237,Capital City,2021-11-23,Regular
R012238,Capital City,2021-12-14,Occasional
R012239,Capital City,2022-03-01,Power
R012240,Metroville,2021-12-24,Regular
R012241,Capital City,2021-10-20,Regular
R012242,Metroville,2022-06-29,Regular
R012243,Capital City,2021-07-01,Power
R012244,Metroville,2022-04-01,Power
R012245,Metroville,2022-09-12,Power
R012246,Metroville,2021-10-09,Regular
R012247,Metroville,2021-02-28,Regular
R012248,Metroville,2021-10-09,New
R012249,Metroville,2022-07-20,Power
R012250,Capital City,2022-08-11,Occasional
R012251,Metroville,2022-01-04,Power
R012252,Capital City,2021-10-14,Power
R012253,Capital City,2022-12-27,Regular
R012254,Metroville,2021-12-30,Power
R012255,Capital City,2021-01-05,Occasional
R012256,Metroville,2022-06-12,Occasional
R012257,Metroville,2022-09-10,Regular
R012258,Metroville,2022-06-21,Regular
R012259,Metroville,2022-03-16,Power
R012260,Capital City,2022-11-21,Power
R012261,Capital City,2022-08-18,Regular
R012262,Capital City,2021-11-23,Power
R012263,Capital City,2021-10-27,Occasional
R012264,Metroville,2022-01-27,Regular
R012265,Metroville,2022-11-30,Power
R012266,Metroville,2022-07-21,Power
R012267,Metroville,2021-02-18,Occasional
R012268,Metroville,2022-06-12,Regular
R012269,Metroville,2021-08-29,Occasional
R012270,Metroville,2021-02-19,New
R012271,Metroville,2022-04-04,Power
R012272,Metroville,2022-09-02,Occasional
R012273,Metroville,2021-10-27,New
R012274,Metroville,2021-08-19,Occasional
R012275,Capital City,2021-06-17,Regular
R012276,Metroville,2021-08-12,New
R012277,Capital City,2021-02-02,Regular
R012278,Metroville,2022-08-24,Regular
R012279,Metroville,2022-02-03,Occasional
R012280,Capital City,2021-11-18,Occasional
R012281,Metroville,2021-08-06,Power
R012282,Metroville,2021-11-29,New
R012283,Capital City,2022-08-20,Regular
R012284,Metroville,2022-09-11,Power
R012285,Capital City,2022-09-13,Regular
R012286,Metroville,2022-12-11,Regular
R012287,Metroville,2022-08-25,Occasional
R012288,Capital City,2022-07-26,Power
R012289,Metroville,2022-01-14,Power
R012290,Metroville,2021-08-07,Regular
R012291,Metroville,2022-12-19,Regular
R012292,Metroville,2021-01-31,Power
R012293,Metroville,2022-05-04,New
R012294,Metroville,2022-11-09,Regular
R012295,Metroville,2021-02-06,Power
R012296,Metroville,2022-01-16,Occasional
R012297,Capital City,2021-10-19,New
R012298,Metroville,2021-04-30,New
R012299,Metroville,2022-12-24,New
R012300,Metroville,2021-10-14,Regular
R012301,Metroville,2021-08-28,Occasional
R012302,Metroville,2022-03-11,Power
R012303,Capital City,2022-03-19,Occasional
R012304,Metroville,2021-08-22,Occasional
R012305,Metroville,2022-10-09,Power
R012306,Capital City,2021-10-19,Regular
R012307,Metroville,2022-04-23,Occasional
R012308,Capital City,2021-04-09,Occasional
R012309,Metroville,2022-07-29,Regular
R012310,Metroville,2021-07-27,Occasional
R012311,Metroville,2022-06-24,Power
R012312,Metroville,2022-04-21,Power
R012313,Metroville,2022-03-20,Regular
R012314,Metroville,2022-09-06,Regular
R012315,Capital City,2022-04-07,Regular
R012316,Metroville,2021-01-14,Power
R012317,Metroville,2022-04-23,Regular
R012318,Metroville,2021-02-18,Occasional
R012319,Metroville,2021-10-19,Occasional
R012320,Capital City,2022-06-12,Power
R012321,Metroville,2021-09-03,Regular
R012322,Metroville,2021-01-08,Occasional
R012323,Metroville,2022-09-18,Power
R012324,Capital City,2021-01-14,Regular
R012325,Capital City,2021-08-05,Regular
R012326,Metroville,2021-04-16,Regular
R012327,Metroville,2022-06-30,Occasional
R012328,Metroville,2022-06-22,Regular
R012329,Capital City,2021-05-06,Occasional
R012330,Metroville,2021-03-28,Regular
R012331,Metroville,2021-03-23,Power
R012332,Metroville,2022-08-02,Power
R012333,Metroville,2022-05-12,Occasional
R012334,Metroville,2022-08-31,Occasional
R012335,Metroville,2022-08-19,Power
R012336,Metroville,2021-11-17,Occasional
R012337,Metroville,2022-11-23,Occasional
R012338,Metroville,2022-03-27,Occasional
R012339,Metroville,2022-06-19,Occasional
R012340,Capital City,2022-08-05,New
R012341,Metroville,2021-10-22,Power
R012342,Capital City,2022-12-14,Regular
R012343,Metroville,2021-04-10,Regular
R012344,Metroville,2022-06-11,Power
R012345,Capital City,2022-09-30,Power
R012346,Metroville,2022-11-10,Occasional
R012347,Metroville,2021-12-08,Regular
R012348,Capital City,2021-11-10,Regular
R012349,Capital City,2021-07-13,Occasional
R012350,Capital City,2022-02-22,Regular
R012351,Capital City,2021-01-15,Power
R012352,Capital City,2021-03-24,New
R012353,Capital City,2022-05-10,Occasional
R012354,Capital City,2022-05-19,New
R012355,Capital City,2022-01-22,New
R012356,Metroville,2021-10-22,Regular
R012357,Metroville,2021-08-29,Regular
R012358,Metroville,2022-10-31,Regular
R012359,Metroville,2021-07-28,Power
R012360,Metroville,2021-10-21,Regular
R012361,Metroville,2021-03-13,Regular
R012362,Metroville,2022-11-10,Occasional
R012363,Capital City,2022-02-24,Regular
R012364,Capital City,2022-09-11,Power
R012365,Capital City,2022-04-01,Regular
R012366,Metroville,2021-12-25,Regular
R012367,Metroville,2022-03-20,Regular
R012368,Capital City,2022-01-07,Regular
R012369,Metroville,2021-01-03,Occasional
R012370,Capital City,2021-10-30,Occasional
R012371,Metroville,2022-04-24,Regular
R012372,Metroville,2022-02-08,New
R012373,Capital City,2022-11-14,Occasional
R012374,Metroville,2022-06-29,New
R012375,Capital City,2022-11-21,Power
R012376,Metroville,2023-01-01,Regular
R012377,Metroville,2022-11-09,Regular
R012378,Capital City,2021-02-24,New
R012379,Metroville,2022-02-06,Regular
R012380,Metroville,2022-05-29,Power
R012381,Metroville,2022-03-15,Regular
R012382,Metroville,2021-09-05,Occasional
R012383,Capital City,2022-03-21,Power
R012384,Metroville,2021-04-20,Occasional
R012385,Metroville,2022-09-20,Power
R012386,Metroville,2021-10-17,Regular
R012387,Metroville,2022-06-26,Regular
R012388,Metroville,2022-04-18,Occasional
R012389,Capital City,2021-08-16,Occasional
R012390,Capital City,2021-12-25,Occasional
R012391,Capital City,2022-01-24,Occasional
R012392,Capital City,2022-02-24,Regular
R012393,Metroville,2022-09-09,Occasional
R012394,Metroville,2022-09-24,New
R012395,Metroville,2021-02-15,Regular
R012396,Metroville,2022-12-19,Regular
R012397,Capital City,2021-02-01,Occasional
R012398,Capital City,2021-06-15,Occasional
R012399,Capital City,2022-08-21,Power
R012400,Capital City,2022-01-27,Power
R012401,Metroville,2021-12-28,Power
R012402,Capital City,2021-12-27,Power
R012403,Capital City,2021-05-08,New
R012404,Metroville,2021-07-09,Regular
R012405,Metroville,2021-04-22,Power
R012406,Metroville,2021-12-17,Occasional
R012407,Metroville,2022-05-03,Regular
R012408,Capital City,2021-03-07,Power
R012409,Metroville,2022-03-25,Regular
R012410,Metroville,2022-05-31,Occasional
R012411,Metroville,2021-05-13,Regular
R012412,Metroville,2021-12-04,Regular
R012413,Capital City,2022-10-04,Regular
R012414,Metroville,2022-09-15,Regular
R012415,Capital City,2022-08-21,Occasional
R012416,Metroville,2021-03-28,Occasional
R012417,Capital City,2021-04-25,New
R012418,Capital City,2022-08-31,Regular
R012419,Capital City,2022-11-20,New
R012420,Metroville,2021-05-11,Power
R012421,Metroville,2021-03-02,Regular
R012422,Capital City,2022-06-20,Occasional
R012423,Metroville,2022-06-18,Regular
R012424,Capital City,2021-01-10,Regular
R012425,Metroville,2021-10-02,Regular
R012426,Capital City,2022-09-22,Power
R012427,Metroville,2022-10-17,Occasional
R012428,Metroville,2021-06-21,Regular
R012429,Capital City,2021-04-08,Regular
R012430,Metroville,2022-01-15,Occasional
R012431,Metroville,2022-02-27,Occasional
R012432,Metroville,2021-09-03,New
R012433,Metroville,2022-06-09,Regular
R012434,Metroville,2021-07-04,Power
R012435,Metroville,2022-07-28,Power
R012436,Capital City,2022-11-18,Power
R012437,Metroville,2022-08-24,Regular
R012438,Metroville,2022-06-19,Regular
R012439,Capital City,2021-10-30,Regular
R012440,Metroville,2021-06-17,Regular
R012441,Capital City,2021-01-03,Regular
R012442,Metroville,2022-04-18,Regular
R012443,Capital City,2021-06-07,Regular
R012444,Metroville,2022-01-11,Regular
R012445,Capital City,2021-12-23,Occasional
R012446,Capital City,2021-09-29,Occasional
R012447,Metroville,2021-03-28,Occasional
R012448,Metroville,2022-09-03,Occasional
R012449,Metroville,2021-10-12,Occasional
R012450,Metroville,2022-10-24,Regular
R012451,Capital City,2021-08-25,New
R012452,Metroville,2021-10-29,Regular
R012453,Capital City,2021-07-14,New
R012454,Capital City,2021-08-04,Regular
R012455,Metroville,2022-12-10,Regular
R012456,Capital City,2022-07-15,Regular
R012457,Metroville,2021-04-28,Regular
R012458,Capital City,2022-03-27,Occasional
R012459,Capital City,2021-01-18,Power
R012460,Capital City,2022-08-22,Occasional
R012461,Capital City,2022-03-11,Occasional
R012462,Metroville,2022-11-16,Power
R012463,Metroville,2021-06-01,Occasional
R012464,Metroville,2022-10-31,Occasional
R012465,Metroville,2021-01-21,Regular
R012466,Metroville,2022-06-21,New
R012467,Metroville,2021-11-20,Regular
R012468,Metroville,2021-08-13,Power
R012469,Capital City,2021-01-30,Power
R012470,Metroville,2021-07-05,Regular
R012471,Metroville,2021-07-25,Regular
R012472,Metroville,2022-10-17,Power
R012473,Metroville,2022-07-16,Power
R012474,Metroville,2021-10-10,Power
R012475,Metroville,2021-07-29,Power
R012476,Metroville,2021-12-04,Power
R012477,Metroville,2021-06-05,Regular
R012478,Metroville,2021-11-28,Regular
R012479,Capital City,2021-11-17,Power
R012480,Capital City,2021-04-20,New
R012481,Metroville,2022-03-29,Occasional
R012482,Metroville,2022-06-04,Power
R012483,Metroville,2022-06-27,Occasional
R012484,Metroville,2022-12-29,Regular
R012485,Metroville,2022-07-22,Regular
R012486,Metroville,2021-05-26,Regular
R012487,Capital City,2022-05-23,Regular
R012488,Capital City,2021-05-05,Regular
R012489,Metroville,2021-01-18,Occasional
R012490,Metroville,2022-12-23,Occasional
R012491,Metroville,2021-07-25,Regular
R012492,Capital City,2021-09-22,Occasional
R012493,Metroville,2021-08-04,Power
R012494,Capital City,2021-01-07,Regular
R012495,Capital City,2021-07-13,Power
R012496,Metroville,2022-04-11,Regular
R012497,Capital City,2022-02-25,Regular
R012498,Metroville,2022-05-21,Regular
R012499,Capital City,2022-03-04,Power
R012500,Capital City,2021-01-06,Power
R012501,Metroville,2022-04-02,Regular
R012502,Capital City,2021-06-15,Power
R012503,Metroville,2022-09-02,Regular
R012504,Metroville,2022-07-10,Regular
R012505,Metroville,2022-05-17,Regular
R012506,Capital City,2022-11-16,Occasional
R012507,Capital City,2021-07-04,Regular
R012508,Metroville,2022-05-03,Occasional
R012509,Capital City,2022-03-09,Occasional
R012510,Capital City,2022-11-22,Power
R012511,Metroville,2021-03-18,Regular
R012512,Capital City,2022-08-03,Occasional
R012513,Metroville,2022-03-23,Occasional
R012514,Metroville,2022-08-18,Power
R012515,Metroville,2022-03-31,Regular
R012516,Metroville,2022-11-10,Occasional
R012517,Capital City,2021-03-15,Power
R012518,Capital City,2022-04-22,Occasional
R012519,Metroville,2022-05-31,Occasional
R012520,Capital City,2021-07-03,Power
R012521,Capital City,2022-09-05,Occasional
R012522,Metroville,2022-12-31,Regular
R012523,Metroville,2021-03-08,Regular
R012524,Metroville,2022-01-11,Occasional
R012525,Metroville,2021-03-25,Occasional
R012526,Metroville,2021-04-22,Occasional
R012527,Metroville,2021-12-20,Regular
R012528,Capital City,2022-02-03,Regular
R012529,Capital City,2022-10-08,Regular
R012530,Metroville,2021-01-09,Regular
R012531,Metroville,2021-06-18,Occasional
R012532,Capital City,2022-04-06,Regular
R012533,Metroville,2022-08-18,Regular
R012534,Metroville,2021-11-09,Power
R012535,Capital City,2021-04-15,Occasional
R012536,Metroville,2022-03-06,Regular
R012537,Capital City,2022-02-03,Regular
R012538,Capital City,2022-11-04,Regular
R012539,Capital City,2021-04-01,Regular
R012540,Metroville,2022-12-22,Occasional
R012541,Capital City,2022-01-02,Power
R012542,Capital City,2022-05-22,New
R012543,Metroville,2022-03-21,New
R012544,Capital City,2022-07-05,Occasional
R012545,Capital City,2022-04-14,Occasional
R012546,Metroville,2022-12-16,Power
R012547,Metroville,2021-06-30,Regular
R012548,Metroville,2021-02-27,Regular
R012549,Metroville,2021-05-14,Power
R012550,Capital City,2022-09-15,Power
R012551,Metroville,2021-01-27,Power
R012552,Capital City,2021-12-06,Regular
R012553,Capital City,2021-03-03,Power
R012554,Metroville,2022-04-13,Occasional
R012555,Capital City,2021-03-31,Regular
R012556,Capital City,2021-03-23,Occasional
R012557,Metroville,2021-04-23,Occasional
R012558,Metroville,2021-06-16,New
R012559,Metroville,2022-06-04,Regular
R012560,Metroville,2021-10-06,Regular
R012561,Metroville,2022-05-21,Power
R012562,Capital City,2022-02-03,Power
R012563,Metroville,2022-04-01,Power
R012564,Capital City,2022-06-07,Occasional
R012565,Metroville,2021-05-16,Regular
R012566,Metroville,2021-03-28,Power
R012567,Metroville,2021-11-23,Occasional
R012568,Metroville,2022-07-26,Regular
R012569,Metroville,2021-10-02,Power
R012570,Metroville,2022-05-09,Power
R012571,Metroville,2021-10-14,Occasional
R012572,Capital City,2021-12-20,Power
R012573,Metroville,2022-08-03,Regular
R012574,Metroville,2021-08-29,Power
R012575,Metroville,2022-09-28,Regular
R012576,Metroville,2021-08-12,Occasional
R012577,Capital City,2022-06-30,Power
R012578,Metroville,2021-09-18,Power
R012579,Capital City,2022-06-26,Regular
R012580,Capital City,2022-07-05,Occasional
R012581,Metroville,2022-06-22,Occasional
R012582,Metroville,2021-05-28,Regular
R012583,Capital City,2021-08-17,Power
R012584,Capital City,2022-07-01,Regular
R012585,Capital City,2021-03-09,Regular
R012586,Metroville,2022-03-19,Regular
R012587,Metroville,2022-12-11,Occasional
R012588,Capital City,2022-02-18,Power
R012589,Capital City,2022-07-19,Power
R012590,Metroville,2022-07-04,New
R012591,Capital City,2021-11-24,Occasional
R012592,Capital City,2021-01-28,Occasional
R012593,Metroville,2021-04-19,Occasional
R012594,Capital City,2022-06-23,New
R012595,Metroville,2022-10-22,Occasional
R012596,Capital City,2022-08-08,Power
R012597,Metroville,2022-10-20,Regular
R012598,Capital City,2021-10-22,Occasional
R012599,Metroville,2022-04-25,Regular
R012600,Capital City,2021-09-23,New
R012601,Metroville,2021-03-12,Occasional
R012602,Metroville,2021-11-15,Regular
R012603,Metroville,2022-09-21,Regular
R012604,Metroville,2021-07-11,Regular
R012605,Capital City,2022-08-14,Occasional
R012606,Metroville,2022-12-20,Regular
R012607,Metroville,2021-04-24,Occasional
R012608,Metroville,2022-09-21,Regular
R012609,Capital City,2021-12-11,New
R012610,Metroville,2021-12-04,Occasional
R012611,Capital City,2022-12-11,Power
R012612,Metroville,2022-09-11,Power
R012613,Metroville,2022-12-19,Power
R012614,Metroville,2021-03-13,New
R012615,Capital City,2022-11-18,Occasional
R012616,Capital City,2022-08-19,Regular
R012617,Metroville,2022-04-22,Occasional
R012618,Capital City,2022-10-08,Occasional
R012619,Capital City,2022-04-02,Occasional
R012620,Metroville,2022-08-08,Regular
R012621,Capital City,2021-03-30,Power
R012622,Metroville,2021-04-27,Occasional
R012623,Metroville,2022-12-19,Regular
R012624,Metroville,2022-12-23,Occasional
R012625,Metroville,2022-09-15,Regular
R012626,Capital City,2021-06-25,Power
R012627,Metroville,2022-01-20,Occasional
R012628,Metroville,2021-01-07,Power
R012629,Capital City,2022-10-06,Power
R012630,Metroville,2022-06-08,Occasional
R012631,Metroville,2022-08-12,Regular
R012632,Metroville,2021-08-28,Occasional
R012633,Capital City,2021-06-04,Regular
R012634,Metroville,2021-10-04,Regular
R012635,Metroville,2022-07-18,Occasional
R012636,Metroville,2022-02-21,Occasional
R012637,Metroville,2022-01-27,Occasional
R012638,Metroville,2021-08-29,Power
R012639,Metroville,2022-07-27,New
R012640,Metroville,2022-04-27,Occasional
R012641,Metroville,2022-11-05,Regular
R012642,Metroville,2021-06-24,Regular
R012643,Metroville,2021-01-23,Regular
R012644,Capital City,2022-04-03,New
R012645,Metroville,2021-03-30,Occasional
R012646,Metroville,2021-06-24,Regular
R012647,Capital City,2022-08-28,Occasional
R012648,Metroville,2022-12-11,Regular
R012649,Capital City,2022-11-17,Regular
R012650,Metroville,2022-09-18,Occasional
R012651,Metroville,2021-06-23,Occasional
R012652,Capital City,2022-03-04,Regular
R012653,Capital City,2022-09-18,Regular
R012654,Capital City,2021-07-27,Power
R012655,Metroville,2021-11-02,New
R012656,Capital City,2022-08-09,Regular
R012657,Capital City,2022-12-31,Power
R012658,Metroville,2022-05-17,Regular
R012659,Metroville,2022-12-08,Regular
R012660,Metroville,2022-05-14,Occasional
R012661,Metroville,2021-10-21,Regular
R012662,Metroville,2021-12-03,Occasional
R012663,Metroville,2022-08-04,New
R012664,Metroville,2022-01-05,Regular
R012665,Metroville,2021-03-01,Occasional
R012666,Metroville,2022-03-14,New
R012667,Metroville,2022-05-15,Power
R012668,Metroville,2021-01-31,Occasional
R012669,Capital City,2021-12-04,New
R012670,Capital City,2021-01-28,Power
R012671,Metroville,2022-09-08,Power
R012672,Metroville,2021-08-16,Power
R012673,Metroville,2022-07-12,Regular
R012674,Capital City,2022-09-11,Regular
R012675,Metroville,2022-05-17,Regular
R012676,Capital City,2022-09-19,Power
R012677,Capital City,2022-03-19,Power
R012678,Metroville,2022-01-01,Regular
R012679,Metroville,2022-10-15,Occasional
R012680,Metroville,2021-04-11,Regular
R012681,Metroville,2022-01-25,Occasional
R012682,Metroville,2022-09-02,Power
R012683,Capital City,2021-12-28,New
R012684,Capital City,2022-10-07,Regular
R012685,Capital City,2022-11-18,Power
R012686,Metroville,2021-04-22,New
R012687,Metroville,2022-07-31,Occasional
R012688,Metroville,2022-07-03,Power
R012689,Capital City,2021-10-20,Power
R012690,Capital City,2021-07-07,Regular
R012691,Metroville,2022-01-24,Power
R012692,Metroville,2021-04-27,Regular
R012693,Metroville,2022-06-30,Occasional
R012694,Capital City,2021-02-05,Occasional
R012695,Capital City,2021-10-23,Power
R012696,Metroville,2022-08-01,Regular
R012697,Metroville,2021-02-17,Power
R012698,Metroville,2021-01-28,Regular
R012699,Capital City,2022-02-27,Occasional
R012700,Capital City,2021-04-02,Power
R012701,Metroville,2022-03-14,Occasional
R012702,Metroville,2022-01-10,Occasional
R012703,Capital City,2022-09-17,Regular
R012704,Metroville,2022-03-30,Power
R012705,Metroville,2021-08-08,Occasional
R012706,Metroville,2021-02-23,Occasional
R012707,Capital City,2021-12-20,Regular
R012708,Capital City,2022-04-05,Regular
R012709,Metroville,2021-01-03,Power
R012710,Metroville,2022-10-15,Power
R012711,Capital City,2022-12-30,Power
R012712,Capital City,2022-08-02,Regular
R012713,Capital City,2021-03-01,Regular
R012714,Metroville,2022-08-04,Regular
R012715,Metroville,2022-02-08,Occasional
R012716,Metroville,2022-08-03,Regular
R012717,Metroville,2021-11-28,Occasional
R012718,Capital City,2021-10-01,Regular
R012719,Metroville,2021-08-30,Regular
R012720,Metroville,2022-10-25,Occasional
R012721,Metroville,2022-09-08,Regular
R012722,Metroville,2021-05-20,Regular
R012723,Capital City,2021-10-21,Regular
R012724,Capital City,2022-03-22,New
R012725,Metroville,2022-08-06,Power
R012726,Capital City,2022-10-01,Occasional
R012727,Metroville,2022-02-05,Occasional
R012728,Metroville,2022-08-24,Regular
R012729,Capital City,2022-06-29,Power
R012730,Metroville,2021-12-03,New
R012731,Capital City,2022-01-05,Regular
R012732,Metroville,2022-02-09,Occasional
R012733,Capital City,2021-08-13,Power
R012734,Metroville,2021-10-24,Occasional
R012735,Capital City,2021-08-27,New
R012736,Metroville,2021-01-21,Occasional
R012737,Capital City,2021-11-04,Regular
R012738,Metroville,2021-04-25,Power
R012739,Metroville,2021-03-21,Power
R012740,Metroville,2022-01-25,Regular
R012741,Metroville,2022-08-13,Regular
R012742,Metroville,2021-03-03,Occasional
R012743,Metroville,2022-04-25,Power
R012744,Metroville,2021-12-05,Occasional
R012745,Metroville,2021-10-30,Occasional
R012746,Metroville,2021-06-18,Regular
R012747,Capital City,2021-08-10,Occasional
R012748,Metroville,2021-06-29,Occasional
R012749,Capital City,2021-07-04,Regular
R012750,Capital City,2021-08-15,Occasional
R012751,Capital City,2021-07-05,Occasional
R012752,Capital City,2021-07-01,Regular
R012753,Metroville,2022-05-11,Regular
R012754,Capital City,2021-12-04,Regular
R012755,Metroville,2022-10-08,Power
R012756,Metroville,2021-05-17,Regular
R012757,Capital City,2021-10-27,New
R012758,Metroville,2021-07-11,Regular
R012759,Capital City,2021-05-20,Occasional
R012760,Metroville,2021-01-21,Power
R012761,Metroville,2022-05-22,Regular
R012762,Metroville,2021-01-12,Regular
R012763,Capital City,2022-10-04,Regular
R012764,Metroville,2022-05-06,Power
R012765,Metroville,2021-12-27,Occasional
R012766,Metroville,2022-12-30,Occasional
R012767,Metroville,2022-06-07,Regular
R012768,Metroville,2022-12-15,Occasional
R012769,Capital City,2021-12-26,Occasional
R012770,Metroville,2021-06-09,Occasional
R012771,Capital City,2021-09-03,Occasional
R012772,Capital City,2022-08-18,Occasional
R012773,Metroville,2022-09-11,Regular
R012774,Metroville,2022-11-01,Power
R012775,Capital City,2022-01-09,Occasional
R012776,Metroville,2021-12-28,Regular
R012777,Capital City,2022-08-12,Power
R012778,Metroville,2022-03-06,New
R012779,Metroville,2021-09-17,Regular
R012780,Capital City,2022-08-07,Occasional
R012781,Capital City,2021-06-16,Regular
R012782,Metroville,2021-10-27,Regular
R012783,Metroville,2022-04-28,Occasional
R012784,Metroville,2022-05-31,Occasional
R012785,Metroville,2022-05-17,New
R012786,Capital City,2022-11-05,Occasional
R012787,Metroville,2022-08-13,Regular
R012788,Metroville,2022-09-03,Regular
R012789,Metroville,2021-01-19,Regular
R012790,Capital City,2021-01-11,Power
R012791,Metroville,2022-08-08,Power
R012792,Metroville,2021-12-11,Occasional
R012793,Capital City,2022-12-06,Power
R012794,Metroville,2021-01-19,Regular
R012795,Metroville,2021-10-24,Occasional
R012796,Capital City,2021-12-17,New
R012797,Capital City,2022-11-07,Occasional
R012798,Capital City,2021-01-13,Occasional
R012799,Metroville,2022-09-15,Power
R012800,Metroville,2021-02-22,Regular
R012801,Metroville,2021-05-16,Occasional
R012802,Capital City,2022-10-18,Regular
R012803,Capital City,2021-08-31,New
R012804,Capital City,2021-05-03,Occasional
R012805,Capital City,2022-07-24,New
R012806,Metroville,2022-12-02,Regular
R012807,Metroville,2022-08-04,Regular
R012808,Metroville,2021-12-23,Occasional
R012809,Metroville,2022-08-10,Regular
R012810,Metroville,2022-10-13,New
R012811,Capital City,2022-04-26,Occasional
R012812,Metroville,2022-10-15,Regular
R012813,Metroville,2022-12-20,Regular
R012814,Capital City,2021-05-29,Occasional
R012815,Capital City,2021-11-01,New
R012816,Metroville,2022-08-01,Occasional
R012817,Metroville,2022-06-29,Occasional
R012818,Metroville,2021-09-07,Power
R012819,Capital City,2022-08-11,Power
R012820,Metroville,2021-07-10,Regular
R012821,Metroville,2021-01-16,Regular
R012822,Metroville,2022-03-01,Occasional
R012823,Metroville,2021-09-07,Power
R012824,Capital City,2021-11-06,Regular
R012825,Capital City,2022-01-21,Occasional
R012826,Metroville,2021-10-04,New
R012827,Metroville,2021-03-12,Power
R012828,Capital City,2021-01-20,Power
R012829,Capital City,2022-12-19,Occasional
R012830,Metroville,2022-03-14,Regular
R012831,Metroville,2022-09-10,Regular
R012832,Capital City,2022-07-26,Regular
R012833,Capital City,2022-11-01,New
R012834,Metroville,2021-03-15,Occasional
R012835,Metroville,2022-11-30,Occasional
R012836,Metroville,2021-04-23,Regular
R012837,Capital City,2022-07-08,Occasional
R012838,Capital City,2021-08-04,Power
R012839,Metroville,2022-07-21,Regular
R012840,Capital City,2022-12-21,Power
R012841,Metroville,2021-11-22,Regular
R012842,Metroville,2021-10-25,Regular
R012843,Metroville,2021-02-04,Occasional
R012844,Capital City,2021-09-23,Regular
R012845,Metroville,2021-06-13,Regular
R012846,Capital City,2021-01-03,Occasional
R012847,Capital City,2022-04-12,Occasional
R012848,Metroville,2021-05-26,Regular
R012849,Capital City,2021-08-06,Occasional
R012850,Capital City,2022-02-22,New
R012851,Capital City,2021-01-05,Regular
R012852,Capital City,2022-05-14,Occasional
R012853,Metroville,2021-10-25,Occasional
R012854,Capital City,2022-07-25,Regular
R012855,Metroville,2022-03-29,Regular
R012856,Metroville,2022-09-29,Regular
R012857,Metroville,2021-07-16,Regular
R012858,Metroville,2021-12-11,Power
R012859,Metroville,2022-08-26,Occasional
R012860,Metroville,2022-05-30,New
R012861,Metroville,2021-11-17,Regular
R012862,Metroville,2021-04-08,Power
R012863,Metroville,2022-11-05,Regular
R012864,Metroville,2022-05-22,Regular
R012865,Metroville,2021-11-26,New
R012866,Metroville,2022-06-27,Occasional
R012867,Metroville,2021-06-08,Occasional
R012868,Metroville,2021-04-22,Regular
R012869,Capital City,2022-10-14,Regular
R012870,Capital City,2021-01-22,Power
R012871,Metroville,2021-09-09,Power
R012872,Metroville,2021-08-31,Regular
R012873,Capital City,2022-02-15,Occasional
R012874,Metroville,2021-03-04,New
R012875,Capital City,2021-03-15,Regular
R012876,Capital City,2021-11-13,Occasional
R012877,Capital City,2021-12-08,Regular
R012878,Capital City,2022-07-17,Regular
R012879,Capital City,2022-11-07,Occasional
R012880,Metroville,2021-12-17,Regular
R012881,Capital City,2021-03-10,Occasional
R012882,Metroville,2021-10-24,Occasional
R012883,Capital City,2022-06-16,Regular
R012884,Metroville,2022-03-31,Power
R012885,Metroville,2022-09-12,Regular
R012886,Metroville,2022-09-17,Power
R012887,Metroville,2022-10-14,Occasional
R012888,Capital City,2021-12-26,Regular
R012889,Capital City,2021-04-24,Occasional
R012890,Capital City,2022-01-23,Regular
R012891,Capital City,2022-12-04,Regular
R012892,Metroville,2022-05-01,Power
R012893,Metroville,2022-03-19,Power
R012894,Metroville,2022-07-19,Regular
R012895,Capital City,2021-06-26,Regular
R012896,Capital City,2022-09-14,Occasional
R012897,Metroville,2022-10-27,Occasional
R012898,Metroville,2022-05-30,Regular
R012899,Capital City,2021-04-30,Regular
R012900,Metroville,2022-12-21,Power
R012901,Capital City,2022-02-19,Occasional
R012902,Metroville,2022-06-23,Occasional
R012903,Metroville,2021-06-16,Occasional
R012904,Capital City,2022-06-09,Regular
R012905,Metroville,2021-03-19,Power
R012906,Capital City,2022-11-29,Power
R012907,Metroville,2022-04-30,Regular
R012908,Capital City,2022-04-01,Regular
R012909,Capital City,2022-10-06,Regular
R012910,Capital City,2021-05-28,Occasional
R012911,Metroville,2021-06-02,Occasional
R012912,Capital City,2022-11-17,Regular
R012913,Capital City,2021-06-03,Occasional
R012914,Metroville,2021-08-24,New
R012915,Metroville,2022-11-16,Regular
R012916,Metroville,2022-11-13,Occasional
R012917,Capital City,2022-02-13,Regular
R012918,Metroville,2022-09-28,Regular
R012919,Capital City,2022-02-19,Occasional
R012920,Capital City,2022-12-24,Regular
R012921,Capital City,2022-01-01,Occasional
R012922,Capital City,2022-03-18,Regular
R012923,Metroville,2021-11-20,New
R012924,Capital City,2021-08-07,Regular
R012925,Capital City,2022-06-16,Regular
R012926,Metroville,2022-02-13,Occasional
R012927,Metroville,2021-11-27,New
R012928,Metroville,2022-01-02,Occasional
R012929,Metroville,2022-08-22,Regular
R012930,Capital City,2021-01-12,Power
R012931,Metroville,2021-02-10,Regular
R012932,Capital City,2022-09-24,Regular
R012933,Metroville,2022-01-27,Regular
R012934,Metroville,2021-11-10,Power
R012935,Metroville,2021-08-04,Power
R012936,Metroville,2022-09-20,Occasional
R012937,Capital City,2021-08-05,Power
R012938,Capital City,2022-08-01,Regular
R012939,Capital City,2022-12-08,Regular
R012940,Metroville,2021-05-10,Occasional
R012941,Capital City,2021-12-06,New
R012942,Capital City,2021-08-31,Regular
R012943,Metroville,2021-05-11,Occasional
R012944,Metroville,2022-11-24,Regular
R012945,Metroville,2022-03-10,Occasional
R012946,Capital City,2022-07-20,Regular
R012947,Metroville,2022-07-30,New
R012948,Metroville,2021-02-02,Power
R012949,Metroville,2021-09-14,Power
R012950,Metroville,2022-10-13,Regular
R012951,Metroville,2021-04-01,Regular
R012952,Capital City,2022-09-28,Regular
R012953,Capital City,2022-05-09,Regular
R012954,Capital City,2022-05-26,New
R012955,Metroville,2021-02-03,Regular
R012956,Capital City,2021-03-03,Regular
R012957,Metroville,2022-08-10,Occasional
R012958,Capital City,2022-07-21,Power
R012959,Metroville,2021-08-06,Occasional
R012960,Capital City,2021-07-22,Occasional
R012961,Metroville,2021-04-18,Power
R012962,Metroville,2021-03-05,Regular
R012963,Capital City,2021-07-15,Regular
R012964,Metroville,2022-01-17,Occasional
R012965,Metroville,2021-09-30,Power
R012966,Metroville,2022-08-20,Regular
R012967,Metroville,2022-01-19,Occasional
R012968,Capital City,2022-03-10,Occasional
R012969,Metroville,2021-12-29,Occasional
R012970,Metroville,2021-04-03,Regular
R012971,Metroville,2021-10-17,Occasional
R012972,Capital City,2022-11-22,Power
R012973,Capital City,2021-01-02,Power
R012974,Capital City,2021-02-01,Power
R012975,Metroville,2021-12-01,Occasional
R012976,Capital City,2022-05-02,Occasional
R012977,Metroville,2022-06-02,Regular
R012978,Metroville,2021-04-16,Regular
R012979,Metroville,2021-04-20,Occasional
R012980,Capital City,2022-10-17,New
R012981,Capital City,2022-07-29,Power
R012982,Metroville,2021-05-31,Regular
R012983,Metroville,2021-03-30,Power
R012984,Metroville,2021-08-10,New
R012985,Metroville,2022-09-24,Power
R012986,Metroville,2022-12-17,Power
R012987,Metroville,2022-08-08,Regular
R012988,Metroville,2022-02-19,Power
R012989,Metroville,2021-06-20,Power
R012990,Capital City,2022-10-04,New
R012991,Metroville,2021-08-09,Regular
R012992,Metroville,2022-09-27,Power
R012993,Capital City,2021-09-23,New
R012994,Metroville,2022-02-14,Regular
R012995,Capital City,2022-07-12,Regular
R012996,Capital City,2022-03-05,Regular
R012997,Metroville,2022-07-20,Power
R012998,Metroville,2022-10-24,Regular
R012999,Capital City,2022-03-21,Occasional
R013000,Capital City,2021-05-21,New
R013001,Metroville,2021-12-25,Regular
R013002,Metroville,2022-01-05,Regular
R013003,Metroville,2022-10-02,New
R013004,Metroville,2022-10-21,Occasional
R013005,Metroville,2022-07-02,Regular
R013006,Metroville,2021-01-04,Power
R013007,Metroville,2021-09-17,Occasional
R013008,Capital City,2022-04-12,Regular
R013009,Metroville,2021-09-04,Power
R013010,Metroville,2022-04-14,Regular
R013011,Capital City,2021-10-06,Occasional
R013012,Metroville,2021-03-07,Regular
R013013,Metroville,2022-08-11,Regular
R013014,Metroville,2022-08-28,Occasional
R013015,Metroville,2021-05-29,Power
R013016,Capital City,2021-08-20,Power
R013017,Metroville,2022-11-22,Regular
R013018,Metroville,2021-12-25,Power
R013019,Metroville,2022-03-14,Regular
R013020,Metroville,2021-11-17,Regular
R013021,Metroville,2021-11-09,Regular
R013022,Metroville,2021-04-07,Occasional
R013023,Metroville,2021-02-04,Occasional
R013024,Metroville,2022-08-22,Occasional
R013025,Metroville,2021-10-07,Occasional
R013026,Metroville,2021-12-22,Occasional
R013027,Metroville,2021-07-26,Regular
R013028,Metroville,2021-04-02,Regular
R013029,Metroville,2022-02-14,Regular
R013030,Capital City,2021-12-15,Regular
R013031,Metroville,2022-10-08,Occasional
R013032,Capital City,2021-02-02,Power
R013033,Capital City,2021-11-04,New
R013034,Capital City,2021-08-01,Regular
R013035,Capital City,2021-09-28,Power
R013036,Capital City,2022-04-07,Power
R013037,Metroville,2021-02-02,Occasional
R013038,Capital City,2022-11-19,Regular
R013039,Capital City,2021-04-06,Regular
R013040,Capital City,2021-03-13,Power
R013041,Metroville,2022-11-04,Regular
R013042,Metroville,2022-04-26,Power
R013043,Capital City,2021-01-15,Regular
R013044,Metroville,2021-06-06,Power
R013045,Capital City,2022-12-24,Regular
R013046,Metroville,2022-07-27,New
R013047,Metroville,2022-09-16,Power
R013048,Metroville,2022-03-10,Occasional
R013049,Metroville,2021-12-13,Power
R013050,Metroville,2022-07-23,Regular
R013051,Metroville,2021-05-28,Power
R013052,Metroville,2021-11-19,Regular
R013053,Metroville,2022-10-19,Regular
R013054,Metroville,2022-05-18,Regular
R013055,Capital City,2021-11-30,New
R013056,Capital City,2021-09-15,Power
R013057,Metroville,2021-02-15,New
R013058,Metroville,2022-09-28,Regular
R013059,Metroville,2022-01-09,Occasional
R013060,Metroville,2021-09-11,Regular
R013061,Capital City,2021-09-09,Regular
R013062,Metroville,2021-03-15,Occasional
R013063,Metroville,2021-07-03,Regular
R013064,Metroville,2021-09-12,Regular
R013065,Capital City,2022-09-12,New
R013066,Metroville,2022-10-06,Regular
R013067,Capital City,2022-07-01,Regular
R013068,Metroville,2022-09-13,Occasional
R013069,Capital City,2021-11-21,Occasional
R013070,Capital City,2021-10-15,Regular
R013071,Metroville,2022-06-11,Regular
R013072,Capital City,2021-11-16,Power
R013073,Metroville,2022-01-30,Regular
R013074,Metroville,2022-10-27,Regular
R013075,Metroville,2022-02-11,Occasional
R013076,Capital City,2022-01-16,Regular
R013077,Metroville,2021-04-23,Regular
R013078,Metroville,2021-08-22,Regular
R013079,Capital City,2022-05-29,Regular
R013080,Capital City,2021-01-12,Occasional
R013081,Metroville,2021-09-01,Regular
R013082,Capital City,2022-09-06,Occasional
R013083,Metroville,2022-03-22,Regular
R013084,Capital City,2021-09-23,Regular
R013085,Metroville,2022-11-23,Regular
R013086,Metroville,2021-06-22,Regular
R013087,Metroville,2022-07-26,Occasional
R013088,Metroville,2021-09-07,New
R013089,Capital City,2022-08-05,Regular
R013090,Metroville,2021-03-17,New
R013091,Capital City,2022-05-28,Occasional
R013092,Capital City,2022-02-08,Regular
R013093,Capital City,2021-05-30,Regular
R013094,Metroville,2022-11-30,Regular
R013095,Capital City,2021-04-26,Occasional
R013096,Capital City,2021-12-08,New
R013097,Capital City,2022-10-30,New
R013098,Metroville,2021-12-27,Power
R013099,Capital City,2021-10-18,Occasional
R013100,Capital City,2021-09-04,Regular
R013101,Metroville,2022-05-28,Occasional
R013102,Capital City,2022-11-07,Occasional
R013103,Capital City,2022-05-30,Occasional
R013104,Capital City,2022-12-09,Power
R013105,Metroville,2021-01-31,Occasional
R013106,Capital City,2021-10-25,Occasional
R013107,Metroville,2022-03-31,Regular
R013108,Capital City,2022-04-18,Regular
R013109,Metroville,2021-03-22,Regular
R013110,Metroville,2022-07-05,New
R013111,Capital City,2022-10-08,Regular
R013112,Capital City,2022-08-09,New
R013113,Metroville,2022-10-23,Regular
R013114,Capital City,2022-03-27,Occasional
R013115,Capital City,2021-11-13,Regular
R013116,Capital City,2022-10-10,Occasional
R013117,Capital City,2022-03-02,Power
R013118,Capital City,2021-01-02,Power
R013119,Metroville,2021-09-26,Power
R013120,Metroville,2021-10-29,Power
R013121,Metroville,2021-07-13,Occasional
R013122,Metroville,2022-05-27,New
R013123,Metroville,2021-02-15,Occasional
R013124,Capital City,2022-04-11,Occasional
R013125,Metroville,2022-06-27,Occasional
R013126,Metroville,2022-11-07,Occasional
R013127,Capital City,2022-09-29,Occasional
R013128,Metroville,2021-10-20,Regular
R013129,Capital City,2022-01-16,Regular
R013130,Metroville,2022-03-03,Occasional
R013131,Capital City,2022-07-17,Power
R013132,Metroville,2022-06-12,Occasional
R013133,Metroville,2022-01-09,Regular
R013134,Metroville,2021-10-29,Occasional
R013135,Metroville,2021-08-26,Power
R013136,Metroville,2021-09-02,Regular
R013137,Metroville,2021-07-02,Regular
R013138,Metroville,2021-01-26,Regular
R013139,Capital City,2022-07-21,Power
R013140,Capital City,2021-01-18,Regular
R013141,Capital City,2021-10-11,Regular
R013142,Metroville,2022-01-03,Occasional
R013143,Metroville,2021-01-22,Power
R013144,Metroville,2021-05-27,Occasional
R013145,Metroville,2021-11-29,New
R013146,Capital City,2022-12-22,Regular
R013147,Capital City,2021-06-06,New
R013148,Metroville,2021-04-30,Occasional
R013149,Metroville,2022-06-12,Regular
R013150,Capital City,2022-10-14,Occasional
R013151,Metroville,2021-02-17,Power
R013152,Metroville,2021-05-19,Regular
R013153,Metroville,2021-04-10,Regular
R013154,Metroville,2022-08-06,Power
R013155,Metroville,2022-02-04,Occasional
R013156,Metroville,2021-02-20,Occasional
R013157,Capital City,2022-02-11,Regular
R013158,Capital City,2022-12-18,Power
R013159,Metroville,2022-07-31,Regular
R013160,Capital City,2021-09-19,Power
R013161,Metroville,2022-08-03,Occasional
R013162,Metroville,2021-08-08,Regular
R013163,Capital City,2022-02-11,Occasional
R013164,Metroville,2022-09-07,Occasional
R013165,Metroville,2021-02-10,Regular
R013166,Metroville,2021-11-11,Occasional
R013167,Metroville,2022-04-07,Regular
R013168,Metroville,2021-07-17,Power
R013169,Capital City,2022-12-29,Regular
R013170,Metroville,2021-09-27,Power
R013171,Metroville,2022-08-26,Power
R013172,Capital City,2021-03-23,Regular
R013173,Metroville,2021-09-28,Regular
R013174,Metroville,2021-03-18,Power
R013175,Capital City,2021-05-19,Regular
R013176,Metroville,2022-09-24,Occasional
R013177,Metroville,2022-11-25,Occasional
R013178,Capital City,2022-05-23,Regular
R013179,Metroville,2022-06-23,Regular
R013180,Metroville,2021-10-28,Regular
R013181,Metroville,2021-01-18,Occasional
R013182,Capital City,2021-06-21,Regular
R013183,Metroville,2022-07-15,Power
R013184,Capital City,2021-04-26,Regular
R013185,Metroville,2021-12-11,Power
R013186,Metroville,2022-05-25,Regular
R013187,Metroville,2022-01-10,Regular
R013188,Metroville,2022-06-01,Occasional
R013189,Capital City,2022-06-20,Power
R013190,Capital City,2021-02-05,Regular
R013191,Metroville,2021-05-21,New
R013192,Metroville,2022-12-18,Regular
R013193,Metroville,2021-12-18,Regular
R013194,Metroville,2021-12-25,Regular
R013195,Capital City,2022-12-16,Regular
R013196,Capital City,2022-02-26,Power
R013197,Metroville,2022-02-21,New
R013198,Capital City,2021-08-05,Regular
R013199,Metroville,2022-08-27,Occasional
R013200,Capital City,2021-01-15,Occasional
R013201,Metroville,2021-08-08,Occasional
R013202,Metroville,2021-03-08,Occasional
R013203,Metroville,2021-09-22,Power
R013204,Capital City,2021-11-04,New
R013205,Metroville,2021-11-07,Occasional
R013206,Metroville,2022-01-06,Regular
R013207,Capital City,2022-01-06,Regular
R013208,Metroville,2021-06-25,Regular
R013209,Metroville,2021-10-22,New
R013210,Metroville,2021-07-15,Power
R013211,Metroville,2022-01-23,Regular
R013212,Metroville,2022-09-07,Occasional
R013213,Capital City,2022-07-05,Occasional
R013214,Metroville,2021-09-19,Power
R013215,Metroville,2021-10-20,Occasional
R013216,Metroville,2021-12-15,Regular
R013217,Metroville,2022-07-04,Regular
R013218,Capital City,2021-06-14,Occasional
R013219,Capital City,2021-05-02,Occasional
R013220,Metroville,2022-07-19,New
R013221,Capital City,2021-06-25,Regular
R013222,Metroville,2021-10-12,New
R013223,Capital City,2021-12-07,Power
R013224,Capital City,2022-03-16,Regular
R013225,Metroville,2021-02-25,Power
R013226,Metroville,2021-01-26,Regular
R013227,Capital City,2021-02-04,Regular
R013228,Capital City,2021-10-11,Occasional
R013229,Metroville,2021-03-23,Regular
R013230,Metroville,2022-03-17,Occasional
R013231,Metroville,2021-01-13,Regular
R013232,Capital City,2021-04-06,Regular
R013233,Metroville,2022-09-22,Regular
R013234,Metroville,2022-10-04,Power
R013235,Metroville,2022-09-17,Occasional
R013236,Capital City,2022-10-02,Occasional
R013237,Metroville,2021-03-07,Power
R013238,Capital City,2022-12-16,Regular
R013239,Capital City,2021-04-10,Power
R013240,Metroville,2021-11-06,New
R013241,Capital City,2022-09-17,Occasional
R013242,Metroville,2021-08-11,Regular
R013243,Metroville,2021-04-03,Regular
R013244,Capital City,2021-06-23,Occasional
R013245,Metroville,2022-09-21,New
R013246,Metroville,2021-03-24,Regular
R013247,Metroville,2021-10-04,Occasional
R013248,Capital City,2021-08-04,Occasional
R013249,Metroville,2021-05-16,Regular
R013250,Capital City,2022-11-29,Power
R013251,Metroville,2021-02-17,New
R013252,Metroville,2022-03-11,Occasional
R013253,Capital City,2021-10-28,Regular
R013254,Metroville,2022-05-30,Regular
R013255,Metroville,2022-05-18,Occasional
R013256,Metroville,2021-09-23,Occasional
R013257,Metroville,2021-06-16,Occasional
R013258,Metroville,2021-12-07,New
R013259,Capital City,2022-09-06,Power
R013260,Capital City,2022-06-15,Regular
R013261,Metroville,2021-09-08,Occasional
R013262,Capital City,2022-08-27,Regular
R013263,Metroville,2022-01-07,Occasional
R013264,Capital City,2021-09-13,Power
R013265,Metroville,2021-11-05,Regular
R013266,Metroville,2021-03-12,Occasional
R013267,Capital City,2021-01-11,New
R013268,Metroville,2021-11-22,Regular
R013269,Metroville,2022-12-25,Power
R013270,Metroville,2021-12-14,Regular
R013271,Capital City,2022-05-17,New
R013272,Capital City,2021-07-31,Regular
R013273,Metroville,2022-03-17,Occasional
R013274,Capital City,2022-04-02,New
R013275,Capital City,2021-02-26,Regular
R013276,Capital City,2022-04-06,Occasional
R013277,Metroville,2022-02-21,Regular
R013278,Capital City,2021-11-03,Regular
R013279,Capital City,2021-02-11,New
R013280,Metroville,2022-04-29,Occasional
R013281,Metroville,2022-12-28,Occasional
R013282,Capital City,2021-11-03,Power
R013283,Metroville,2022-11-29,Power
R013284,Capital City,2022-12-17,Occasional
R013285,Metroville,2022-12-06,New
R013286,Metroville,2022-07-28,Power
R013287,Capital City,2021-12-14,Regular
R013288,Capital City,2021-07-19,Regular
R013289,Capital City,2021-04-27,Regular
R013290,Capital City,2022-02-10,Occasional
R013291,Capital City,2022-01-23,Regular
R013292,Metroville,2022-07-11,Regular
R013293,Capital City,2021-05-26,Regular
R013294,Capital City,2021-10-18,Power
R013295,Capital City,2022-04-29,Regular
R013296,Capital City,2021-06-11,Regular
R013297,Capital City,2021-11-27,New
R013298,Metroville,2022-06-18,Regular
R013299,Metroville,2021-04-10,Occasional
R013300,Capital City,2021-03-13,Regular
R013301,Capital City,2021-11-25,Occasional
R013302,Capital City,2022-11-10,New
R013303,Capital City,2021-05-20,Regular
R013304,Metroville,2021-10-19,Regular
R013305,Metroville,2022-08-23,Occasional
R013306,Capital City,2021-03-21,Regular
R013307,Metroville,2021-11-28,Occasional
R013308,Metroville,2022-07-08,Occasional
R013309,Capital City,2021-11-15,Regular
R013310,Capital City,2022-02-10,Occasional
R013311,Capital City,2021-07-21,Regular
R013312,Capital City,2022-07-23,Regular
R013313,Metroville,2021-10-11,Regular
R013314,Capital City,2022-05-10,New
R013315,Metroville,2022-09-22,Regular
R013316,Metroville,2021-01-04,Regular
R013317,Capital City,2022-08-25,Occasional
R013318,Capital City,2021-08-03,Power
R013319,Capital City,2022-09-02,Regular
R013320,Metroville,2021-03-26,Occasional
R013321,Metroville,2021-05-21,Occasional
R013322,Capital City,2021-11-26,Power
R013323,Metroville,2021-03-30,Regular
R013324,Capital City,2022-04-10,Power
R013325,Metroville,2021-06-14,New
R013326,Capital City,2022-07-23,Occasional
R013327,Metroville,2022-02-05,Power
R013328,Capital City,2022-06-07,Regular
R013329,Capital City,2022-09-28,New
R013330,Capital City,2022-09-28,Regular
R013331,Capital City,2022-12-06,Regular
R013332,Capital City,2021-10-11,Occasional
R013333,Metroville,2022-12-21,Occasional
R013334,Capital City,2021-03-29,Occasional
R013335,Metroville,2021-05-04,Regular
R013336,Metroville,2022-07-29,Regular
R013337,Capital City,2022-12-04,New
R013338,Capital City,2021-04-09,Regular
R013339,Capital City,2021-01-07,Regular
R013340,Capital City,2021-06-24,Regular
R013341,Metroville,2022-10-13,Occasional
R013342,Metroville,2021-05-26,Occasional
R013343,Capital City,2021-12-06,New
R013344,Capital City,2022-12-07,Regular
R013345,Metroville,2022-08-21,Power
R013346,Metroville,2021-09-24,Regular
R013347,Capital City,2021-03-23,Regular
R013348,Metroville,2021-03-26,Regular
R013349,Metroville,2021-12-31,Regular
R013350,Metroville,2022-06-24,Occasional
R013351,Metroville,2022-05-01,Regular
R013352,Capital City,2021-03-04,Regular
R013353,Metroville,2022-05-19,Occasional
R013354,Metroville,2022-03-03,Regular
R013355,Metroville,2022-06-17,Occasional
R013356,Capital City,2021-07-02,Power
R013357,Metroville,2022-04-25,Occasional
R013358,Metroville,2021-12-10,New
R013359,Metroville,2022-04-10,Occasional
R013360,Metroville,2021-02-25,Occasional
R013361,Capital City,2022-11-10,Power
R013362,Metroville,2022-03-26,Regular
R013363,Capital City,2022-10-09,Occasional
R013364,Metroville,2022-08-07,New
R013365,Capital City,2021-03-30,Power
R013366,Metroville,2022-12-09,Occasional
R013367,Metroville,2021-03-19,Power
R013368,Capital City,2021-05-18,Occasional
R013369,Capital City,2022-09-18,Occasional
R013370,Metroville,2022-09-10,Occasional
R013371,Capital City,2021-09-18,Regular
R013372,Metroville,2021-05-01,New
R013373,Metroville,2022-08-29,New
R013374,Metroville,2022-09-14,Power
R013375,Metroville,2022-08-09,Regular
R013376,Metroville,2022-03-18,Occasional
R013377,Metroville,2022-04-08,Regular
R013378,Capital City,2022-07-01,Regular
R013379,Capital City,2022-09-28,New
R013380,Capital City,2022-10-14,Regular
R013381,Metroville,2021-08-13,Occasional
R013382,Capital City,2021-12-27,Power
R013383,Metroville,2022-06-03,Regular
R013384,Metroville,2021-11-27,Regular
R013385,Metroville,2022-09-20,Occasional
R013386,Metroville,2021-08-17,Occasional
R013387,Capital City,2022-12-10,Occasional
R013388,Metroville,2021-11-04,Occasional
R013389,Metroville,2022-10-18,Power
R013390,Metroville,2021-08-21,Occasional
R013391,Metroville,2021-04-01,Occasional
R013392,Capital City,2022-10-15,Regular
R013393,Metroville,2022-05-31,Regular
R013394,Metroville,2021-01-28,Occasional
R013395,Metroville,2021-10-29,Regular
R013396,Capital City,2021-12-13,Occasional
R013397,Metroville,2022-02-14,Occasional
R013398,Metroville,2021-03-24,Regular
R013399,Metroville,2021-09-27,Regular
R013400,Capital City,2022-07-21,Regular
R013401,Capital City,2022-07-01,Power
R013402,Capital City,2022-03-02,Occasional
R013403,Capital City,2022-12-22,Power
R013404,Metroville,2022-07-03,Occasional
R013405,Metroville,2021-02-25,Occasional
R013406,Metroville,2021-05-31,Regular
R013407,Capital City,2021-03-26,Regular
R013408,Capital City,2021-04-20,Regular
R013409,Capital City,2022-11-30,Regular
R013410,Metroville,2022-09-03,New
R013411,Metroville,2022-01-15,Occasional
R013412,Capital City,2022-01-11,Regular
R013413,Capital City,2021-08-24,Regular
R013414,Metroville,2021-04-13,Regular
R013415,Capital City,2021-04-27,Regular
R013416,Capital City,2021-06-21,Power
R013417,Metroville,2022-12-27,Occasional
R013418,Capital City,2022-07-23,Regular
R013419,Metroville,2021-07-16,Occasional
R013420,Capital City,2022-04-16,New
R013421,Metroville,2022-08-30,Regular
R013422,Capital City,2022-06-18,Regular
R013423,Capital City,2021-04-21,Regular
R013424,Capital City,2022-12-02,Power
R013425,Metroville,2021-07-02,Regular
R013426,Metroville,2022-12-09,Regular
R013427,Metroville,2021-07-20,Occasional
R013428,Metroville,2021-07-26,Regular
R013429,Capital City,2022-07-29,Occasional
R013430,Metroville,2022-05-25,Occasional
R013431,Capital City,2021-12-24,Occasional
R013432,Metroville,2022-09-06,Regular
R013433,Capital City,2022-05-24,Power
R013434,Capital City,2022-12-02,Regular
R013435,Metroville,2022-01-31,Power
R013436,Metroville,2022-08-13,Regular
R013437,Metroville,2022-05-21,Power
R013438,Metroville,2022-10-08,Occasional
R013439,Capital City,2021-01-23,Occasional
R013440,Capital City,2022-08-25,Occasional
R013441,Metroville,2022-04-02,Regular
R013442,Capital City,2022-03-27,Regular
R013443,Capital City,2021-08-26,Occasional
R013444,Metroville,2022-06-11,Occasional
R013445,Metroville,2022-09-29,Regular
R013446,Metroville,2022-01-10,Power
R013447,Metroville,2021-01-06,Occasional
R013448,Metroville,2021-06-16,Regular
R013449,Metroville,2021-03-05,New
R013450,Metroville,2022-03-06,Regular
R013451,Capital City,2021-09-10,Regular
R013452,Metroville,2021-08-12,Occasional
R013453,Metroville,2021-10-12,Occasional
R013454,Metroville,2021-07-26,Regular
R013455,Capital City,2021-11-18,Power
R013456,Capital City,2022-06-18,Power
R013457,Metroville,2022-04-20,Occasional
R013458,Metroville,2022-07-08,New
R013459,Metroville,2022-06-13,Regular
R013460,Capital City,2021-01-28,New
R013461,Capital City,2022-03-20,Regular
R013462,Metroville,2021-11-25,Regular
R013463,Metroville,2022-09-18,Regular
R013464,Metroville,2021-05-14,Regular
R013465,Metroville,2021-05-10,New
R013466,Capital City,2022-02-16,Regular
R013467,Metroville,2022-07-16,Regular
R013468,Metroville,2022-06-05,New
R013469,Capital City,2021-08-20,Power
R013470,Metroville,2021-10-15,Power
R013471,Metroville,2021-10-02,Regular
R013472,Metroville,2021-10-25,New
R013473,Metroville,2021-05-01,Regular
R013474,Capital City,2022-03-29,Regular
R013475,Metroville,2022-02-09,Regular
R013476,Metroville,2021-04-04,Occasional
R013477,Metroville,2022-09-13,Regular
R013478,Metroville,2021-04-20,Power
R013479,Metroville,2021-12-05,Occasional
R013480,Metroville,2021-10-19,Regular
R013481,Capital City,2022-06-11,Occasional
R013482,Metroville,2021-05-31,Occasional
R013483,Metroville,2022-01-05,Regular
R013484,Capital City,2021-12-15,Power
R013485,Metroville,2021-03-25,Regular
R013486,Capital City,2022-10-28,Regular
R013487,Metroville,2021-09-28,Occasional
R013488,Capital City,2022-07-14,New
R013489,Capital City,2022-11-28,Power
R013490,Metroville,2021-07-27,Power
R013491,Metroville,2022-04-17,Regular
R013492,Metroville,2021-05-11,Occasional
R013493,Metroville,2021-11-08,Power
R013494,Capital City,2022-03-07,Regular
R013495,Capital City,2021-04-23,Power
R013496,Capital City,2021-03-12,Regular
R013497,Capital City,2021-07-07,New
R013498,Metroville,2022-01-06,Regular
R013499,Metroville,2021-11-20,Power
R013500,Metroville,2022-12-02,Regular
R013501,Capital City,2022-09-06,Regular
R013502,Capital City,2022-07-01,Regular
R013503,Metroville,2022-02-05,Regular
R013504,Capital City,2021-10-19,New
R013505,Capital City,2022-06-25,Occasional
R013506,Metroville,2021-12-31,Regular
R013507,Metroville,2022-04-25,Occasional
R013508,Capital City,2022-10-19,Regular
R013509,Capital City,2022-05-26,Power
R013510,Metroville,2021-02-28,Power
R013511,Metroville,2021-12-17,New
R013512,Metroville,2021-12-17,Regular
R013513,Metroville,2022-08-06,Power
R013514,Capital City,2022-02-14,Regular
R013515,Capital City,2022-08-29,Occasional
R013516,Capital City,2022-12-23,Regular
R013517,Metroville,2022-02-09,Occasional
R013518,Metroville,2021-01-27,Occasional
R013519,Metroville,2022-12-21,Regular
R013520,Metroville,2022-01-30,Power
R013521,Metroville,2022-05-28,Regular
R013522,Metroville,2021-09-12,Occasional
R013523,Capital City,2021-05-30,New
R013524,Metroville,2022-02-06,Regular
R013525,Capital City,2022-05-08,Power
R013526,Capital City,2021-06-05,Regular
R013527,Metroville,2022-10-26,Regular
R013528,Capital City,2021-12-03,Regular
R013529,Metroville,2022-03-17,Occasional
R013530,Metroville,2021-04-25,Occasional
R013531,Metroville,2022-05-29,New
R013532,Metroville,2021-07-11,Occasional
R013533,Metroville,2022-05-24,Regular
R013534,Capital City,2022-09-18,Occasional
R013535,Capital City,2021-06-06,Occasional
R013536,Capital City,2022-03-23,Occasional
R013537,Metroville,2021-04-19,Occasional
R013538,Metroville,2021-02-13,Regular
R013539,Capital City,2022-10-17,Regular
R013540,Metroville,2021-05-24,Occasional
R013541,Capital City,2021-03-11,Power
R013542,Metroville,2021-10-27,Occasional
R013543,Metroville,2021-02-02,Regular
R013544,Capital City,2021-10-13,Regular
R013545,Metroville,2022-02-10,Power
R013546,Capital City,2022-02-08,New
R013547,Capital City,2022-06-13,New
R013548,Metroville,2022-06-14,Occasional
R013549,Metroville,2022-11-12,Regular
R013550,Capital City,2021-08-14,Occasional
R013551,Metroville,2021-08-09,Regular
R013552,Metroville,2022-11-15,Power
R013553,Capital City,2022-03-26,Occasional
R013554,Metroville,2021-10-27,Occasional
R013555,Capital City,2022-09-01,Occasional
R013556,Capital City,2022-08-27,Power
R013557,Capital City,2021-09-25,Occasional
R013558,Capital City,2022-07-10,Occasional
R013559,Capital City,2021-04-26,Power
R013560,Capital City,2022-02-01,Power
R013561,Metroville,2021-05-06,Regular
R013562,Metroville,2021-12-05,New
R013563,Metroville,2022-05-04,Occasional
R013564,Metroville,2021-05-21,Occasional
R013565,Capital City,2022-12-11,Occasional
R013566,Capital City,2022-03-16,Occasional
R013567,Capital City,2022-12-14,Regular
R013568,Metroville,2021-03-13,Power
R013569,Capital City,2021-05-22,Occasional
R013570,Metroville,2022-12-28,Regular
R013571,Metroville,2021-09-16,Regular
R013572,Metroville,2022-03-16,Occasional
R013573,Metroville,2022-08-20,Occasional
R013574,Capital City,2021-11-15,Occasional
R013575,Capital City,2022-11-25,Occasional
R013576,Capital City,2021-07-04,Regular
R013577,Metroville,2021-07-10,Occasional
R013578,Metroville,2022-11-22,New
R013579,Metroville,2022-01-21,Power
R013580,Capital City,2021-03-12,Regular
R013581,Metroville,2022-12-16,Occasional
R013582,Metroville,2022-10-22,Regular
R013583,Capital City,2021-09-07,Power
R013584,Capital City,2022-09-26,Occasional
R013585,Metroville,2021-11-02,Occasional
R013586,Metroville,2022-02-27,Occasional
R013587,Metroville,2022-03-26,Power
R013588,Capital City,2022-02-11,Occasional
R013589,Capital City,2022-01-12,Regular
R013590,Metroville,2021-11-18,Power
R013591,Capital City,2022-10-12,Occasional
R013592,Metroville,2021-06-11,New
R013593,Metroville,2022-02-15,Occasional
R013594,Metroville,2021-08-14,Power
R013595,Metroville,2021-04-14,Power
R013596,Metroville,2022-11-14,Regular
R013597,Capital City,2021-11-25,Regular
R013598,Metroville,2022-03-02,Regular
R013599,Capital City,2021-01-18,Regular
R013600,Metroville,2021-09-23,Occasional
R013601,Metroville,2021-08-14,Regular
R013602,Capital City,2021-03-16,Occasional
R013603,Metroville,2022-08-30,Occasional
R013604,Capital City,2021-12-15,Regular
R013605,Metroville,2021-04-09,New
R013606,Metroville,2022-09-18,Regular
R013607,Metroville,2022-12-03,New
R013608,Metroville,2022-05-17,Power
R013609,Capital City,2022-11-14,Regular
R013610,Metroville,2022-12-22,Power
R013611,Metroville,2022-08-12,Occasional
R013612,Capital City,2022-09-16,Regular
R013613,Metroville,2022-02-05,Regular
R013614,Metroville,2021-01-27,Regular
R013615,Capital City,2021-10-12,Power
R013616,Metroville,2022-05-15,Occasional
R013617,Metroville,2022-07-11,Regular
R013618,Metroville,2022-10-03,Regular
R013619,Capital City,2022-06-20,Regular
R013620,Metroville,2021-12-20,Regular
R013621,Metroville,2021-06-30,Power
R013622,Metroville,2022-12-27,Power
R013623,Metroville,2021-01-27,Occasional
R013624,Capital City,2022-11-09,Regular
R013625,Metroville,2022-04-11,New
R013626,Metroville,2022-11-18,Occasional
R013627,Metroville,2022-09-10,Regular
R013628,Metroville,2022-11-13,Power
R013629,Metroville,2022-02-24,Regular
R013630,Metroville,2022-10-17,Regular
R013631,Metroville,2022-04-06,Regular
R013632,Capital City,2022-01-29,Occasional
R013633,Metroville,2021-01-27,Regular
R013634,Metroville,2021-04-14,New
R013635,Metroville,2021-12-09,Regular
R013636,Metroville,2022-03-31,Occasional
R013637,Capital City,2021-01-16,Regular
R013638,Metroville,2022-07-11,Regular
R013639,Metroville,2022-08-13,Occasional
R013640,Capital City,2021-05-14,Regular
R013641,Capital City,2021-09-17,Regular
R013642,Capital City,2022-09-01,Occasional
R013643,Metroville,2022-08-25,Power
R013644,Metroville,2022-02-09,Occasional
R013645,Capital City,2022-08-03,Regular
R013646,Metroville,2021-05-13,Power
R013647,Capital City,2021-11-04,New
R013648,Metroville,2021-03-20,Occasional
R013649,Capital City,2021-10-01,Occasional
R013650,Capital City,2021-02-16,Regular
R013651,Metroville,2022-08-29,Occasional
R013652,Capital City,2021-07-16,Occasional
R013653,Capital City,2021-07-10,Power
R013654,Capital City,2022-04-30,Power
R013655,Capital City,2021-05-20,Power
R013656,Capital City,2021-08-30,Regular
R013657,Metroville,2021-02-23,Regular
R013658,Metroville,2021-08-18,Regular
R013659,Capital City,2022-03-20,Occasional
R013660,Metroville,2022-02-06,New
R013661,Metroville,2021-08-25,Regular
R013662,Capital City,2022-05-15,Regular
R013663,Capital City,2022-09-29,Regular
R013664,Metroville,2022-04-06,Power
R013665,Metroville,2022-03-04,Power
R013666,Metroville,2021-01-03,Occasional
R013667,Capital City,2022-10-09,Power
R013668,Metroville,2022-01-05,Regular
R013669,Capital City,2021-06-09,Regular
R013670,Metroville,2022-04-28,New
R013671,Metroville,2021-02-25,Regular
R013672,Metroville,2021-03-10,Power
R013673,Capital City,2022-06-05,New
R013674,Metroville,2021-01-20,Regular
R013675,Metroville,2022-10-14,Occasional
R013676,Metroville,2022-10-17,Occasional
R013677,Capital City,2021-08-13,New
R013678,Metroville,2022-11-01,New
R013679,Capital City,2022-05-29,Regular
R013680,Metroville,2022-12-19,Occasional
R013681,Metroville,2021-02-14,Regular
R013682,Metroville,2022-05-25,Regular
R013683,Capital City,2021-09-09,New
R013684,Metroville,2021-12-03,Power
R013685,Capital City,2022-06-23,New
R013686,Metroville,2021-08-20,Occasional
R013687,Metroville,2022-09-16,Occasional
R013688,Metroville,2022-01-18,Regular
R013689,Metroville,2022-06-02,Regular
R013690,Capital City,2021-05-07,Regular
R013691,Capital City,2021-07-10,Occasional
R013692,Metroville,2021-07-24,Regular
R013693,Capital City,2022-02-15,Regular
R013694,Capital City,2022-02-16,Occasional
R013695,Metroville,2021-01-06,Regular
R013696,Metroville,2021-09-24,Power
R013697,Capital City,2021-03-01,Power
R013698,Metroville,2022-07-28,Regular
R013699,Metroville,2021-08-03,Power
R013700,Metroville,2022-09-15,Occasional
R013701,Capital City,2022-08-21,Occasional
R013702,Metroville,2022-05-22,Regular
R013703,Metroville,2021-12-25,Power
R013704,Metroville,2021-12-03,Regular
R013705,Metroville,2021-09-25,Regular
R013706,Metroville,2021-04-06,Regular
R013707,Capital City,2021-07-25,Occasional
R013708,Capital City,2022-06-08,Regular
R013709,Capital City,2021-11-18,Occasional
R013710,Metroville,2022-06-23,Power
R013711,Metroville,2022-10-23,Occasional
R013712,Metroville,2022-03-23,Occasional
R013713,Metroville,2021-10-25,Regular
R013714,Capital City,2022-07-17,Occasional
R013715,Capital City,2021-01-29,Regular
R013716,Metroville,2022-02-21,Occasional
R013717,Metroville,2021-05-20,Occasional
R013718,Metroville,2021-03-09,Regular
R013719,Capital City,2022-09-19,New
R013720,Capital City,2022-08-04,Power
R013721,Capital City,2021-09-16,Occasional
R013722,Capital City,2022-09-14,Occasional
R013723,Capital City,2022-09-11,Occasional
R013724,Capital City,2022-04-30,Regular
R013725,Metroville,2022-12-16,Regular
R013726,Metroville,2021-09-17,Regular
R013727,Capital City,2022-06-24,Occasional
R013728,Metroville,2022-04-03,New
R013729,Metroville,2022-12-03,Occasional
R013730,Metroville,2021-09-01,Power
R013731,Metroville,2021-02-23,Regular
R013732,Metroville,2021-07-07,New
R013733,Capital City,2021-09-25,Regular
R013734,Metroville,2022-01-06,Occasional
R013735,Capital City,2022-04-05,Regular
R013736,Capital City,2022-09-02,Power
R013737,Metroville,2021-06-17,Occasional
R013738,Metroville,2022-10-07,New
R013739,Metroville,2022-01-04,Regular
R013740,Capital City,2021-10-17,Power
R013741,Metroville,2022-05-29,Regular
R013742,Metroville,2022-07-31,Occasional
R013743,Capital City,2021-11-21,Occasional
R013744,Metroville,2021-08-05,New
R013745,Metroville,2021-10-17,Occasional
R013746,Metroville,2021-07-30,Power
R013747,Metroville,2022-01-25,Regular
R013748,Metroville,2022-11-08,Power
R013749,Metroville,2021-10-07,Regular
R013750,Capital City,2022-03-28,Power
R013751,Capital City,2021-12-19,Regular
R013752,Capital City,2022-09-23,Regular
R013753,Metroville,2022-11-12,Regular
R013754,Metroville,2021-03-08,Regular
R013755,Metroville,2021-12-06,Power
R013756,Metroville,2021-10-26,Regular
R013757,Metroville,2022-06-17,Power
R013758,Metroville,2022-03-06,Occasional
R013759,Metroville,2022-06-22,Power
R013760,Metroville,2021-11-15,Occasional
R013761,Metroville,2022-07-05,Power
R013762,Metroville,2021-05-03,Occasional
R013763,Metroville,2022-03-25,Power
R013764,Metroville,2021-07-08,Occasional
R013765,Metroville,2021-04-19,Regular
R013766,Metroville,2021-08-14,Occasional
R013767,Capital City,2021-07-19,Regular
R013768,Capital City,2021-10-15,Regular
R013769,Capital City,2022-09-12,Regular
R013770,Metroville,2021-02-03,Occasional
R013771,Capital City,2022-11-11,New
R013772,Metroville,2021-03-11,Occasional
R013773,Metroville,2022-04-22,Regular
R013774,Metroville,2022-09-10,Occasional
R013775,Metroville,2022-05-22,New
R013776,Capital City,2022-09-06,Regular
R013777,Capital City,2022-11-08,Regular
R013778,Capital City,2022-11-26,Regular
R013779,Capital City,2021-05-22,Occasional
R013780,Metroville,2022-04-04,Occasional
R013781,Metroville,2022-05-02,Regular
R013782,Capital City,2022-10-26,Power
R013783,Metroville,2021-07-06,Regular
R013784,Metroville,2022-09-20,Occasional
R013785,Metroville,2022-03-25,Power
R013786,Metroville,2022-05-15,Regular
R013787,Metroville,2021-04-06,Occasional
R013788,Capital City,2021-01-15,Regular
R013789,Capital City,2021-11-13,Regular
R013790,Metroville,2021-11-26,Regular
R013791,Capital City,2021-11-25,New
R013792,Metroville,2022-09-20,Power
R013793,Metroville,2022-05-21,Occasional
R013794,Capital City,2021-01-23,New
R013795,Capital City,2022-04-02,Power
R013796,Capital City,2021-08-12,Regular
R013797,Metroville,2022-06-05,Occasional
R013798,Capital City,2022-07-10,Occasional
R013799,Metroville,2022-06-07,Power
R013800,Capital City,2022-01-11,Occasional
R013801,Metroville,2021-03-20,Regular
R013802,Metroville,2022-03-13,Occasional
R013803,Capital City,2021-01-09,Regular
R013804,Metroville,2021-05-01,Occasional
R013805,Metroville,2022-03-13,Occasional
R013806,Capital City,2022-12-29,Power
R013807,Metroville,2022-09-27,New
R013808,Metroville,2022-06-26,Regular
R013809,Metroville,2021-08-04,Regular
R013810,Metroville,2021-01-14,Regular
R013811,Capital City,2021-04-04,Occasional
R013812,Metroville,2021-08-31,Regular
R013813,Metroville,2022-02-23,Regular
R013814,Metroville,2021-01-27,New
R013815,Metroville,2022-05-02,Regular
R013816,Metroville,2022-07-11,Regular
R013817,Capital City,2022-02-13,Regular
R013818,Metroville,2021-02-03,New
R013819,Metroville,2022-10-22,Regular
R013820,Capital City,2022-07-15,Power
R013821,Metroville,2022-06-24,Regular
R013822,Capital City,2022-01-26,Regular
R013823,Metroville,2021-09-22,Regular
R013824,Metroville,2022-08-09,Regular
R013825,Metroville,2022-12-19,New
R013826,Metroville,2021-02-18,Regular
R013827,Metroville,2021-09-03,New
R013828,Metroville,2021-10-20,Regular
R013829,Metroville,2022-01-24,Regular
R013830,Capital City,2022-12-11,Occasional
R013831,Metroville,2022-07-04,New
R013832,Metroville,2022-04-06,Regular
R013833,Metroville,2022-10-15,Occasional
R013834,Metroville,2022-07-11,Regular
R013835,Metroville,2021-02-05,Regular
R013836,Capital City,2022-12-23,Power
R013837,Capital City,2021-05-03,Occasional
R013838,Capital City,2022-01-06,Regular
R013839,Metroville,2021-09-03,Occasional
R013840,Metroville,2021-05-14,Occasional
R013841,Metroville,2022-12-31,Regular
R013842,Metroville,2021-08-19,Power
R013843,Metroville,2022-04-23,Regular
R013844,Capital City,2021-09-05,Regular
R013845,Metroville,2022-09-11,Regular
R013846,Capital City,2022-11-16,Power
R013847,Metroville,2022-12-15,Regular
R013848,Metroville,2021-05-31,Regular
R013849,Capital City,2021-02-04,Occasional
R013850,Metroville,2022-03-10,Occasional
R013851,Metroville,2022-05-13,Power
R013852,Capital City,2021-07-13,Regular
R013853,Capital City,2021-08-04,Occasional
R013854,Metroville,2022-07-14,Occasional
R013855,Metroville,2022-08-04,Regular
R013856,Capital City,2022-09-27,Occasional
R013857,Metroville,2022-09-21,Regular
R013858,Metroville,2022-02-24,Regular
R013859,Capital City,2022-01-23,Regular
R013860,Metroville,2021-09-25,Regular
R013861,Metroville,2021-08-17,Occasional
R013862,Metroville,2022-01-07,Regular
R013863,Capital City,2021-06-22,Regular
R013864,Metroville,2022-04-13,Regular
R013865,Metroville,2021-02-21,Regular
R013866,Metroville,2021-08-21,Regular
R013867,Capital City,2022-04-17,Regular
R013868,Capital City,2021-12-24,Occasional
R013869,Metroville,2021-09-19,Occasional
R013870,Metroville,2022-12-19,Regular
R013871,Capital City,2022-01-05,Occasional
R013872,Capital City,2022-02-27,Power
R013873,Metroville,2021-01-04,Regular
R013874,Metroville,2022-01-25,Power
R013875,Capital City,2021-07-20,Occasional
R013876,Metroville,2021-02-21,Regular
R013877,Capital City,2021-05-01,Power
R013878,Metroville,2021-08-24,Regular
R013879,Metroville,2022-09-08,Regular
R013880,Capital City,2022-03-31,Occasional
R013881,Capital City,2021-01-29,Occasional
R013882,Metroville,2021-07-19,Regular
R013883,Capital City,2021-03-17,Occasional
R013884,Metroville,2022-12-11,Regular
R013885,Metroville,2022-08-03,Regular
R013886,Capital City,2021-11-07,Occasional
R013887,Metroville,2022-05-21,Power
R013888,Metroville,2021-02-25,Regular
R013889,Metroville,2022-08-09,Power
R013890,Metroville,2022-01-01,Regular
R013891,Capital City,2021-08-10,Occasional
R013892,Capital City,2022-12-01,Power
R013893,Capital City,2022-04-26,New
R013894,Metroville,2021-05-20,Occasional
R013895,Capital City,2021-01-19,Occasional
R013896,Metroville,2021-10-17,Power
R013897,Metroville,2021-12-29,Regular
R013898,Capital City,2022-06-04,Power
R013899,Capital City,2022-10-02,Occasional
R013900,Capital City,2022-06-17,New
R013901,Metroville,2021-12-11,New
R013902,Metroville,2021-03-18,Regular
R013903,Metroville,2022-09-13,Regular
R013904,Metroville,2022-03-27,Regular
R013905,Metroville,2021-03-31,Regular
R013906,Metroville,2021-02-05,New
R013907,Capital City,2021-06-23,Power
R013908,Metroville,2021-09-28,New
R013909,Metroville,2021-07-11,Regular
R013910,Capital City,2022-07-06,Occasional
R013911,Capital City,2022-04-05,Occasional
R013912,Metroville,2021-02-05,Power
R013913,Capital City,2022-01-09,Power
R013914,Capital City,2022-01-27,Regular
R013915,Metroville,2021-11-27,Regular
R013916,Metroville,2021-05-08,Regular
R013917,Metroville,2021-10-31,Power
R013918,Capital City,2022-03-25,New
R013919,Metroville,2022-02-19,Regular
R013920,Capital City,2022-06-20,Regular
R013921,Capital City,2022-11-20,Power
R013922,Metroville,2021-05-18,New
R013923,Metroville,2021-07-18,Occasional
R013924,Metroville,2021-01-13,Regular
R013925,Capital City,2022-01-15,New
R013926,Capital City,2021-04-14,Occasional
R013927,Capital City,2022-08-29,New
R013928,Capital City,2021-10-15,Power
R013929,Capital City,2021-09-23,Occasional
R013930,Metroville,2021-05-31,Regular
R013931,Metroville,2022-01-11,Power
R013932,Capital City,2022-03-12,Occasional
R013933,Metroville,2022-09-11,Regular
R013934,Metroville,2022-12-24,Occasional
R013935,Metroville,2021-08-09,Power
R013936,Metroville,2021-01-30,Occasional
R013937,Metroville,2022-08-04,Power
R013938,Capital City,2021-09-11,Occasional
R013939,Capital City,2021-02-03,Occasional
R013940,Metroville,2022-08-01,Occasional
R013941,Metroville,2021-07-15,Occasional
R013942,Capital City,2022-03-11,New
R013943,Metroville,2021-04-03,Regular
R013944,Metroville,2021-06-09,Regular
R013945,Metroville,2021-02-20,Occasional
R013946,Capital City,2022-07-19,New
R013947,Metroville,2022-02-25,Regular
R013948,Metroville,2021-08-21,Regular
R013949,Metroville,2022-03-12,Regular
R013950,Capital City,2022-10-27,Power
R013951,Metroville,2022-03-06,New
R013952,Metroville,2022-12-17,Power
R013953,Metroville,2021-09-24,Regular
R013954,Metroville,2022-11-21,Regular
R013955,Metroville,2022-05-24,Power
R013956,Capital City,2022-03-18,Regular
R013957,Metroville,2021-05-04,Occasional
R013958,Capital City,2022-08-28,New
R013959,Metroville,2022-11-08,Occasional
R013960,Capital City,2021-08-19,Regular
R013961,Metroville,2022-02-22,Occasional
R013962,Capital City,2022-12-27,Occasional
R013963,Capital City,2021-10-18,Regular
R013964,Metroville,2022-01-06,Regular
R013965,Capital City,2021-02-24,Regular
R013966,Metroville,2023-01-01,Regular
R013967,Metroville,2022-11-11,Power
R013968,Metroville,2022-04-19,Power
R013969,Capital City,2022-08-13,Regular
R013970,Capital City,2022-01-08,Regular
R013971,Metroville,2022-03-17,Occasional
R013972,Capital City,2021-08-05,Regular
R013973,Metroville,2021-02-19,Power
R013974,Capital City,2021-06-06,Regular
R013975,Metroville,2022-07-27,Regular
R013976,Metroville,2022-10-05,Occasional
R013977,Metroville,2021-01-01,Regular
R013978,Capital City,2022-03-30,Regular
R013979,Metroville,2022-08-08,Regular
R013980,Metroville,2022-06-14,Regular
R013981,Capital City,2021-10-16,Occasional
R013982,Metroville,2021-05-12,Regular
R013983,Metroville,2022-10-11,Regular
R013984,Metroville,2022-03-10,Occasional
R013985,Capital City,2022-05-22,Power
R013986,Metroville,2022-11-30,New
R013987,Capital City,2021-09-04,Power
R013988,Metroville,2022-01-03,Power
R013989,Capital City,2022-04-22,Regular
R013990,Metroville,2021-02-06,Power
R013991,Capital City,2021-03-20,Regular
R013992,Capital City,2021-12-02,Regular
R013993,Metroville,2021-10-26,Occasional
R013994,Metroville,2021-11-19,Power
R013995,Metroville,2022-09-23,Power
R013996,Metroville,2022-04-09,Occasional
R013997,Metroville,2022-02-26,Regular
R013998,Capital City,2021-04-30,Regular
R013999,Capital City,2022-02-17,Regular
R014000,Metroville,2022-07-08,Regular
R014001,Capital City,2021-06-03,Regular
R014002,Capital City,2021-10-12,Occasional
R014003,Metroville,2021-02-05,Occasional
R014004,Metroville,2022-02-05,Power
R014005,Metroville,2021-05-19,Regular
R014006,Metroville,2022-08-12,Occasional
R014007,Capital City,2021-02-01,Power
R014008,Capital City,2022-06-11,Regular
R014009,Metroville,2022-04-20,New
R014010,Capital City,2022-08-16,Regular
R014011,Metroville,2021-11-01,Power
R014012,Metroville,2021-06-13,Occasional
R014013,Capital City,2022-06-11,Power
R014014,Metroville,2022-02-27,Regular
R014015,Metroville,2022-02-23,Power
R014016,Capital City,2022-10-06,New
R014017,Metroville,2022-03-03,Regular
R014018,Capital City,2021-05-31,Regular
R014019,Capital City,2021-03-29,Occasional
R014020,Metroville,2021-09-16,Power
R014021,Metroville,2021-06-22,New
R014022,Metroville,2022-06-28,New
R014023,Capital City,2021-12-13,Regular
R014024,Metroville,2021-10-11,Regular
R014025,Metroville,2022-09-25,New
R014026,Metroville,2022-08-13,Occasional
R014027,Metroville,2021-07-11,Occasional
R014028,Capital City,2021-10-06,Regular
R014029,Capital City,2021-01-21,Power
R014030,Metroville,2022-02-15,New
R014031,Metroville,2021-08-04,Regular
R014032,Metroville,2021-01-30,Regular
R014033,Capital City,2021-01-02,Regular
R014034,Metroville,2021-12-31,Occasional
R014035,Metroville,2021-09-09,New
R014036,Metroville,2022-01-04,Power
R014037,Capital City,2021-10-21,Occasional
R014038,Capital City,2021-09-11,Occasional
R014039,Metroville,2021-10-28,Regular
R014040,Metroville,2021-11-07,Power
R014041,Metroville,2021-09-16,Occasional
R014042,Metroville,2022-12-04,Occasional
R014043,Metroville,2021-06-08,New
R014044,Metroville,2022-12-05,Power
R014045,Capital City,2021-10-27,Occasional
R014046,Metroville,2022-10-03,Regular
R014047,Capital City,2022-08-11,Regular
R014048,Metroville,2021-04-12,Occasional
R014049,Metroville,2022-02-26,Regular
R014050,Metroville,2022-04-28,Regular
R014051,Metroville,2021-05-17,Occasional
R014052,Metroville,2021-07-26,New
R014053,Metroville,2021-12-15,Occasional
R014054,Metroville,2022-08-24,Occasional
R014055,Metroville,2021-04-06,Regular
R014056,Capital City,2021-06-24,Regular
R014057,Capital City,2021-06-01,Power
R014058,Metroville,2022-03-07,Regular
R014059,Metroville,2022-11-08,Power
R014060,Capital City,2021-11-25,Occasional
R014061,Metroville,2022-08-26,Power
R014062,Capital City,2021-11-15,Regular
R014063,Metroville,2021-02-14,Occasional
R014064,Metroville,2022-12-26,Power
R014065,Metroville,2021-09-15,Occasional
R014066,Metroville,2021-07-20,Regular
R014067,Metroville,2021-09-17,Power
R014068,Metroville,2022-11-07,Regular
R014069,Capital City,2022-10-07,Regular
R014070,Metroville,2022-11-06,Regular
R014071,Metroville,2022-03-31,Occasional
R014072,Metroville,2021-03-07,Regular
R014073,Capital City,2022-09-14,Regular
R014074,Capital City,2022-01-25,Occasional
R014075,Metroville,2021-05-03,Power
R014076,Metroville,2022-09-24,Occasional
R014077,Metroville,2022-03-10,New
R014078,Metroville,2021-06-01,Regular
R014079,Metroville,2021-08-26,New
R014080,Metroville,2021-01-24,Regular
R014081,Metroville,2022-01-27,Power
R014082,Metroville,2022-10-31,Regular
R014083,Capital City,2022-08-30,Regular
R014084,Capital City,2021-05-13,Power
R014085,Capital City,2021-02-10,Regular
R014086,Metroville,2021-07-27,Regular
R014087,Capital City,2022-11-08,Power
R014088,Metroville,2021-01-13,Occasional
R014089,Capital City,2022-06-06,Regular
R014090,Metroville,2021-07-22,Regular
R014091,Metroville,2022-08-07,Power
R014092,Capital City,2021-06-05,Regular
R014093,Metroville,2021-08-12,Occasional
R014094,Capital City,2022-08-15,Occasional
R014095,Metroville,2022-05-18,Occasional
R014096,Metroville,2021-02-09,Occasional
R014097,Capital City,2021-03-17,Regular
R014098,Metroville,2022-07-27,Regular
R014099,Metroville,2022-02-27,Occasional
R014100,Metroville,2021-03-29,Power
R014101,Metroville,2022-02-17,Occasional
R014102,Metroville,2022-12-26,New
R014103,Metroville,2021-08-23,Power
R014104,Metroville,2021-04-03,Regular
R014105,Metroville,2021-01-27,Power
R014106,Metroville,2022-06-10,Regular
R014107,Metroville,2022-09-06,Regular
R014108,Metroville,2022-10-25,Occasional
R014109,Metroville,2023-01-01,Occasional
R014110,Metroville,2022-07-29,Occasional
R014111,Metroville,2021-04-23,Regular
R014112,Metroville,2022-08-31,Regular
R014113,Metroville,2021-07-18,Occasional
R014114,Metroville,2022-09-24,Occasional
R014115,Metroville,2022-04-23,Regular
R014116,Metroville,2022-06-06,Occasional
R014117,Metroville,2022-09-17,Regular
R014118,Capital City,2021-09-03,Regular
R014119,Capital City,2022-12-07,Regular
R014120,Capital City,2021-08-02,Regular
R014121,Capital City,2021-10-04,Regular
R014122,Metroville,2021-11-27,Regular
R014123,Capital City,2022-11-06,Power
R014124,Metroville,2022-08-30,Occasional
R014125,Metroville,2022-02-28,Regular
R014126,Metroville,2021-11-13,Power
R014127,Metroville,2021-08-24,Regular
R014128,Metroville,2022-06-27,Regular
R014129,Metroville,2022-05-06,Regular
R014130,Metroville,2021-06-21,Regular
R014131,Metroville,2022-04-10,Regular
R014132,Capital City,2021-04-14,Regular
R014133,Capital City,2021-02-03,Regular
R014134,Metroville,2021-10-09,Regular
R014135,Capital City,2021-02-27,Power
R014136,Metroville,2021-04-10,Regular
R014137,Capital City,2022-08-28,Regular
R014138,Capital City,2021-10-16,Regular
R014139,Capital City,2022-08-05,Occasional
R014140,Metroville,2021-03-21,Occasional
R014141,Metroville,2022-12-10,Regular
R014142,Metroville,2022-06-26,Occasional
R014143,Metroville,2022-08-09,Power
R014144,Capital City,2021-02-27,Regular
R014145,Capital City,2022-04-30,Regular
R014146,Metroville,2022-07-11,Regular
R014147,Capital City,2021-07-27,New
R014148,Metroville,2021-01-15,Regular
R014149,Metroville,2021-06-21,Regular
R014150,Metroville,2022-06-10,Regular
R014151,Capital City,2021-09-01,Power
R014152,Metroville,2021-08-28,Regular
R014153,Capital City,2022-03-11,Power
R014154,Metroville,2022-03-11,Regular
R014155,Capital City,2021-02-17,New
R014156,Metroville,2022-09-21,Occasional
R014157,Metroville,2021-05-09,Regular
R014158,Capital City,2021-08-15,Occasional
R014159,Capital City,2021-12-21,Occasional
R014160,Metroville,2021-02-17,Occasional
R014161,Capital City,2022-03-26,Power
R014162,Metroville,2021-11-27,Regular
R014163,Capital City,2021-12-02,Occasional
R014164,Capital City,2021-01-17,Regular
R014165,Metroville,2022-09-14,Regular
R014166,Capital City,2021-09-13,Power
R014167,Metroville,2021-11-01,Regular
R014168,Metroville,2021-10-23,Occasional
R014169,Metroville,2022-08-03,Occasional
R014170,Metroville,2022-12-04,Occasional
R014171,Metroville,2022-03-17,Occasional
R014172,Metroville,2021-09-20,Power
R014173,Capital City,2022-08-31,Regular
R014174,Metroville,2021-06-03,Power
R014175,Metroville,2021-11-29,Regular
R014176,Capital City,2022-12-21,Occasional
R014177,Metroville,2021-05-17,Regular
R014178,Capital City,2022-02-25,Regular
R014179,Metroville,2022-11-28,Regular
R014180,Metroville,2021-03-12,Power
R014181,Capital City,2021-03-06,Occasional
R014182,Capital City,2021-02-28,Regular
R014183,Metroville,2021-04-07,Occasional
R014184,Metroville,2021-10-03,Occasional
R014185,Metroville,2022-11-19,Occasional
R014186,Metroville,2022-01-03,Regular
R014187,Metroville,2022-08-12,Regular
R014188,Metroville,2021-09-09,Regular
R014189,Capital City,2021-09-19,Power
R014190,Metroville,2022-03-24,Power
R014191,Capital City,2022-12-23,Regular
R014192,Metroville,2022-07-23,Power
R014193,Capital City,2021-12-31,Regular
R014194,Capital City,2021-08-07,Regular
R014195,Metroville,2021-08-04,Regular
R014196,Metroville,2022-05-31,Regular
R014197,Capital City,2022-01-09,Regular
R014198,Metroville,2021-01-08,Regular
R014199,Metroville,2021-07-13,Power
R014200,Metroville,2021-11-28,Regular
R014201,Metroville,2021-07-25,Occasional
R014202,Metroville,2022-10-29,Regular
R014203,Metroville,2022-07-07,Regular
R014204,Capital City,2021-03-01,Regular
R014205,Metroville,2022-07-30,Power
R014206,Capital City,2022-01-06,Regular
R014207,Capital City,2021-03-01,Occasional
R014208,Metroville,2021-06-04,Occasional
R014209,Metroville,2022-01-19,Regular
R014210,Metroville,2021-09-18,Occasional
R014211,Capital City,2022-08-11,Regular
R014212,Metroville,2022-03-22,Occasional
R014213,Capital City,2021-02-26,New
R014214,Metroville,2022-02-25,Occasional
R014215,Metroville,2021-11-24,New
R014216,Metroville,2022-10-24,Regular
R014217,Metroville,2021-03-12,Power
R014218,Metroville,2021-08-24,Power
R014219,Metroville,2021-12-12,Occasional
R014220,Metroville,2021-09-05,Occasional
R014221,Capital City,2021-04-21,Power
R014222,Capital City,2021-02-26,Occasional
R014223,Capital City,2022-07-01,Regular
R014224,Capital City,2021-05-22,Power
R014225,Metroville,2021-01-06,New
R014226,Metroville,2021-07-31,Regular
R014227,Metroville,2021-02-26,Regular
R014228,Metroville,2021-07-12,Power
R014229,Metroville,2022-04-11,Regular
R014230,Capital City,2022-08-22,Regular
R014231,Metroville,2021-01-17,Occasional
R014232,Metroville,2022-02-04,Regular
R014233,Capital City,2021-05-09,Regular
R014234,Metroville,2021-05-17,Power
R014235,Capital City,2022-01-10,Regular
R014236,Metroville,2021-05-13,New
R014237,Capital City,2021-04-09,New
R014238,Metroville,2021-11-14,Regular
R014239,Metroville,2022-10-24,Occasional
R014240,Capital City,2022-11-16,Regular
R014241,Metroville,2022-12-02,Power
R014242,Metroville,2022-07-23,Regular
R014243,Capital City,2022-05-09,Occasional
R014244,Metroville,2022-09-25,Occasional
R014245,Metroville,2021-02-19,Occasional
R014246,Capital City,2022-09-15,Regular
R014247,Capital City,2021-08-08,Regular
R014248,Metroville,2021-02-05,New
R014249,Metroville,2021-09-01,Occasional
R014250,Metroville,2022-02-04,Regular
R014251,Metroville,2022-05-09,Occasional
R014252,Metroville,2022-05-04,Power
R014253,Metroville,2022-09-16,Regular
R014254,Metroville,2022-07-07,Regular
R014255,Metroville,2021-12-04,New
R014256,Metroville,2021-10-28,Regular
R014257,Capital City,2022-10-28,Regular
R014258,Metroville,2022-10-30,Regular
R014259,Metroville,2021-04-15,Occasional
R014260,Metroville,2022-04-20,Occasional
R014261,Capital City,2022-09-06,New
R014262,Capital City,2022-11-24,Regular
R014263,Metroville,2022-10-19,Occasional
R014264,Metroville,2021-10-06,Regular
R014265,Metroville,2021-12-14,Regular
R014266,Capital City,2021-04-20,Regular
R014267,Capital City,2021-03-26,New
R014268,Metroville,2022-12-02,Occasional
R014269,Metroville,2022-07-07,Occasional
R014270,Metroville,2022-02-07,Occasional
R014271,Metroville,2022-09-13,Regular
R014272,Capital City,2021-01-16,Regular
R014273,Metroville,2021-09-28,Regular
R014274,Capital City,2021-12-11,Occasional
R014275,Capital City,2022-08-18,Power
R014276,Capital City,2021-03-20,Occasional
R014277,Metroville,2021-05-24,Regular
R014278,Metroville,2021-06-11,Regular
R014279,Metroville,2022-06-11,Occasional
R014280,Capital City,2022-06-15,Regular
R014281,Metroville,2022-04-18,New
R014282,Metroville,2021-08-17,Occasional
R014283,Metroville,2021-10-10,Power
R014284,Capital City,2021-02-05,Occasional
R014285,Capital City,2022-03-15,Regular
R014286,Metroville,2022-05-16,New
R014287,Capital City,2022-06-09,Occasional
R014288,Metroville,2022-07-20,Power
R014289,Metroville,2021-10-14,Power
R014290,Capital City,2021-07-09,Regular
R014291,Metroville,2022-06-19,Regular
R014292,Capital City,2022-10-05,Power
R014293,Metroville,2021-05-15,Occasional
R014294,Capital City,2022-12-08,Occasional
R014295,Capital City,2021-03-28,Regular
R014296,Capital City,2021-02-16,New
R014297,Metroville,2022-09-25,Power
R014298,Metroville,2022-06-07,Regular
R014299,Metroville,2022-11-28,Occasional
R014300,Capital City,2022-08-11,Power
R014301,Capital City,2022-12-27,Regular
R014302,Metroville,2021-12-29,Regular
R014303,Capital City,2021-11-10,Power
R014304,Metroville,2021-05-30,New
R014305,Metroville,2021-06-21,Regular
R014306,Metroville,2022-10-20,Power
R014307,Metroville,2022-01-18,Power
R014308,Metroville,2022-06-26,Regular
R014309,Metroville,2021-02-02,Power
R014310,Metroville,2021-03-15,New
R014311,Metroville,2021-07-10,Occasional
R014312,Capital City,2021-08-11,Occasional
R014313,Capital City,2022-06-21,Regular
R014314,Capital City,2022-06-03,New
R014315,Capital City,2021-05-27,Regular
R014316,Capital City,2021-09-03,Occasional
R014317,Metroville,2021-08-07,Regular
R014318,Metroville,2022-01-06,Power
R014319,Capital City,2022-01-01,Regular
R014320,Capital City,2021-04-08,Regular
R014321,Capital City,2021-06-08,Power
R014322,Capital City,2022-08-13,Regular
R014323,Capital City,2022-10-25,Occasional
R014324,Capital City,2021-10-09,Occasional
R014325,Capital City,2021-10-21,Regular
R014326,Metroville,2021-04-01,Occasional
R014327,Capital City,2021-12-12,Occasional
R014328,Capital City,2022-10-21,New
R014329,Metroville,2021-05-29,Power
R014330,Metroville,2022-10-13,Occasional
R014331,Capital City,2022-08-24,Regular
R014332,Capital City,2021-07-21,New
R014333,Metroville,2022-03-02,Regular
R014334,Metroville,2022-09-20,Power
R014335,Metroville,2022-09-03,Occasional
R014336,Metroville,2021-08-09,Regular
R014337,Capital City,2022-05-10,Regular
R014338,Capital City,2022-11-10,Occasional
R014339,Metroville,2021-04-26,Regular
R014340,Capital City,2021-06-27,Regular
R014341,Metroville,2022-01-28,Regular
R014342,Metroville,2022-12-09,Occasional
R014343,Capital City,2022-05-17,Regular
R014344,Metroville,2022-03-11,New
R014345,Metroville,2022-04-19,Regular
R014346,Metroville,2021-11-28,Regular
R014347,Metroville,2021-01-11,Regular
R014348,Metroville,2021-12-31,Regular
R014349,Capital City,2022-10-24,Power
R014350,Capital City,2022-07-24,Power
R014351,Metroville,2022-03-13,Regular
R014352,Capital City,2022-10-17,Regular
R014353,Metroville,2021-07-03,Occasional
R014354,Metroville,2021-05-22,Power
R014355,Capital City,2022-04-29,New
R014356,Capital City,2021-07-20,Regular
R014357,Capital City,2021-04-16,Regular
R014358,Capital City,2021-08-07,Regular
R014359,Capital City,2022-02-16,Power
R014360,Metroville,2021-11-19,Regular
R014361,Metroville,2021-04-08,Occasional
R014362,Metroville,2022-11-04,Power
R014363,Metroville,2021-06-21,Occasional
R014364,Capital City,2021-01-17,Regular
R014365,Metroville,2022-09-10,New
R014366,Capital City,2021-05-15,Regular
R014367,Metroville,2021-09-06,Regular
R014368,Metroville,2022-04-07,Regular
R014369,Capital City,2021-03-04,Power
R014370,Metroville,2022-12-02,Occasional
R014371,Metroville,2022-11-29,Occasional
R014372,Capital City,2022-01-20,Power
R014373,Metroville,2021-10-27,Regular
R014374,Capital City,2022-04-09,Regular
R014375,Metroville,2022-06-10,Regular
R014376,Metroville,2022-01-24,Regular
R014377,Capital City,2022-11-02,Occasional
R014378,Metroville,2022-08-12,Occasional
R014379,Metroville,2022-06-06,Occasional
R014380,Metroville,2021-06-20,Occasional
R014381,Capital City,2022-01-29,Regular
R014382,Capital City,2021-02-21,New
R014383,Metroville,2022-10-30,Regular
R014384,Metroville,2022-05-05,Regular
R014385,Metroville,2021-08-14,Regular
R014386,Capital City,2022-10-19,Regular
R014387,Metroville,2021-06-03,Regular
R014388,Metroville,2021-04-17,Power
R014389,Capital City,2021-01-12,Regular
R014390,Capital City,2022-11-26,Power
R014391,Capital City,2022-01-12,Power
R014392,Capital City,2022-10-21,Occasional
R014393,Metroville,2021-11-01,Regular
R014394,Metroville,2021-04-29,Power
R014395,Metroville,2021-04-14,Power
R014396,Metroville,2022-10-11,Occasional
R014397,Capital City,2021-06-16,Occasional
R014398,Capital City,2021-08-29,Regular
R014399,Metroville,2022-08-22,Power
R014400,Metroville,2022-03-30,Occasional
R014401,Metroville,2022-11-20,Regular
R014402,Capital City,2022-09-17,New
R014403,Capital City,2022-11-26,Regular
R014404,Metroville,2021-08-11,Power
R014405,Capital City,2021-07-31,Power
R014406,Capital City,2022-05-16,Regular
R014407,Metroville,2021-03-07,Power
R014408,Capital City,2022-01-08,New
R014409,Metroville,2021-10-17,Occasional
R014410,Metroville,2021-08-30,Occasional
R014411,Metroville,2022-02-25,Power
R014412,Metroville,2022-05-13,Occasional
R014413,Metroville,2022-12-11,Occasional
R014414,Metroville,2022-11-06,Power
R014415,Metroville,2022-12-06,Regular
R014416,Capital City,2022-06-15,Regular
R014417,Metroville,2021-07-03,Occasional
R014418,Capital City,2021-04-19,Regular
R014419,Metroville,2021-12-09,Power
R014420,Metroville,2021-02-02,Regular
R014421,Metroville,2021-01-31,Occasional
R014422,Metroville,2022-12-14,Power
R014423,Capital City,2021-06-15,Occasional
R014424,Capital City,2021-08-26,Regular
R014425,Metroville,2022-11-09,Occasional
R014426,Metroville,2021-12-01,Regular
R014427,Metroville,2021-12-11,Regular
R014428,Metroville,2021-01-19,New
R014429,Capital City,2022-08-26,Occasional
R014430,Metroville,2021-10-18,Regular
R014431,Metroville,2021-01-13,Regular
R014432,Metroville,2021-10-21,Regular
R014433,Metroville,2021-06-18,New
R014434,Metroville,2022-08-13,Power
R014435,Capital City,2022-09-05,Power
R014436,Capital City,2021-10-10,Occasional
R014437,Metroville,2022-09-03,Regular
R014438,Capital City,2021-04-11,Occasional
R014439,Metroville,2021-12-21,Occasional
R014440,Metroville,2022-01-06,Occasional
R014441,Metroville,2022-06-17,New
R014442,Capital City,2022-01-15,Power
R014443,Capital City,2021-10-11,Regular
R014444,Capital City,2022-11-03,Regular
R014445,Capital City,2022-05-03,Regular
R014446,Metroville,2022-05-09,New
R014447,Capital City,2022-09-29,Occasional
R014448,Capital City,2021-05-09,Occasional
R014449,Metroville,2022-12-22,Occasional
R014450,Metroville,2022-05-14,Occasional
R014451,Metroville,2021-11-05,Occasional
R014452,Metroville,2021-07-01,Regular
R014453,Metroville,2021-05-30,Occasional
R014454,Capital City,2022-11-16,Power
R014455,Capital City,2022-12-17,Occasional
R014456,Metroville,2022-04-21,Regular
R014457,Metroville,2022-11-04,Power
R014458,Metroville,2022-10-15,Occasional
R014459,Metroville,2022-11-04,Regular
R014460,Metroville,2022-08-25,Occasional
R014461,Metroville,2021-10-09,Occasional
R014462,Metroville,2022-07-01,New
R014463,Capital City,2022-03-18,New
R014464,Metroville,2022-11-18,Regular
R014465,Capital City,2022-02-14,Regular
R014466,Metroville,2022-01-08,Occasional
R014467,Capital City,2021-04-25,Regular
R014468,Capital City,2021-03-02,Occasional
R014469,Metroville,2022-04-26,Occasional
R014470,Metroville,2022-03-08,Regular
R014471,Metroville,2022-08-22,Regular
R014472,Capital City,2021-04-21,Occasional
R014473,Metroville,2021-11-20,Occasional
R014474,Metroville,2021-08-29,Regular
R014475,Metroville,2021-02-27,Power
R014476,Metroville,2022-08-29,Occasional
R014477,Metroville,2021-02-28,New
R014478,Metroville,2022-10-15,Regular
R014479,Capital City,2022-10-15,Regular
R014480,Metroville,2022-04-20,Regular
R014481,Capital City,2021-06-24,New
R014482,Capital City,2022-06-05,Power
R014483,Metroville,2021-08-13,Occasional
R014484,Capital City,2021-01-09,Power
R014485,Metroville,2022-01-01,Power
R014486,Metroville,2022-05-21,New
R014487,Capital City,2021-10-04,Power
R014488,Metroville,2021-01-01,Regular
R014489,Metroville,2022-02-26,Occasional
R014490,Capital City,2021-12-22,Power
R014491,Metroville,2021-06-16,Regular
R014492,Metroville,2022-03-08,Regular
R014493,Capital City,2021-03-03,Power
R014494,Capital City,2022-04-26,Occasional
R014495,Metroville,2021-07-11,Regular
R014496,Metroville,2022-04-03,Power
R014497,Metroville,2022-02-09,Regular
R014498,Capital City,2021-01-17,Occasional
R014499,Metroville,2021-06-26,Power
R014500,Metroville,2021-08-04,Power
R014501,Metroville,2022-09-17,Regular
R014502,Metroville,2022-11-07,Regular
R014503,Metroville,2022-01-12,Occasional
R014504,Metroville,2021-11-07,Occasional
R014505,Metroville,2021-01-09,Regular
R014506,Capital City,2021-04-05,Power
R014507,Metroville,2021-08-22,Occasional
R014508,Capital City,2022-03-21,Regular
R014509,Metroville,2022-10-13,Occasional
R014510,Metroville,2022-06-07,Regular
R014511,Capital City,2022-08-14,Regular
R014512,Metroville,2021-07-17,New
R014513,Capital City,2022-05-10,Regular
R014514,Capital City,2022-02-23,Occasional
R014515,Metroville,2021-06-14,Occasional
R014516,Capital City,2022-05-31,Regular
R014517,Metroville,2022-08-29,Occasional
R014518,Metroville,2021-12-16,Occasional
R014519,Metroville,2022-08-09,Regular
R014520,Metroville,2022-11-26,Occasional
R014521,Capital City,2022-05-06,Occasional
R014522,Metroville,2021-01-16,Power
R014523,Metroville,2021-10-08,Regular
R014524,Metroville,2021-03-07,Regular
R014525,Capital City,2021-09-24,Regular
R014526,Metroville,2022-09-07,Regular
R014527,Capital City,2022-12-11,Power
R014528,Capital City,2021-08-09,Regular
R014529,Metroville,2022-11-28,Regular
R014530,Metroville,2022-03-31,Power
R014531,Metroville,2022-03-23,Regular
R014532,Metroville,2021-05-09,Regular
R014533,Metroville,2021-12-04,Occasional
R014534,Metroville,2022-02-28,Power
R014535,Metroville,2022-10-07,Power
R014536,Capital City,2022-11-01,Occasional
R014537,Metroville,2022-03-22,Regular
R014538,Capital City,2021-04-17,Regular
R014539,Metroville,2021-12-04,Occasional
R014540,Capital City,2021-08-12,Power
R014541,Metroville,2022-12-13,Occasional
R014542,Capital City,2021-12-06,Regular
R014543,Metroville,2021-12-04,Regular
R014544,Capital City,2021-10-04,Regular
R014545,Metroville,2022-11-17,Occasional
R014546,Capital City,2022-05-17,Power
R014547,Metroville,2022-06-05,Power
R014548,Metroville,2021-12-09,Regular
R014549,Capital City,2022-06-27,Occasional
R014550,Metroville,2021-02-25,Occasional
R014551,Capital City,2021-10-17,Power
R014552,Capital City,2021-07-05,Occasional
R014553,Capital City,2022-11-09,Occasional
R014554,Capital City,2021-02-24,New
R014555,Metroville,2022-02-23,Regular
R014556,Metroville,2022-11-30,Occasional
R014557,Metroville,2021-06-26,Regular
R014558,Metroville,2022-01-10,Regular
R014559,Capital City,2022-12-06,Regular
R014560,Metroville,2021-04-18,Occasional
R014561,Capital City,2022-01-22,Regular
R014562,Metroville,2022-04-08,Power
R014563,Metroville,2021-05-06,Power
R014564,Metroville,2022-05-25,Regular
R014565,Metroville,2022-12-04,Regular
R014566,Capital City,2022-01-17,Power
R014567,Capital City,2021-04-05,Power
R014568,Capital City,2021-10-14,Occasional
R014569,Capital City,2021-10-21,Regular
R014570,Metroville,2022-11-04,Occasional
R014571,Capital City,2022-09-12,Occasional
R014572,Capital City,2021-06-14,Occasional
R014573,Capital City,2021-11-30,Power
R014574,Metroville,2021-02-06,Power
R014575,Metroville,2022-03-13,Occasional
R014576,Capital City,2021-07-03,Occasional
R014577,Metroville,2021-09-14,Occasional
R014578,Metroville,2021-10-24,Occasional
R014579,Metroville,2021-05-25,Power
R014580,Metroville,2021-05-30,Occasional
R014581,Capital City,2021-07-19,Power
R014582,Capital City,2022-04-10,Occasional
R014583,Metroville,2022-07-19,Regular
R014584,Metroville,2021-12-07,New
R014585,Metroville,2021-09-10,Occasional
R014586,Metroville,2022-05-03,Occasional
R014587,Metroville,2022-08-19,Power
R014588,Metroville,2022-12-17,Regular
R014589,Metroville,2022-03-20,Regular
R014590,Capital City,2021-02-02,Regular
R014591,Metroville,2022-03-27,Power
R014592,Metroville,2022-10-06,Regular
R014593,Metroville,2022-04-21,Regular
R014594,Metroville,2021-06-25,Occasional
R014595,Capital City,2022-03-05,Regular
R014596,Capital City,2022-01-21,Occasional
R014597,Metroville,2021-05-27,Power
R014598,Metroville,2021-11-23,Regular
R014599,Capital City,2022-11-23,Regular
R014600,Metroville,2021-04-11,New
R014601,Capital City,2022-03-27,Power
R014602,Metroville,2021-12-27,Regular
R014603,Metroville,2022-04-01,Occasional
R014604,Metroville,2021-02-25,Occasional
R014605,Metroville,2022-04-20,Regular
R014606,Metroville,2021-03-04,Power
R014607,Capital City,2021-04-19,Power
R014608,Metroville,2022-12-20,Regular
R014609,Metroville,2022-08-27,Occasional
R014610,Metroville,2022-02-21,Regular
R014611,Metroville,2021-05-29,Occasional
R014612,Metroville,2021-02-24,Regular
R014613,Metroville,2022-02-07,Regular
R014614,Metroville,2022-04-06,New
R014615,Metroville,2022-07-02,New
R014616,Metroville,2021-10-04,Occasional
R014617,Metroville,2021-09-15,Power
R014618,Metroville,2022-12-15,Regular
R014619,Metroville,2021-10-08,Regular
R014620,Metroville,2022-12-23,Regular
R014621,Metroville,2021-09-11,Regular
R014622,Capital City,2022-11-25,Occasional
R014623,Metroville,2021-12-30,Power
R014624,Capital City,2021-08-28,Regular
R014625,Metroville,2021-03-19,Occasional
R014626,Metroville,2021-06-11,Power
R014627,Metroville,2022-05-23,Regular
R014628,Capital City,2021-11-09,Power
R014629,Metroville,2022-11-03,New
R014630,Metroville,2021-05-18,New
R014631,Capital City,2022-10-12,Regular
R014632,Metroville,2022-03-24,Regular
R014633,Metroville,2021-04-17,Regular
R014634,Capital City,2021-06-16,Regular
R014635,Metroville,2022-02-14,New
R014636,Metroville,2022-10-28,Occasional
R014637,Metroville,2021-10-07,Occasional
R014638,Metroville,2022-07-01,New
R014639,Metroville,2022-04-12,Occasional
R014640,Capital City,2022-03-25,Occasional
R014641,Metroville,2022-04-11,Regular
R014642,Capital City,2021-08-13,Regular
R014643,Metroville,2022-08-24,Occasional
R014644,Capital City,2022-05-14,Regular
R014645,Capital City,2021-03-27,Occasional
R014646,Metroville,2022-07-07,Occasional
R014647,Capital City,2022-08-04,Power
R014648,Metroville,2021-04-09,Occasional
R014649,Metroville,2021-03-01,Regular
R014650,Capital City,2022-11-12,Regular
R014651,Metroville,2022-05-08,Regular
R014652,Metroville,2022-09-06,Occasional
R014653,Metroville,2021-03-02,Occasional
R014654,Metroville,2022-11-23,Occasional
R014655,Capital City,2022-06-27,Regular
R014656,Metroville,2021-01-31,Occasional
R014657,Metroville,2021-08-01,Regular
R014658,Capital City,2021-10-08,Regular
R014659,Metroville,2021-05-18,Occasional
R014660,Metroville,2022-02-11,Occasional
R014661,Capital City,2022-11-20,New
R014662,Metroville,2021-06-14,Power
R014663,Capital City,2022-05-13,Regular
R014664,Metroville,2022-10-31,Occasional
R014665,Capital City,2022-04-11,Occasional
R014666,Capital City,2022-04-13,Regular
R014667,Metroville,2022-12-16,Regular
R014668,Capital City,2021-02-06,Regular
R014669,Metroville,2022-01-05,Regular
R014670,Capital City,2021-06-27,New
R014671,Metroville,2022-11-17,Power
R014672,Metroville,2021-04-27,Regular
R014673,Metroville,2022-05-06,Regular
R014674,Metroville,2022-01-08,Occasional
R014675,Capital City,2022-09-12,Occasional
R014676,Capital City,2022-10-14,New
R014677,Metroville,2021-07-31,Occasional
R014678,Metroville,2021-10-04,Power
R014679,Metroville,2022-09-08,Regular
R014680,Capital City,2021-07-27,New
R014681,Metroville,2022-10-14,Occasional
R014682,Metroville,2022-05-04,Power
R014683,Metroville,2022-06-07,Regular
R014684,Metroville,2022-02-02,Occasional
R014685,Metroville,2021-05-27,New
R014686,Capital City,2021-12-17,Regular
R014687,Capital City,2021-02-03,Regular
R014688,Metroville,2021-11-02,Regular
R014689,Metroville,2022-10-20,Occasional
R014690,Metroville,2021-03-15,Power
R014691,Capital City,2021-10-22,New
R014692,Capital City,2022-03-18,Power
R014693,Metroville,2022-08-08,Occasional
R014694,Metroville,2022-12-07,New
R014695,Metroville,2022-02-01,Power
R014696,Metroville,2021-04-20,Regular
R014697,Metroville,2021-12-29,Power
R014698,Metroville,2022-01-23,Occasional
R014699,Metroville,2021-11-10,Regular
R014700,Metroville,2021-03-05,Occasional
R014701,Metroville,2021-12-14,Occasional
R014702,Capital City,2021-09-07,Power
R014703,Metroville,2022-03-06,Occasional
R014704,Metroville,2021-04-05,Power
R014705,Metroville,2022-12-01,Occasional
R014706,Metroville,2022-07-21,Regular
R014707,Metroville,2021-12-20,New
R014708,Metroville,2022-11-17,Occasional
R014709,Metroville,2022-03-10,Power
R014710,Metroville,2022-08-01,Regular
R014711,Capital City,2021-05-06,Power
R014712,Metroville,2022-12-06,Occasional
R014713,Metroville,2022-09-15,Power
R014714,Metroville,2021-04-18,Occasional
R014715,Metroville,2022-05-30,Regular
R014716,Metroville,2022-02-15,Power
R014717,Metroville,2021-07-27,Power
R014718,Metroville,2021-07-30,Power
R014719,Capital City,2021-05-16,Regular
R014720,Metroville,2021-01-02,Regular
R014721,Metroville,2022-01-14,Occasional
R014722,Metroville,2022-05-26,Occasional
R014723,Capital City,2021-12-10,Regular
R014724,Capital City,2021-05-15,Power
R014725,Metroville,2022-11-29,Regular
R014726,Metroville,2021-02-28,Occasional
R014727,Metroville,2022-08-01,Regular
R014728,Capital City,2021-12-07,Occasional
R014729,Metroville,2021-03-08,Power
R014730,Capital City,2022-10-13,Regular
R014731,Capital City,2022-10-14,Regular
R014732,Metroville,2022-05-17,Regular
R014733,Metroville,2021-06-02,Regular
R014734,Metroville,2021-08-04,Occasional
R014735,Capital City,2021-05-23,Regular
R014736,Metroville,2021-03-27,New
R014737,Metroville,2021-06-19,Regular
R014738,Metroville,2021-10-30,Power
R014739,Capital City,2021-06-29,New
R014740,Metroville,2022-08-30,New
R014741,Metroville,2021-07-10,Regular
R014742,Metroville,2022-11-10,Occasional
R014743,Metroville,2021-04-20,Regular
R014744,Capital City,2021-09-05,Power
R014745,Capital City,2021-02-25,Occasional
R014746,Capital City,2021-07-13,New
R014747,Metroville,2021-07-18,Regular
R014748,Metroville,2021-10-07,Occasional
R014749,Metroville,2022-02-11,Regular
R014750,Metroville,2022-04-01,Regular
R014751,Capital City,2022-06-16,Regular
R014752,Metroville,2021-05-22,New
R014753,Metroville,2022-03-07,Regular
R014754,Metroville,2022-04-27,Power
R014755,Capital City,2022-01-30,Occasional
R014756,Capital City,2022-04-28,Regular
R014757,Capital City,2021-12-27,Power
R014758,Metroville,2022-05-10,New
R014759,Metroville,2021-09-22,Regular
R014760,Capital City,2022-02-13,Occasional
R014761,Metroville,2022-09-05,Occasional
R014762,Capital City,2021-01-22,New
R014763,Metroville,2022-04-30,Occasional
R014764,Capital City,2021-10-03,Occasional
R014765,Capital City,2021-11-08,Power
R014766,Capital City,2021-12-27,Regular
R014767,Metroville,2022-10-12,Occasional
R014768,Metroville,2022-01-06,New
R014769,Capital City,2021-06-07,Regular
R014770,Capital City,2021-08-02,Occasional
R014771,Metroville,2022-10-15,Occasional
R014772,Capital City,2021-12-27,Regular
R014773,Metroville,2021-03-03,Regular
R014774,Metroville,2021-08-24,Occasional
R014775,Metroville,2021-04-22,Power
R014776,Metroville,2022-05-11,Occasional
R014777,Metroville,2021-09-29,Power
R014778,Metroville,2021-10-30,Power
R014779,Capital City,2022-05-11,New
R014780,Capital City,2021-05-28,Regular
R014781,Capital City,2022-08-26,Regular
R014782,Capital City,2021-06-30,Power
R014783,Capital City,2022-04-26,Regular
R014784,Metroville,2021-11-10,Regular
R014785,Metroville,2021-02-10,Regular
R014786,Metroville,2021-05-13,Power
R014787,Metroville,2021-02-19,Occasional
R014788,Metroville,2022-08-13,Occasional
R014789,Capital City,2021-04-21,Occasional
R014790,Metroville,2022-04-10,Occasional
R014791,Capital City,2022-03-14,Regular
R014792,Metroville,2022-01-17,Regular
R014793,Metroville,2022-02-14,Power
R014794,Metroville,2022-09-03,Regular
R014795,Metroville,2022-10-10,Power
R014796,Metroville,2021-11-09,Power
R014797,Metroville,2021-10-27,Power
R014798,Capital City,2021-08-02,Regular
R014799,Metroville,2022-08-03,Regular
R014800,Capital City,2021-05-22,Regular
R014801,Metroville,2021-08-13,Regular
R014802,Metroville,2021-03-25,Regular
R014803,Capital City,2022-06-13,Power
R014804,Metroville,2022-07-01,Occasional
R014805,Capital City,2021-09-24,New
R014806,Metroville,2022-12-17,Occasional
R014807,Capital City,2022-07-15,New
R014808,Metroville,2022-08-31,Regular
R014809,Metroville,2021-10-30,Occasional
R014810,Metroville,2022-04-07,Occasional
R014811,Metroville,2021-06-13,Power
R014812,Metroville,2021-01-03,Occasional
R014813,Metroville,2021-09-07,Regular
R014814,Metroville,2022-09-20,Power
R014815,Metroville,2022-08-25,Power
R014816,Capital City,2022-11-28,Occasional
R014817,Capital City,2021-10-17,Occasional
R014818,Metroville,2022-12-08,Power
R014819,Metroville,2021-01-25,Regular
R014820,Metroville,2022-07-15,Occasional
R014821,Metroville,2022-10-19,Power
R014822,Metroville,2022-08-19,Power
R014823,Metroville,2021-07-23,Regular
R014824,Metroville,2021-07-08,Regular
R014825,Metroville,2021-11-30,Power
R014826,Metroville,2021-10-26,Occasional
R014827,Metroville,2022-01-04,Regular
R014828,Metroville,2022-08-24,Regular
R014829,Capital City,2021-11-16,New
R014830,Metroville,2021-01-18,Occasional
R014831,Metroville,2021-06-10,New
R014832,Capital City,2022-04-29,Power
R014833,Metroville,2021-01-02,Regular
R014834,Metroville,2022-03-07,Power
R014835,Capital City,2022-09-02,Regular
R014836,Capital City,2022-01-22,Power
R014837,Metroville,2022-01-22,Power
R014838,Metroville,2021-05-06,Regular
R014839,Metroville,2021-04-18,Occasional
R014840,Capital City,2021-04-10,Occasional
R014841,Metroville,2022-09-13,Regular
R014842,Metroville,2022-11-16,Occasional
R014843,Metroville,2022-10-18,Regular
R014844,Capital City,2022-01-03,Power
R014845,Metroville,2021-09-29,New
R014846,Capital City,2021-11-09,Occasional
R014847,Capital City,2021-03-27,New
R014848,Metroville,2021-09-28,Occasional
R014849,Capital City,2021-10-12,Regular
R014850,Capital City,2022-03-11,Occasional
R014851,Metroville,2021-08-31,Occasional
R014852,Metroville,2021-01-15,Power
R014853,Metroville,2022-08-17,Power
R014854,Metroville,2022-06-28,Occasional
R014855,Capital City,2021-05-08,Regular
R014856,Capital City,2021-07-29,Regular
R014857,Capital City,2022-10-08,Occasional
R014858,Capital City,2022-07-30,Power
R014859,Metroville,2022-12-25,Regular
R014860,Capital City,2021-05-04,Occasional
R014861,Metroville,2021-05-04,Regular
R014862,Metroville,2021-12-19,Regular
R014863,Capital City,2021-02-10,Power
R014864,Capital City,2021-03-08,Regular
R014865,Metroville,2021-09-24,Occasional
R014866,Capital City,2021-12-09,Regular
R014867,Metroville,2022-02-07,Regular
R014868,Capital City,2021-10-09,Occasional
R014869,Metroville,2022-07-05,Occasional
R014870,Capital City,2021-07-30,Occasional
R014871,Capital City,2021-05-09,Power
R014872,Capital City,2022-03-21,Occasional
R014873,Capital City,2022-09-24,Power
R014874,Metroville,2022-05-09,Regular
R014875,Capital City,2022-03-03,Regular
R014876,Capital City,2021-08-14,Regular
R014877,Capital City,2022-01-17,Occasional
R014878,Capital City,2022-11-13,Regular
R014879,Capital City,2021-06-03,Regular
R014880,Metroville,2021-07-20,Regular
R014881,Capital City,2021-07-13,Occasional
R014882,Capital City,2021-05-18,Occasional
R014883,Capital City,2021-07-30,Occasional
R014884,Metroville,2021-10-22,New
R014885,Capital City,2022-03-15,Regular
R014886,Metroville,2022-02-05,Regular
R014887,Metroville,2021-12-04,Occasional
R014888,Capital City,2022-02-09,Power
R014889,Metroville,2022-07-03,New
R014890,Metroville,2022-08-08,Regular
R014891,Capital City,2022-11-20,Power
R014892,Metroville,2022-05-31,Occasional
R014893,Metroville,2021-10-18,Regular
R014894,Capital City,2021-07-19,Power
R014895,Capital City,2022-03-23,Occasional
R014896,Capital City,2021-05-23,Regular
R014897,Capital City,2021-04-11,Occasional
R014898,Capital City,2022-02-14,New
R014899,Capital City,2022-09-22,Regular
R014900,Capital City,2022-01-11,New
R014901,Capital City,2022-03-16,Occasional
R014902,Metroville,2022-07-16,Regular
R014903,Metroville,2022-09-02,Power
R014904,Capital City,2022-03-13,Regular
R014905,Capital City,2022-03-27,Regular
R014906,Metroville,2021-08-21,Regular
R014907,Capital City,2021-10-09,New
R014908,Metroville,2022-05-17,Occasional
R014909,Metroville,2022-07-12,Regular
R014910,Metroville,2022-03-12,Regular
R014911,Capital City,2022-04-11,Occasional
R014912,Metroville,2021-04-21,Regular
R014913,Metroville,2022-09-15,Regular
R014914,Metroville,2022-05-09,Regular
R014915,Capital City,2021-02-18,Occasional
R014916,Metroville,2022-03-22,Power
R014917,Metroville,2022-08-10,Regular
R014918,Metroville,2022-09-25,Regular
R014919,Metroville,2022-06-04,Regular
R014920,Capital City,2021-06-15,New
R014921,Capital City,2021-07-30,Occasional
R014922,Metroville,2022-07-13,Regular
R014923,Metroville,2022-12-04,Regular
R014924,Metroville,2021-04-29,Regular
R014925,Metroville,2022-11-22,Regular
R014926,Metroville,2021-06-28,Regular
R014927,Metroville,2021-06-30,Regular
R014928,Metroville,2022-06-16,Regular
R014929,Metroville,2022-12-26,Regular
R014930,Capital City,2021-08-19,Regular
R014931,Metroville,2022-12-06,Regular
R014932,Metroville,2021-12-19,Regular
R014933,Capital City,2022-06-07,Power
R014934,Metroville,2022-03-19,Occasional
R014935,Metroville,2021-05-27,Regular
R014936,Capital City,2021-10-22,Regular
R014937,Metroville,2021-10-03,Occasional
R014938,Metroville,2021-07-17,Power
R014939,Capital City,2022-08-25,New
R014940,Metroville,2021-09-24,Regular
R014941,Capital City,2022-03-05,Power
R014942,Metroville,2022-09-11,Power
R014943,Metroville,2021-01-08,Regular
R014944,Metroville,2022-09-01,Occasional
R014945,Capital City,2021-10-03,Regular
R014946,Capital City,2021-10-16,Occasional
R014947,Metroville,2021-08-14,New
R014948,Metroville,2022-04-07,New
R014949,Metroville,2022-10-05,Regular
R014950,Metroville,2022-08-14,Power
R014951,Metroville,2022-03-22,Occasional
R014952,Capital City,2021-02-16,Regular
R014953,Capital City,2022-09-04,Occasional
R014954,Metroville,2022-01-04,Regular
R014955,Metroville,2022-10-13,Regular
R014956,Metroville,2022-05-19,Regular
R014957,Capital City,2022-10-17,Occasional
R014958,Capital City,2022-02-01,Regular
R014959,Capital City,2022-07-25,Regular
R014960,Metroville,2021-07-31,Regular
R014961,Metroville,2022-01-23,Regular
R014962,Capital City,2022-03-25,Power
R014963,Capital City,2021-09-24,Regular
R014964,Metroville,2021-03-27,Power
R014965,Metroville,2021-07-25,Power
R014966,Metroville,2021-02-12,Power
R014967,Capital City,2022-10-18,Occasional
R014968,Metroville,2021-01-08,Occasional
R014969,Capital City,2021-01-27,Power
R014970,Metroville,2022-02-13,Regular
R014971,Capital City,2022-11-23,Occasional
R014972,Capital City,2021-10-15,Power
R014973,Capital City,2022-09-21,Regular
R014974,Metroville,2021-01-09,Regular
R014975,Capital City,2021-07-17,Occasional
R014976,Metroville,2022-02-10,Regular
R014977,Metroville,2022-06-21,Power
R014978,Capital City,2021-06-09,Occasional
R014979,Metroville,2021-02-24,Power
R014980,Metroville,2021-03-31,Occasional
R014981,Metroville,2022-11-26,Regular
R014982,Metroville,2021-03-23,Occasional
R014983,Capital City,2021-03-30,Regular
R014984,Metroville,2022-12-24,Power
R014985,Metroville,2022-04-25,Regular
R014986,Metroville,2022-08-14,Power
R014987,Metroville,2021-05-11,Power
R014988,Metroville,2021-12-12,Regular
R014989,Metroville,2022-05-21,Occasional
R014990,Metroville,2021-02-11,Occasional
R014991,Metroville,2022-06-15,Regular
R014992,Capital City,2022-04-05,New
R014993,Metroville,2021-09-07,Occasional
R014994,Capital City,2022-07-30,Regular
R014995,Metroville,2021-08-23,Regular
R014996,Metroville,2022-06-24,New
R014997,Metroville,2021-08-11,Regular
R014998,Metroville,2022-03-18,Power
R014999,Capital City,2022-08-20,Regular
R015000,Metroville,2022-06-12,Regular
